timestamp,rms_x,h1x_x,h2x_x,b3x5_x,kurt_x,thd_x,rms_y,h1x_y,h2x_y,b3x5_y,kurt_y,thd_y,rms_z,h1x_z,h2x_z,b3x5_z,kurt_z,thd_z,estado_limiares
2026-09-16T22:08:38.299Z,0.0205,0.0057,0.0004,0.0032,0.7190,0.1586,0.0321,0.0034,0.0056,0.0038,0.3768,1.8649,0.0241,0.0054,0.0019,0.0021,0.6262,0.4603,VERMELHO
2026-09-16T22:08:38.908Z,0.0242,0.0017,0.0035,0.0031,0.9083,2.5588,0.0428,0.0065,0.0079,0.0049,-0.4392,1.5060,0.0302,0.0047,0.0018,0.0026,0.2925,0.4783,VERMELHO
2026-09-16T22:08:39.903Z,0.0167,0.0042,0.0019,0.0022,0.0377,0.7256,0.0268,0.0016,0.0026,0.0017,-0.0393,1.6649,0.0223,0.0059,0.0037,0.0031,-0.5881,0.8606,AMARELO
2026-09-16T22:08:41.018Z,0.0570,0.0072,0.0023,0.0131,5.4666,1.7854,0.0319,0.0039,0.0052,0.0065,1.3612,2.2118,0.0398,0.0081,0.0047,0.0120,1.3016,1.8578,VERMELHO
2026-09-16T22:08:42.023Z,0.0241,0.0026,0.0022,0.0023,1.1465,1.0336,0.0166,0.0034,0.0018,0.0031,0.0990,0.6866,0.0301,0.0096,0.0071,0.0067,3.1850,0.8503,VERMELHO
2026-09-16T22:08:45.453Z,0.1167,0.0118,0.0211,0.0288,19.4235,2.7612,0.1293,0.0020,0.0143,0.0286,16.9171,15.9985,0.4617,0.0875,0.1233,0.0876,62.7897,1.8462,VERMELHO
2026-09-16T22:08:45.874Z,0.0206,0.0022,0.0004,0.0010,0.1421,0.5444,0.0130,0.0025,0.0014,0.0016,5.5567,0.6649,0.0172,0.0017,0.0005,0.0020,1.4915,1.4450,VERMELHO
2026-09-16T22:08:45.874Z,0.0266,0.0013,0.0019,0.0074,1.5724,5.2034,0.0115,0.0032,0.0005,0.0023,11.9824,0.7013,0.0145,0.0046,0.0017,0.0017,5.2202,0.5158,VERMELHO
2026-09-16T22:08:46.263Z,0.0285,0.0051,0.0039,0.0030,0.1591,0.9417,0.0312,0.0017,0.0021,0.0018,-0.6194,1.5433,0.0165,0.0033,0.0011,0.0022,2.9699,0.5641,VERMELHO
2026-09-16T22:08:47.024Z,0.0737,0.0139,0.0043,0.0044,12.6994,0.3562,0.0344,0.0028,0.0029,0.0037,1.9447,1.2277,0.0334,0.0042,0.0013,0.0026,-0.7855,0.6294,VERMELHO
2026-09-16T22:08:48.023Z,0.0501,0.0066,0.0101,0.0080,3.6754,1.8274,0.0362,0.0031,0.0052,0.0068,2.0935,2.2895,0.0334,0.0060,0.0038,0.0066,1.2028,0.8582,VERMELHO
2026-09-16T22:08:49.024Z,0.0501,0.0053,0.0060,0.0048,2.6092,1.3767,0.0340,0.0045,0.0028,0.0032,3.0997,1.0876,0.0302,0.0014,0.0005,0.0013,0.2229,0.6597,VERMELHO
2026-09-16T22:08:50.029Z,0.0492,0.0052,0.0106,0.0132,3.1959,3.4111,0.0449,0.0036,0.0030,0.0069,-0.2647,1.1444,0.0376,0.0016,0.0023,0.0062,0.1117,2.5813,VERMELHO
2026-09-16T22:08:51.019Z,0.0342,0.0040,0.0033,0.0092,1.9228,2.1348,0.0261,0.0025,0.0021,0.0046,2.3920,2.1594,0.0278,0.0024,0.0029,0.0064,1.4382,3.1219,VERMELHO
2026-09-16T22:08:52.063Z,0.0239,0.0008,0.0005,0.0014,5.2529,0.9997,0.0230,0.0043,0.0003,0.0016,-0.5498,0.3728,0.0166,0.0038,0.0010,0.0027,7.0571,0.7998,VERMELHO
2026-09-16T22:08:53.058Z,0.0222,0.0024,0.0008,0.0016,-1.0593,0.5553,0.0186,0.0005,0.0006,0.0008,0.1274,1.3610,0.0206,0.0037,0.0007,0.0018,3.8607,0.4046,VERMELHO
2026-09-16T22:08:54.064Z,0.0195,0.0024,0.0007,0.0015,-1.9596,0.6555,0.0224,0.0011,0.0008,0.0014,-1.1407,1.1771,0.0165,0.0034,0.0010,0.0016,3.8401,0.3795,VERMELHO
2026-09-16T22:08:55.098Z,0.0232,0.0036,0.0022,0.0033,0.5167,0.9588,0.0179,0.0006,0.0006,0.0007,-0.6577,1.2846,0.0162,0.0018,0.0015,0.0028,4.8196,1.9230,VERMELHO
2026-09-16T22:08:56.103Z,0.0199,0.0011,0.0005,0.0010,1.6176,0.7012,0.0193,0.0036,0.0011,0.0021,-1.6693,0.5091,0.0155,0.0014,0.0023,0.0016,9.3231,1.9120,VERMELHO
2026-09-16T22:08:57.107Z,0.0328,0.0027,0.0021,0.0023,18.4944,1.0979,0.0334,0.0024,0.0012,0.0035,8.9425,0.9904,0.0312,0.0013,0.0012,0.0018,11.4551,1.6587,VERMELHO
2026-09-16T22:08:58.154Z,0.0206,0.0018,0.0011,0.0016,-0.7537,0.8949,0.0277,0.0019,0.0005,0.0018,-0.4062,1.1092,0.0270,0.0050,0.0035,0.0019,0.1012,0.7748,VERDE
2026-09-16T22:08:59.152Z,0.0195,0.0025,0.0012,0.0015,-1.2103,0.5739,0.0196,0.0007,0.0005,0.0019,-0.7479,4.7583,0.0181,0.0010,0.0003,0.0013,14.2245,1.6590,VERMELHO
2026-09-16T22:09:00.224Z,0.0166,0.0013,0.0010,0.0007,-0.8413,0.9189,0.0203,0.0006,0.0011,0.0024,0.6375,3.7730,0.0205,0.0017,0.0017,0.0021,1.3782,1.5102,VERMELHO
2026-09-16T22:09:01.218Z,0.0202,0.0010,0.0006,0.0013,5.4709,1.9332,0.0175,0.0010,0.0002,0.0015,3.3664,0.9242,0.0203,0.0015,0.0017,0.0016,5.8129,1.3002,VERMELHO
2026-09-16T22:09:02.223Z,0.0194,0.0021,0.0012,0.0017,0.7495,0.8312,0.0174,0.0008,0.0003,0.0011,10.0951,1.3881,0.0137,0.0015,0.0016,0.0014,8.7280,1.5603,VERMELHO
2026-09-16T22:09:03.223Z,0.0196,0.0008,0.0024,0.0015,1.9505,3.4524,0.0167,0.0002,0.0004,0.0010,5.4526,6.8213,0.0179,0.0017,0.0029,0.0021,5.8627,2.0266,VERMELHO
2026-09-16T22:09:04.263Z,0.0171,0.0007,0.0001,0.0020,0.7048,2.1521,0.0209,0.0027,0.0011,0.0020,-0.8385,0.9229,0.0148,0.0006,0.0003,0.0008,8.2291,1.6736,VERMELHO
2026-09-16T22:09:05.224Z,0.0200,0.0039,0.0017,0.0055,1.1082,1.0215,0.0204,0.0035,0.0018,0.0026,0.4500,0.7507,0.0167,0.0011,0.0016,0.0024,0.8183,1.8555,VERMELHO
2026-09-16T22:09:06.224Z,0.0578,0.0120,0.0051,0.0188,2.3153,1.4461,0.0820,0.0062,0.0013,0.0161,0.1978,2.2587,0.0557,0.0055,0.0055,0.0083,-0.5002,1.0710,VERMELHO
2026-09-16T22:09:07.228Z,0.0739,0.0076,0.0039,0.0096,8.9791,1.1071,0.0474,0.0034,0.0034,0.0070,5.8909,2.4997,0.0327,0.0043,0.0025,0.0029,8.6617,0.7309,VERMELHO
2026-09-16T22:09:08.267Z,0.1687,0.0052,0.0067,0.0048,26.1952,1.6271,0.0552,0.0023,0.0022,0.0043,4.5279,2.5626,0.0781,0.0054,0.0022,0.0033,18.3918,0.6551,VERMELHO
2026-09-16T22:09:09.264Z,0.0736,0.0042,0.0013,0.0052,9.2049,0.8642,0.0469,0.0053,0.0023,0.0057,9.0440,0.7186,0.0931,0.0034,0.0036,0.0051,21.3995,1.9108,VERMELHO
2026-09-16T22:09:10.307Z,0.0106,0.0017,0.0004,0.0008,8.0763,0.6496,0.0226,0.0042,0.0017,0.0021,0.6790,0.4521,0.0222,0.0019,0.0010,0.0017,-1.2204,0.9615,VERMELHO
2026-09-16T22:09:11.388Z,0.0109,0.0013,0.0007,0.0005,7.0912,0.6689,0.0157,0.0017,0.0004,0.0011,6.2243,0.5450,0.0209,0.0023,0.0002,0.0012,-1.5237,0.5571,VERMELHO
2026-09-16T22:09:12.393Z,0.0427,0.0006,0.0042,0.0050,21.7453,11.3419,0.0912,0.0019,0.0030,0.0104,39.0557,6.2619,0.0258,0.0044,0.0029,0.0037,14.8663,1.2115,VERMELHO
2026-09-16T22:09:13.383Z,0.0142,0.0030,0.0003,0.0012,1.5849,0.2136,0.0194,0.0018,0.0018,0.0036,2.4513,1.7657,0.0182,0.0020,0.0031,0.0031,0.1760,2.3338,VERMELHO
2026-09-16T22:09:14.398Z,0.0156,0.0017,0.0009,0.0010,1.3130,0.7619,0.0173,0.0013,0.0014,0.0013,1.5783,1.5335,0.0197,0.0011,0.0020,0.0025,1.8506,2.2553,VERMELHO
2026-09-16T22:09:15.384Z,0.0293,0.0011,0.0012,0.0028,12.6490,2.5542,0.0473,0.0058,0.0030,0.0055,3.8364,0.7839,0.0283,0.0008,0.0008,0.0023,7.9368,3.1911,VERMELHO
2026-09-16T22:09:16.393Z,0.0197,0.0016,0.0025,0.0026,9.4203,2.3526,0.0216,0.0045,0.0015,0.0037,5.0700,0.8664,0.0159,0.0018,0.0005,0.0009,1.2991,0.5660,VERMELHO
2026-09-16T22:09:17.393Z,0.0269,0.0011,0.0004,0.0009,11.4999,0.8531,0.0362,0.0014,0.0023,0.0030,2.5829,2.6434,0.0297,0.0029,0.0009,0.0017,5.8182,0.4353,VERMELHO
2026-09-16T22:09:18.384Z,0.0335,0.0034,0.0033,0.0105,5.4098,3.3799,0.0362,0.0024,0.0050,0.0104,10.6526,5.0231,0.0328,0.0020,0.0081,0.0055,5.6003,4.9151,VERMELHO
2026-09-16T22:09:19.379Z,0.0726,0.0085,0.0029,0.0141,9.3366,1.9521,0.1020,0.0062,0.0154,0.0226,49.1715,4.6168,0.0652,0.0155,0.0177,0.0101,17.9273,1.4288,VERMELHO
2026-09-16T22:09:20.513Z,0.0371,0.0024,0.0023,0.0091,41.7723,3.8405,0.0386,0.0032,0.0052,0.0098,18.5080,3.7191,0.0206,0.0031,0.0043,0.0029,5.2504,1.8424,VERMELHO
2026-09-16T22:09:21.504Z,0.0141,0.0014,0.0033,0.0033,6.5705,3.4388,0.0175,0.0015,0.0011,0.0018,1.6587,0.9110,0.0184,0.0036,0.0031,0.0033,0.8220,1.1775,VERMELHO
2026-09-16T22:09:22.498Z,0.0098,0.0017,0.0019,0.0018,12.4853,1.6015,0.0101,0.0042,0.0006,0.0023,10.1280,0.3513,0.0144,0.0009,0.0003,0.0008,5.3072,1.3166,VERMELHO
2026-09-16T22:09:23.514Z,0.0110,0.0029,0.0006,0.0010,8.0552,0.3826,0.0151,0.0017,0.0011,0.0015,0.9332,0.9746,0.0155,0.0011,0.0023,0.0016,1.5048,2.2321,VERMELHO
2026-09-16T22:09:24.544Z,0.0246,0.0023,0.0017,0.0033,1.1201,1.1952,0.0244,0.0051,0.0006,0.0024,-0.0788,0.3315,0.0222,0.0009,0.0021,0.0022,0.5765,4.0711,VERMELHO
2026-09-16T22:09:25.548Z,0.0370,0.0022,0.0017,0.0013,7.6061,0.9809,0.0453,0.0025,0.0019,0.0027,1.6777,1.4418,0.0321,0.0013,0.0011,0.0018,6.2130,1.9800,VERMELHO
2026-09-16T22:09:26.553Z,0.0159,0.0018,0.0017,0.0015,5.9173,1.1942,0.0268,0.0030,0.0033,0.0030,1.3018,1.3079,0.0210,0.0005,0.0009,0.0020,3.3605,3.5156,VERMELHO
2026-09-16T22:09:27.583Z,0.0107,0.0019,0.0004,0.0012,5.1262,0.5769,0.0224,0.0016,0.0025,0.0022,-1.2224,1.9283,0.0132,0.0010,0.0018,0.0016,11.9686,2.7272,VERMELHO
2026-09-16T22:09:28.583Z,0.0105,0.0007,0.0005,0.0005,21.5972,1.3901,0.0199,0.0018,0.0008,0.0010,-0.4857,0.5914,0.0125,0.0017,0.0001,0.0028,5.9672,0.9037,VERMELHO
2026-09-16T22:09:29.583Z,0.0157,0.0007,0.0010,0.0008,-0.7086,1.8412,0.0232,0.0017,0.0013,0.0011,-0.8021,0.9832,0.0180,0.0017,0.0016,0.0021,2.0238,1.6291,VERMELHO
2026-09-16T22:09:30.699Z,0.0153,0.0019,0.0025,0.0013,3.6437,1.5071,0.0260,0.0021,0.0006,0.0021,-0.4178,1.1289,0.0227,0.0018,0.0030,0.0032,0.4606,2.1557,VERMELHO
2026-09-16T22:09:31.698Z,0.0147,0.0006,0.0004,0.0011,0.7908,2.3392,0.0247,0.0023,0.0008,0.0014,0.2120,0.4932,0.0200,0.0019,0.0012,0.0008,1.1872,0.8071,VERMELHO
2026-09-16T22:09:32.708Z,0.0157,0.0016,0.0011,0.0012,-0.1875,0.9460,0.0221,0.0018,0.0004,0.0016,-0.8128,1.0854,0.0258,0.0013,0.0009,0.0012,-0.1762,1.3564,VERDE
2026-09-16T22:09:33.709Z,0.0156,0.0028,0.0017,0.0013,0.8368,0.6755,0.0182,0.0013,0.0010,0.0011,-1.1182,1.1014,0.0172,0.0017,0.0009,0.0022,3.2275,1.1053,VERMELHO
2026-09-16T22:09:34.703Z,0.0309,0.0060,0.0026,0.0032,1.9362,0.6360,0.0528,0.0027,0.0015,0.0032,0.5548,1.5179,0.0227,0.0056,0.0029,0.0025,1.0944,0.6295,VERMELHO
2026-09-16T22:09:35.683Z,0.0559,0.0075,0.0167,0.0169,1.0524,3.1117,0.0396,0.0024,0.0009,0.0153,1.8843,5.3002,0.0323,0.0038,0.0038,0.0043,1.3802,1.5882,VERMELHO
2026-09-16T22:09:36.704Z,0.0429,0.0030,0.0007,0.0026,4.0885,0.5823,0.0341,0.0026,0.0021,0.0041,4.5233,1.5579,0.0313,0.0014,0.0015,0.0024,1.7289,1.9015,VERMELHO
2026-09-16T22:09:37.704Z,0.0135,0.0017,0.0021,0.0018,3.6569,1.6504,0.0189,0.0015,0.0005,0.0016,-0.3115,0.6016,0.0116,0.0004,0.0005,0.0003,10.7793,1.7134,VERMELHO
2026-09-16T22:09:38.704Z,0.0164,0.0013,0.0007,0.0021,0.3125,1.6342,0.0215,0.0036,0.0027,0.0018,-0.0425,0.8851,0.0123,0.0003,0.0003,0.0010,14.6256,2.9051,VERMELHO
2026-09-16T22:09:39.704Z,0.0118,0.0000,0.0000,0.0000,128.3409,0.0000,0.0106,0.0029,0.0014,0.0012,8.8386,0.7598,0.0111,0.0008,0.0010,0.0007,15.1375,1.6862,VERMELHO
2026-09-16T22:09:40.823Z,0.0070,0.0017,0.0006,0.0005,28.2933,0.5056,0.0090,0.0021,0.0004,0.0007,34.4465,0.4199,0.0144,0.0008,0.0006,0.0016,5.2746,2.2142,VERMELHO
2026-09-16T22:09:41.824Z,0.0052,0.0000,0.0000,0.0000,75.0127,0.0000,0.0099,0.0004,0.0009,0.0005,40.9245,2.5491,0.0090,0.0005,0.0013,0.0007,13.6257,2.7649,VERMELHO
2026-09-16T22:09:42.823Z,0.0158,0.0011,0.0009,0.0018,1.1438,1.8001,0.0078,0.0000,0.0000,0.0000,0.0000,0.0000,0.0138,0.0019,0.0015,0.0012,3.5191,1.0511,VERMELHO
2026-09-16T22:09:43.823Z,0.0100,0.0017,0.0005,0.0008,18.7221,0.5528,0.0078,0.0000,0.0000,0.0000,0.0000,0.0000,0.0079,0.0008,0.0010,0.0008,16.6672,1.5618,VERMELHO
2026-09-16T22:09:44.824Z,0.0092,0.0020,0.0005,0.0018,9.9664,0.8755,0.0113,0.0007,0.0009,0.0010,9.6714,1.5452,0.0110,0.0011,0.0010,0.0015,10.6833,1.4949,VERMELHO
2026-09-16T22:09:45.863Z,0.0120,0.0019,0.0010,0.0013,13.5617,0.9116,0.0104,0.0005,0.0003,0.0002,14.1030,0.6865,0.0063,0.0019,0.0017,0.0010,37.6300,0.9700,VERMELHO
2026-09-16T22:09:46.864Z,0.0125,0.0007,0.0002,0.0009,5.4455,1.1451,0.0121,0.0006,0.0010,0.0022,9.1617,3.2239,0.0085,0.0003,0.0004,0.0005,17.7994,2.4392,VERMELHO
2026-09-16T22:09:47.863Z,0.0196,0.0034,0.0015,0.0016,-0.1565,0.6369,0.0119,0.0008,0.0013,0.0012,19.0634,2.1739,0.0132,0.0002,0.0012,0.0021,5.1870,8.6680,VERMELHO
2026-09-16T22:09:48.904Z,0.0182,0.0019,0.0006,0.0010,-1.0226,0.6128,0.0159,0.0039,0.0018,0.0017,1.4119,0.6400,0.0136,0.0014,0.0013,0.0015,6.3873,1.4373,VERMELHO
2026-09-16T22:09:49.904Z,0.0153,0.0002,0.0002,0.0008,0.4903,3.1540,0.0094,0.0010,0.0010,0.0004,46.8821,1.0782,0.0156,0.0040,0.0024,0.0019,2.6181,0.8067,VERMELHO
2026-09-16T22:09:50.903Z,0.0104,0.0009,0.0009,0.0009,6.5380,1.2003,0.0107,0.0018,0.0002,0.0006,12.4523,0.4129,0.0092,0.0018,0.0010,0.0004,12.6594,0.6747,VERMELHO
2026-09-16T22:09:51.913Z,0.0138,0.0024,0.0006,0.0014,2.7219,0.7619,0.0108,0.0002,0.0001,0.0001,32.1482,0.7015,0.0136,0.0030,0.0015,0.0019,4.9279,0.8134,VERMELHO
2026-09-16T22:09:52.903Z,0.0161,0.0009,0.0006,0.0004,-0.9775,0.8565,0.0098,0.0011,0.0013,0.0013,36.9152,1.7567,0.0113,0.0005,0.0025,0.0019,8.5571,6.4036,VERMELHO
2026-09-16T22:09:53.904Z,0.0116,0.0004,0.0005,0.0008,10.8630,2.4369,0.0089,0.0001,0.0000,0.0000,71.6405,1.1577,0.0084,0.0017,0.0001,0.0007,16.7541,0.4884,VERMELHO
2026-09-16T22:09:54.933Z,0.0141,0.0003,0.0004,0.0004,2.3489,1.8938,0.0104,0.0016,0.0013,0.0014,27.5989,1.2059,0.0118,0.0021,0.0018,0.0016,6.0923,1.2278,VERMELHO
2026-09-16T22:09:55.953Z,0.0133,0.0020,0.0003,0.0009,1.2406,0.3136,0.0083,0.0000,0.0000,0.0000,89.1089,0.0000,0.0095,0.0008,0.0009,0.0014,11.6013,2.0052,VERMELHO
2026-09-16T22:09:57.112Z,0.0108,0.0006,0.0011,0.0013,3.8890,2.4179,0.0128,0.0024,0.0012,0.0009,6.6242,0.5870,0.0064,0.0000,0.0000,0.0000,54.1041,1.5542,VERMELHO
2026-09-16T22:09:57.984Z,0.0158,0.0004,0.0011,0.0009,0.4808,4.1288,0.0132,0.0010,0.0011,0.0008,10.7072,1.5501,0.0135,0.0012,0.0018,0.0032,6.2957,2.7430,VERMELHO
2026-09-16T22:09:59.024Z,0.0134,0.0017,0.0002,0.0008,4.8703,0.3412,0.0133,0.0015,0.0010,0.0006,8.7464,0.7166,0.0110,0.0005,0.0009,0.0014,11.9095,3.2450,VERMELHO
2026-09-16T22:10:00.038Z,0.0193,0.0023,0.0009,0.0020,-0.7873,1.0898,0.0218,0.0021,0.0042,0.0062,2.5224,2.9280,0.0081,0.0005,0.0023,0.0018,27.7585,5.5507,VERMELHO
2026-09-16T22:10:01.058Z,0.0191,0.0064,0.0019,0.0024,2.2688,0.4396,0.0241,0.0035,0.0005,0.0022,-0.0001,0.7427,0.0080,0.0008,0.0005,0.0024,17.3000,3.4105,VERMELHO
2026-09-16T22:10:02.078Z,0.0162,0.0038,0.0012,0.0021,0.5854,0.5873,0.0102,0.0000,0.0000,0.0000,35.0030,1.5102,0.0065,0.0010,0.0004,0.0003,61.6819,0.5223,VERMELHO
2026-09-16T22:10:03.063Z,0.0159,0.0013,0.0011,0.0010,-1.0397,1.0114,0.0093,0.0007,0.0004,0.0003,31.3919,0.6757,0.0151,0.0027,0.0014,0.0030,4.4673,1.0774,VERMELHO
2026-09-16T22:10:04.088Z,0.0291,0.0029,0.0040,0.0088,11.3967,3.2569,0.0214,0.0033,0.0030,0.0059,9.6039,2.2107,0.0169,0.0005,0.0021,0.0042,15.4793,10.6477,VERMELHO
2026-09-16T22:10:05.093Z,0.0145,0.0016,0.0001,0.0009,0.7751,0.4075,0.0153,0.0013,0.0015,0.0012,7.5002,1.5013,0.0086,0.0007,0.0008,0.0021,17.5879,3.9651,VERMELHO
2026-09-16T22:10:06.144Z,0.0161,0.0013,0.0008,0.0008,-1.1678,0.6709,0.0100,0.0010,0.0006,0.0011,27.2328,1.7326,0.0102,0.0014,0.0003,0.0005,14.0098,0.3878,VERMELHO
2026-09-16T22:10:07.127Z,0.0139,0.0008,0.0004,0.0008,2.6999,1.2004,0.0118,0.0002,0.0001,0.0001,8.1135,1.0935,0.0070,0.0004,0.0004,0.0009,41.4214,3.5416,VERMELHO
2026-09-16T22:10:08.144Z,0.0136,0.0019,0.0003,0.0006,3.8256,0.3251,0.0122,0.0001,0.0002,0.0002,17.7135,2.0210,0.0064,0.0001,0.0006,0.0008,54.1041,10.2375,VERMELHO
2026-09-16T22:10:09.138Z,0.0160,0.0017,0.0010,0.0010,2.0879,0.7918,0.0253,0.0001,0.0010,0.0010,4.6376,10.4626,0.0153,0.0004,0.0010,0.0008,2.5645,3.3788,VERMELHO
2026-09-16T22:10:10.193Z,0.0378,0.0072,0.0012,0.0055,0.6021,0.3474,0.0674,0.0062,0.0026,0.0060,-0.3798,0.8625,0.0354,0.0009,0.0068,0.0051,0.7029,9.5886,AMARELO
2026-09-16T22:10:11.264Z,0.0195,0.0011,0.0005,0.0020,1.4278,1.6703,0.0368,0.0066,0.0011,0.0031,-1.0120,0.3879,0.0153,0.0055,0.0007,0.0016,4.6549,0.2136,VERMELHO
2026-09-16T22:10:12.268Z,0.0172,0.0015,0.0004,0.0010,-0.8514,0.5763,0.0257,0.0021,0.0011,0.0018,-0.4580,0.7675,0.0125,0.0028,0.0016,0.0023,8.4165,0.8328,VERMELHO
2026-09-16T22:10:13.344Z,0.0132,0.0043,0.0010,0.0023,3.0160,0.4581,0.0152,0.0014,0.0022,0.0013,4.3344,1.8691,0.0193,0.0007,0.0026,0.0022,6.1536,5.6368,VERMELHO
2026-09-16T22:10:14.253Z,0.0170,0.0016,0.0008,0.0015,-1.3562,1.0211,0.0109,0.0004,0.0001,0.0002,18.1143,0.8616,0.0065,0.0003,0.0011,0.0014,42.8576,7.3515,VERMELHO
2026-09-16T22:10:15.348Z,0.0154,0.0026,0.0017,0.0015,-0.1234,0.7982,0.0124,0.0013,0.0004,0.0005,10.3176,0.4789,0.0091,0.0007,0.0010,0.0013,20.4749,3.1266,VERMELHO
2026-09-16T22:10:16.268Z,0.0151,0.0006,0.0007,0.0008,0.2296,1.5150,0.0168,0.0024,0.0011,0.0015,-1.1126,0.7428,0.0174,0.0009,0.0027,0.0024,1.7987,3.5106,VERMELHO
2026-09-16T22:10:17.274Z,0.0191,0.0038,0.0003,0.0016,-1.0567,0.2773,0.0045,0.0000,0.0000,0.0000,54.3928,0.7294,0.0086,0.0001,0.0002,0.0002,19.3227,2.9403,VERMELHO
2026-09-16T22:10:18.263Z,0.0144,0.0034,0.0020,0.0014,1.0474,0.7560,0.0207,0.0018,0.0022,0.0019,3.6835,1.5926,0.0211,0.0012,0.0009,0.0013,-1.2039,1.1803,VERMELHO
2026-09-16T22:10:19.344Z,0.0264,0.0032,0.0042,0.0049,7.2227,2.1953,0.0299,0.0018,0.0048,0.0079,3.7716,5.4203,0.0292,0.0077,0.0063,0.0043,9.7260,0.9209,VERMELHO
2026-09-16T22:10:20.304Z,0.0112,0.0012,0.0012,0.0010,13.0105,1.2122,0.0208,0.0031,0.0029,0.0015,-1.5869,1.0994,0.0217,0.0035,0.0049,0.0019,-0.7103,1.4749,VERMELHO
2026-09-16T22:10:21.423Z,0.0100,0.0006,0.0004,0.0015,16.1418,2.6710,0.0207,0.0012,0.0008,0.0013,-1.4892,1.0387,0.0222,0.0027,0.0015,0.0013,-1.3723,0.6404,VERMELHO
2026-09-16T22:10:26.227Z,0.2676,0.0221,0.0166,0.1587,-0.7033,1.3760,0.2281,0.0042,0.0056,0.0667,-0.3842,4.9833,0.2320,0.0149,0.0039,0.0761,-1.2856,1.4188,AMARELO
2026-09-16T22:10:27.228Z,0.3089,0.0389,0.0191,0.1607,-0.6520,4.0557,0.1864,0.0131,0.0075,0.0657,-0.3726,3.4280,0.2148,0.0123,0.0110,0.1348,-1.0103,4.8171,VERMELHO
2026-09-16T22:10:28.223Z,0.3131,0.0023,0.0190,0.1592,-0.0835,51.7196,0.2018,0.0081,0.0253,0.1165,-0.5106,6.4611,0.2201,0.0153,0.0112,0.1125,-1.1184,2.9706,VERMELHO
2026-09-16T22:10:29.224Z,0.3315,0.0003,0.0371,0.1924,-0.5891,448.3051,0.2346,0.0157,0.0191,0.1689,-0.2236,3.7687,0.2145,0.0320,0.0247,0.1213,-0.8600,1.3565,VERMELHO
2026-09-16T22:10:30.267Z,0.3364,0.0155,0.0594,0.2045,-0.4207,10.8256,0.2344,0.0086,0.0142,0.1810,-0.0884,2.8708,0.2067,0.0085,0.0165,0.1295,-0.8937,3.9979,VERMELHO
2026-09-16T22:10:31.228Z,0.3369,0.0034,0.0548,0.2310,-0.3196,36.9953,0.2227,0.0016,0.0308,0.1783,-0.1359,36.4545,0.2123,0.0090,0.0157,0.1366,-0.8262,5.2235,VERMELHO
2026-09-16T22:10:32.222Z,0.3536,0.0283,0.0633,0.2181,-0.3827,5.0879,0.2286,0.0202,0.0336,0.1541,-0.3569,2.1490,0.2240,0.0096,0.0187,0.1192,-1.0006,4.8839,VERMELHO
2026-09-16T22:10:33.223Z,0.3239,0.0404,0.0512,0.1861,-0.4655,3.4943,0.2413,0.0383,0.0299,0.2022,-0.3245,1.5475,0.2263,0.0126,0.0319,0.1297,-0.9897,4.4784,VERMELHO
2026-09-16T22:10:34.227Z,0.3472,0.0009,0.0484,0.2015,-0.3010,145.8988,0.2626,0.0122,0.0128,0.2443,-0.6404,3.1129,0.2217,0.0224,0.0245,0.1216,-0.7197,1.3890,VERMELHO
2026-09-16T22:10:35.223Z,0.3302,0.0436,0.0409,0.1382,-0.3112,1.5675,0.2160,0.0189,0.0175,0.0978,-0.5097,1.3830,0.2140,0.0132,0.0236,0.0648,-1.0446,5.0960,VERMELHO
2026-09-16T22:10:36.224Z,0.3395,0.0268,0.0701,0.2147,-0.3363,5.0741,0.2451,0.0268,0.0191,0.1793,-0.2742,1.3970,0.2206,0.0222,0.0123,0.1453,-0.9674,1.6521,VERMELHO
2026-09-16T22:10:37.222Z,0.3511,0.0507,0.0603,0.1977,-0.5893,2.8815,0.2379,0.0086,0.0209,0.1814,-0.4537,6.0749,0.2152,0.0243,0.0417,0.1289,-0.9086,2.4484,VERMELHO
2026-09-16T22:10:38.228Z,0.3416,0.0340,0.0815,0.2028,-0.2035,4.1665,0.2986,0.0060,0.0158,0.2599,-0.6896,5.7621,0.2286,0.0235,0.0069,0.1380,-0.8022,2.0517,VERMELHO
2026-09-16T22:10:39.357Z,0.3431,0.0276,0.0276,0.1972,-0.4610,4.7073,0.2516,0.0137,0.0194,0.1779,-0.3079,4.0290,0.2144,0.0076,0.0295,0.1340,-0.7879,6.3916,VERMELHO
2026-09-16T22:10:40.223Z,0.3254,0.0152,0.0626,0.1884,-0.3480,9.8396,0.2469,0.0167,0.0283,0.2010,-0.2044,3.5447,0.2154,0.0122,0.0147,0.1168,-0.8691,2.8630,VERMELHO
2026-09-16T22:10:41.228Z,0.3444,0.0592,0.0652,0.2100,-0.3222,2.3948,0.2488,0.0175,0.0163,0.1778,-0.4695,2.3604,0.2126,0.0108,0.0168,0.1405,-0.6956,4.3754,VERMELHO
2026-09-16T22:10:42.224Z,0.3304,0.0218,0.0720,0.2040,-0.3129,7.0949,0.2278,0.0145,0.0310,0.1955,-0.4134,3.6022,0.1900,0.0097,0.0186,0.1164,-0.8774,3.7994,VERMELHO
2026-09-16T22:10:43.223Z,0.3550,0.0273,0.0342,0.2255,-0.5520,5.8930,0.2603,0.0169,0.0409,0.2221,-0.6374,4.0807,0.2145,0.0346,0.0243,0.1015,-0.5196,1.2338,VERMELHO
2026-09-16T22:10:44.223Z,0.3489,0.0178,0.0625,0.2282,-0.2031,10.6607,0.3266,0.0168,0.0496,0.2875,-0.4170,4.5808,0.2341,0.0032,0.0250,0.1331,-0.8187,18.6749,VERMELHO
2026-09-16T22:10:45.303Z,0.3414,0.0370,0.0467,0.1021,-0.2612,2.2792,0.3104,0.0298,0.0421,0.1517,-0.6201,1.9443,0.2233,0.0437,0.0176,0.0651,-0.9022,0.8673,VERMELHO
2026-09-16T22:10:46.303Z,0.3547,0.0195,0.0609,0.2185,-0.4870,8.7542,0.3123,0.0398,0.0505,0.2571,-0.4177,1.6253,0.2278,0.0145,0.0250,0.1334,-0.7768,2.7154,VERMELHO
2026-09-16T22:10:47.348Z,0.3299,0.0247,0.0332,0.1745,-0.1122,5.5282,0.2853,0.0486,0.0311,0.2259,-0.2477,1.0620,0.2170,0.0147,0.0219,0.1196,-0.6241,2.0761,VERMELHO
2026-09-16T22:10:48.298Z,0.3373,0.0145,0.0411,0.1427,-0.4738,7.5804,0.3003,0.0231,0.0233,0.2085,-0.5236,1.5162,0.2251,0.0114,0.0035,0.1135,-0.6889,2.9958,VERMELHO
2026-09-16T22:10:49.303Z,0.3547,0.0249,0.0400,0.1830,-0.4276,6.1939,0.3267,0.0083,0.0335,0.2921,-0.5035,7.0554,0.2327,0.0109,0.0131,0.1546,-0.6882,3.8185,VERMELHO
2026-09-16T22:10:50.323Z,0.3360,0.0044,0.0539,0.1816,0.0203,31.4355,0.3012,0.0188,0.0291,0.2361,-0.4496,2.6324,0.2308,0.0128,0.0046,0.1155,-0.8730,5.1638,VERMELHO
2026-09-16T22:10:51.307Z,0.3431,0.0272,0.0451,0.2158,-0.5845,6.6271,0.2500,0.0104,0.0413,0.1781,-0.4818,6.0833,0.2148,0.0171,0.0248,0.1298,-1.0080,3.9114,VERMELHO
2026-09-16T22:10:52.343Z,0.3325,0.0158,0.0693,0.1733,-0.3133,8.8131,0.2450,0.0117,0.0418,0.1780,-0.5199,5.4818,0.2203,0.0116,0.0142,0.1442,-0.8441,2.1956,VERMELHO
2026-09-16T22:10:53.303Z,0.3373,0.0194,0.0361,0.1888,-0.7597,9.8093,0.2543,0.0178,0.0413,0.1739,-0.4819,3.2221,0.2082,0.0227,0.0312,0.1052,-0.8955,2.2041,VERMELHO
2026-09-16T22:10:54.348Z,0.3248,0.0189,0.0536,0.2070,-0.2819,11.3221,0.2238,0.0167,0.0483,0.1663,-0.3248,3.5673,0.2160,0.0164,0.0209,0.1286,-0.8874,4.1450,VERMELHO
2026-09-16T22:10:55.304Z,0.3461,0.0213,0.0148,0.1199,-0.5972,2.6251,0.2564,0.0226,0.0149,0.1284,-0.5008,1.2685,0.2144,0.0379,0.0069,0.0572,-0.9329,1.6450,VERMELHO
2026-09-16T22:10:56.303Z,0.3324,0.0055,0.0521,0.1677,-0.2171,31.9728,0.3010,0.0085,0.0544,0.2310,-0.7407,7.3287,0.2216,0.0083,0.0137,0.1289,-0.6206,6.3385,VERMELHO
2026-09-16T22:10:57.359Z,0.3485,0.0011,0.0511,0.2063,-0.2580,181.3574,0.2991,0.0112,0.0602,0.2351,-0.5198,7.5046,0.2286,0.0080,0.0191,0.1358,-0.8905,4.9045,VERMELHO
2026-09-16T22:10:58.468Z,0.3278,0.0542,0.0894,0.1546,-0.2729,3.3437,0.3015,0.0086,0.1067,0.2730,-0.6833,12.8414,0.2162,0.0147,0.0031,0.0852,-0.6809,3.9670,VERMELHO
2026-09-16T22:10:59.344Z,0.3283,0.0259,0.0366,0.1816,-0.1852,4.8645,0.2403,0.0170,0.0113,0.1487,-0.3563,3.3274,0.2175,0.0124,0.0245,0.0959,-0.8543,3.9563,VERMELHO
2026-09-16T22:11:00.318Z,0.3256,0.0160,0.0673,0.2093,-0.4480,13.7631,0.2503,0.0082,0.0367,0.1971,-0.2160,7.7699,0.2129,0.0123,0.0183,0.1408,-0.8549,3.9983,VERMELHO
2026-09-16T22:11:01.345Z,0.3240,0.0074,0.0648,0.1939,-0.3558,27.6232,0.2713,0.0028,0.0484,0.1944,-0.5534,22.1699,0.2189,0.0203,0.0072,0.1186,-0.8872,2.6216,VERMELHO
2026-09-16T22:11:02.343Z,0.3127,0.0209,0.0411,0.1818,-0.6662,8.9623,0.2438,0.0079,0.0197,0.2084,-0.5977,9.0820,0.2083,0.0028,0.0089,0.1202,-0.9046,9.3190,VERMELHO
2026-09-16T22:11:03.344Z,0.3303,0.0254,0.0364,0.2084,-0.4839,8.4139,0.2729,0.0234,0.0537,0.1852,-0.6459,3.8232,0.2035,0.0145,0.0147,0.1099,-0.4438,4.1070,VERMELHO
2026-09-16T22:11:04.338Z,0.3327,0.0208,0.0443,0.2068,-0.4821,10.2322,0.2731,0.0301,0.0227,0.2119,-0.5694,2.3444,0.1920,0.0134,0.0228,0.0980,-0.4731,4.5616,VERMELHO
2026-09-16T22:11:05.343Z,0.3332,0.0163,0.0379,0.0971,-0.2819,4.3362,0.2649,0.0064,0.0276,0.1174,-0.7158,6.6970,0.2001,0.0254,0.0122,0.0683,-0.9557,1.4999,VERMELHO
2026-09-16T22:11:06.383Z,0.3257,0.0294,0.0292,0.1642,-0.1687,5.7123,0.2714,0.0252,0.0547,0.2214,-0.5415,3.1216,0.1976,0.0053,0.0140,0.0996,-0.3935,7.2144,VERMELHO
2026-09-16T22:11:07.424Z,0.3034,0.0231,0.0139,0.1795,-0.1157,7.9505,0.2436,0.0295,0.0221,0.2141,-0.5919,2.0422,0.2016,0.0152,0.0180,0.1073,-0.7711,2.6962,AMARELO
2026-09-16T22:11:08.383Z,0.3136,0.0268,0.0279,0.1840,-0.4644,7.1698,0.2076,0.0187,0.0143,0.1620,-0.6586,3.3047,0.1981,0.0122,0.0092,0.1208,-0.6827,3.2970,VERMELHO
2026-09-16T22:11:09.387Z,0.3143,0.0309,0.0422,0.1801,-0.5775,6.0541,0.2068,0.0129,0.0249,0.1318,-0.1388,4.9656,0.2023,0.0229,0.0204,0.0929,-0.7922,1.9929,VERMELHO
2026-09-16T22:11:10.383Z,0.3170,0.0198,0.0541,0.1279,-0.4277,5.9053,0.2088,0.0140,0.0423,0.1355,-0.1937,3.8884,0.1973,0.0156,0.0226,0.0990,-0.7066,2.6040,VERMELHO
2026-09-16T22:11:11.384Z,0.3112,0.0398,0.0203,0.1887,-0.5044,4.7727,0.1790,0.0190,0.0139,0.1102,-0.5058,2.3122,0.1908,0.0266,0.0160,0.1306,-0.7172,2.2261,VERMELHO
2026-09-16T22:11:12.378Z,0.3032,0.0373,0.0357,0.1948,-0.3119,5.3355,0.1810,0.0162,0.0313,0.1236,-0.2975,3.7419,0.2079,0.0097,0.0139,0.1408,-0.7587,4.4396,AMARELO
2026-09-16T22:11:13.384Z,0.3056,0.0128,0.0254,0.1842,-0.4657,14.5037,0.1709,0.0104,0.0126,0.0924,-0.2795,6.2221,0.2021,0.0199,0.0010,0.1036,-0.9855,2.7910,VERMELHO
2026-09-16T22:11:14.383Z,0.3027,0.0107,0.0378,0.1521,-0.5630,14.7105,0.1907,0.0156,0.0357,0.1547,-0.3239,4.1246,0.1968,0.0148,0.0111,0.1048,-0.8660,2.8735,VERMELHO
2026-09-16T22:11:15.503Z,0.2993,0.0080,0.0387,0.1136,-0.3684,13.8105,0.1711,0.0080,0.0120,0.0635,-0.2468,2.9162,0.1862,0.0248,0.0060,0.0445,-0.7645,1.1023,VERMELHO
2026-09-16T22:11:16.557Z,0.2997,0.0253,0.0222,0.1948,-0.7112,7.7867,0.1738,0.0248,0.0268,0.0999,-0.3163,2.0016,0.1821,0.0202,0.0151,0.0908,-0.8350,1.8922,AMARELO
2026-09-16T22:11:17.818Z,0.2943,0.0356,0.0105,0.1709,-0.3234,4.4305,0.1886,0.0125,0.0233,0.1365,-0.3162,5.0412,0.1854,0.0191,0.0168,0.0950,-0.9805,2.3135,AMARELO
2026-09-16T22:11:18.505Z,0.3013,0.0051,0.0135,0.1834,-0.5724,36.0845,0.1994,0.0163,0.0038,0.1602,-0.4337,4.0035,0.1844,0.0174,0.0090,0.1015,-0.9351,1.9547,VERMELHO
2026-09-16T22:11:19.504Z,0.3091,0.0331,0.0165,0.1729,-0.1430,4.7524,0.2075,0.0180,0.0337,0.1780,-0.3780,3.6266,0.1935,0.0047,0.0244,0.1099,-0.5382,10.6411,VERMELHO
2026-09-16T22:11:20.504Z,0.3061,0.0136,0.0283,0.1609,-0.4601,11.4547,0.2303,0.0103,0.0493,0.2090,-0.4217,7.7973,0.2039,0.0062,0.0271,0.1298,-0.6752,8.1212,VERMELHO
2026-09-16T22:11:21.504Z,0.3060,0.0262,0.0151,0.1637,-0.3862,5.3565,0.2173,0.0225,0.0256,0.1732,-0.2785,2.5803,0.2057,0.0069,0.0029,0.1306,-0.6161,6.2490,VERMELHO
2026-09-16T22:11:22.483Z,0.2948,0.0140,0.0118,0.1762,-0.3379,12.9634,0.2241,0.0157,0.0338,0.1480,-0.5433,4.1143,0.1941,0.0389,0.0224,0.1242,-0.7874,1.3694,VERMELHO
2026-09-16T22:11:23.483Z,0.2960,0.0167,0.0291,0.1636,-0.4637,10.1218,0.1933,0.0204,0.0356,0.1339,-0.3098,3.9735,0.1834,0.0186,0.0079,0.1160,-0.8815,2.4543,VERMELHO
2026-09-16T22:11:24.478Z,0.2916,0.0254,0.0221,0.1745,-0.2257,5.1217,0.1834,0.0204,0.0202,0.1240,-0.3533,1.8182,0.1842,0.0082,0.0115,0.1043,-0.8262,4.2261,AMARELO
2026-09-16T22:11:25.478Z,0.2837,0.0120,0.0631,0.0947,-0.3193,9.5795,0.1805,0.0123,0.0289,0.1002,-0.3899,3.8840,0.1838,0.0103,0.0272,0.0665,-0.8635,4.8232,VERMELHO
2026-09-16T22:11:26.825Z,0.2857,0.0269,0.0059,0.1450,-0.3964,5.5641,0.2007,0.0140,0.0473,0.1525,-0.4228,5.6907,0.1897,0.0166,0.0127,0.1045,-0.6904,2.1396,AMARELO
2026-09-16T22:11:27.504Z,0.3100,0.0255,0.0379,0.1895,-0.2238,7.6845,0.2307,0.0120,0.0458,0.1880,-0.2864,5.5083,0.1929,0.0218,0.0124,0.1152,-0.5241,2.1668,VERMELHO
2026-09-16T22:11:28.498Z,0.3133,0.0187,0.0358,0.1783,-0.4583,9.7686,0.2435,0.0255,0.0342,0.2354,-0.5213,2.3272,0.1920,0.0053,0.0173,0.1069,-0.7284,8.2939,VERMELHO
2026-09-16T22:11:29.503Z,0.3047,0.0104,0.0433,0.1442,-0.5096,14.7875,0.2145,0.0034,0.0401,0.1436,-0.5613,20.0194,0.1919,0.0088,0.0205,0.1107,-0.5704,4.3027,VERMELHO
2026-09-16T22:11:30.479Z,0.2889,0.0170,0.0237,0.1578,-0.6411,9.5210,0.2029,0.0116,0.0255,0.1319,-0.1772,5.9729,0.1917,0.0075,0.0190,0.1123,-0.7979,6.7491,VERMELHO
2026-09-16T22:11:31.499Z,0.2937,0.0372,0.0264,0.1192,0.1139,3.2131,0.2312,0.0240,0.0305,0.1773,-0.6733,3.0896,0.2029,0.0063,0.0091,0.1167,-0.8226,6.1767,AMARELO
2026-09-16T22:11:32.517Z,0.3030,0.0099,0.0424,0.1783,-0.1958,18.5578,0.2321,0.0222,0.0607,0.2039,-0.4748,3.6787,0.1945,0.0167,0.0134,0.1100,-0.6614,3.4422,VERMELHO
2026-09-16T22:11:33.513Z,0.2961,0.0225,0.0461,0.1535,-0.2404,7.1737,0.2251,0.0160,0.0514,0.1387,-0.4833,6.4361,0.1861,0.0328,0.0074,0.1058,-0.4728,1.2681,AMARELO
2026-09-16T22:11:34.548Z,0.2805,0.0260,0.0152,0.1425,-0.2454,4.1792,0.1608,0.0068,0.0253,0.0839,-0.0327,6.1600,0.1755,0.0092,0.0051,0.0986,-0.8492,5.0735,AMARELO
2026-09-16T22:11:35.864Z,0.2127,0.0130,0.0242,0.0663,0.9254,5.2960,0.1709,0.0411,0.0237,0.0756,5.2420,1.1232,0.1283,0.0338,0.0154,0.0402,0.7330,1.0935,VERMELHO
2026-09-16T22:11:36.543Z,0.1976,0.0243,0.0151,0.1138,-0.8935,1.7361,0.1137,0.0150,0.0106,0.0444,0.1191,2.4948,0.1241,0.0058,0.0078,0.0585,0.2956,3.8176,VERMELHO
2026-09-16T22:11:37.542Z,0.2455,0.0155,0.0460,0.1446,-0.5569,8.3629,0.1412,0.0027,0.0152,0.0564,0.0993,8.2210,0.1473,0.0030,0.0164,0.0986,-0.8751,15.2737,VERMELHO
2026-09-16T22:11:38.543Z,0.2649,0.0107,0.0336,0.1947,0.0337,4.2077,0.2216,0.0195,0.0039,0.1631,-0.0477,1.9170,0.1717,0.0191,0.0240,0.1062,-0.4413,1.7246,AMARELO
2026-09-16T22:11:39.547Z,0.2394,0.0153,0.0196,0.1280,-0.1876,2.7931,0.3449,0.0373,0.0052,0.3205,-0.8291,1.7319,0.1629,0.0129,0.0075,0.0724,0.0188,2.8809,VERDE
2026-09-16T22:11:40.563Z,0.2866,0.0411,0.0349,0.2008,-0.3293,1.6343,0.2851,0.0156,0.0063,0.1612,0.0890,2.8235,0.1855,0.0164,0.0088,0.1049,-0.6783,1.1413,VERMELHO
2026-09-16T22:11:41.543Z,0.2629,0.0064,0.0368,0.1854,0.0389,10.0096,0.2710,0.0290,0.0024,0.2297,-0.4418,1.7590,0.1803,0.0140,0.0113,0.0904,-0.0890,1.8426,VERMELHO
2026-09-16T22:11:42.543Z,0.2813,0.0180,0.0242,0.1977,-0.5773,3.7238,0.3067,0.0238,0.0095,0.2844,0.0186,1.8231,0.1857,0.0150,0.0091,0.0978,-0.6492,1.7933,VERMELHO
2026-09-16T22:11:43.540Z,0.2729,0.0133,0.0150,0.2006,-0.2875,3.3304,0.2808,0.0097,0.0138,0.1661,-0.1392,3.0851,0.1800,0.0076,0.0121,0.0915,-0.7392,3.2362,AMARELO
2026-09-16T22:11:44.547Z,0.2650,0.0044,0.0100,0.1284,-0.6798,12.1021,0.3291,0.0182,0.0050,0.2342,-0.6484,2.7081,0.1817,0.0128,0.0008,0.0715,-0.6019,2.5849,VERMELHO
2026-09-16T22:11:45.543Z,0.2772,0.0228,0.0175,0.1628,-0.2159,3.0547,0.3469,0.0448,0.0181,0.3210,-0.7650,1.9263,0.1918,0.0178,0.0123,0.0850,-0.6441,2.8495,AMARELO
2026-09-16T22:11:46.583Z,0.2971,0.0061,0.0290,0.2297,-0.3846,10.6253,0.3538,0.0102,0.0131,0.3060,-0.5939,5.2557,0.1944,0.0145,0.0034,0.1269,-0.7386,1.9785,VERMELHO
2026-09-16T22:11:47.543Z,0.2768,0.0110,0.0108,0.1572,0.0496,5.1263,0.3648,0.0189,0.0039,0.2695,-0.5361,3.3652,0.1910,0.0133,0.0131,0.0997,-0.6270,1.7418,AMARELO
2026-09-16T22:11:48.543Z,0.2884,0.0137,0.0336,0.1601,0.0878,3.4351,0.3874,0.0229,0.0008,0.3949,-0.8334,4.3811,0.1803,0.0122,0.0107,0.0728,-0.2549,3.5707,AMARELO
2026-09-16T22:11:49.543Z,0.2997,0.0112,0.0435,0.2375,-0.4910,6.1734,0.2730,0.0026,0.0224,0.2336,-0.3184,28.9610,0.1755,0.0194,0.0129,0.0885,-0.7279,1.6617,VERMELHO
2026-09-16T22:11:50.543Z,0.2825,0.0210,0.0271,0.1979,-0.4012,3.2061,0.2792,0.0190,0.0208,0.1651,-0.2033,2.1121,0.1756,0.0146,0.0109,0.0975,-0.4629,1.8929,AMARELO
2026-09-16T22:11:51.538Z,0.2685,0.0312,0.0369,0.1958,-0.4104,2.9659,0.2771,0.0155,0.0081,0.1661,-0.3918,1.6048,0.1669,0.0122,0.0015,0.0996,-0.1527,2.1944,VERDE
2026-09-16T22:11:52.543Z,0.2768,0.0319,0.0290,0.1638,0.4456,1.4399,0.3524,0.0133,0.0187,0.3119,-0.6762,5.9205,0.1794,0.0142,0.0078,0.0645,-0.3254,1.8525,AMARELO
2026-09-16T22:11:53.543Z,0.2880,0.0286,0.0463,0.1657,-0.6077,2.2784,0.2970,0.0228,0.0106,0.2654,-0.1159,2.6056,0.1797,0.0219,0.0117,0.0526,-0.6588,1.4997,AMARELO
2026-09-16T22:11:54.583Z,0.2883,0.0290,0.0069,0.1287,-0.7718,2.0804,0.2582,0.0194,0.0241,0.1350,-0.4686,2.7122,0.1820,0.0131,0.0090,0.0521,-0.4288,2.0049,AMARELO
2026-09-16T22:11:55.568Z,0.2651,0.0158,0.0155,0.1612,-0.2489,2.5147,0.2880,0.0085,0.0165,0.1998,-0.5510,5.8801,0.1802,0.0244,0.0072,0.0698,-0.5606,0.7978,VERDE
2026-09-16T22:11:56.591Z,0.3036,0.0081,0.0070,0.2074,-0.4654,5.8760,0.2894,0.0136,0.0121,0.2306,-0.6087,4.5446,0.1743,0.0050,0.0116,0.0843,-0.4685,3.9412,AMARELO
2026-09-16T22:11:57.623Z,0.2681,0.0241,0.0320,0.1741,-0.4445,2.9234,0.2807,0.0186,0.0058,0.1664,-0.4354,1.1893,0.1863,0.0147,0.0086,0.1288,-0.7586,1.3760,AMARELO
2026-09-16T22:11:58.582Z,0.2762,0.0110,0.0367,0.1598,-0.4028,7.6997,0.2873,0.0073,0.0084,0.1974,-0.4853,5.1283,0.1800,0.0122,0.0058,0.0873,-0.5134,2.5927,AMARELO
2026-09-16T22:11:59.577Z,0.2773,0.0231,0.0349,0.1801,-0.1892,4.5413,0.2723,0.0201,0.0150,0.2007,-0.4749,2.7164,0.1794,0.0027,0.0045,0.0797,-0.5879,12.4598,AMARELO
2026-09-16T22:12:00.583Z,0.2803,0.0077,0.0322,0.2229,-0.5809,6.4793,0.2290,0.0124,0.0295,0.1405,-0.4960,6.1637,0.1626,0.0070,0.0188,0.0766,-0.6394,3.3562,VERMELHO
2026-09-16T22:12:01.578Z,0.2713,0.0120,0.0367,0.2379,-0.7396,4.1152,0.2085,0.0095,0.0025,0.1927,-0.2493,5.1543,0.1719,0.0189,0.0088,0.0966,-0.5921,1.3288,AMARELO
2026-09-16T22:12:02.583Z,0.2851,0.0235,0.0472,0.2511,-0.7274,2.8399,0.2124,0.0183,0.0177,0.2015,-0.0055,3.7941,0.1740,0.0156,0.0248,0.0869,-0.6101,2.8382,VERMELHO
2026-09-16T22:12:03.583Z,0.2804,0.0168,0.0392,0.1903,-0.6808,3.7437,0.2614,0.0310,0.0121,0.2303,-0.3427,1.8175,0.1741,0.0191,0.0205,0.0876,-0.5855,1.6461,AMARELO
2026-09-16T22:12:05.052Z,0.2832,0.0036,0.0337,0.1144,-0.5937,35.5034,0.2966,0.0143,0.0158,0.1459,-0.5122,6.8587,0.1767,0.0159,0.0083,0.0655,-0.6069,1.8547,VERMELHO
2026-09-16T22:12:05.684Z,0.2880,0.0064,0.0227,0.2137,-0.7074,10.1498,0.2794,0.0103,0.0008,0.2752,-0.0992,8.0071,0.1766,0.0097,0.0208,0.0960,-0.4818,4.3592,VERMELHO
2026-09-16T22:12:06.718Z,0.2865,0.0099,0.0456,0.2104,-0.1244,10.0080,0.3224,0.0129,0.0119,0.3013,-0.5282,4.0662,0.1901,0.0058,0.0030,0.1034,-0.6444,6.1016,VERMELHO
2026-09-16T22:12:07.703Z,0.2707,0.0271,0.0364,0.1704,-0.1131,3.2539,0.3041,0.0162,0.0085,0.1968,-0.7741,2.6778,0.1786,0.0039,0.0192,0.0980,-0.4569,7.5866,VERDE
2026-09-16T22:12:08.743Z,0.2697,0.0097,0.0129,0.1738,-0.3990,4.3902,0.2457,0.0080,0.0108,0.1678,-0.2049,6.6150,0.1659,0.0114,0.0075,0.0841,-0.3713,1.7275,AMARELO
2026-09-16T22:12:09.704Z,0.2826,0.0163,0.0374,0.1980,-0.7370,4.7711,0.2546,0.0107,0.0197,0.2443,-0.8387,5.3311,0.1573,0.0037,0.0072,0.0593,-0.3256,5.8411,AMARELO
2026-09-16T22:12:10.713Z,0.2745,0.0263,0.0099,0.2119,-0.0386,2.1568,0.2998,0.0187,0.0173,0.2166,-0.3855,2.5289,0.1916,0.0084,0.0090,0.1275,-0.8470,2.1697,AMARELO
2026-09-16T22:12:11.717Z,0.2490,0.0131,0.0197,0.1379,0.1748,2.4474,0.3298,0.0222,0.0180,0.2653,-0.6016,3.4382,0.1854,0.0136,0.0101,0.0570,-0.5003,1.3708,VERDE
2026-09-16T22:12:12.697Z,0.3141,0.0369,0.0145,0.2050,-0.7838,0.7163,0.3216,0.0301,0.0188,0.2466,-0.0419,0.8397,0.1853,0.0257,0.0095,0.0982,-0.5986,0.9550,VERMELHO
2026-09-16T22:12:13.704Z,0.2982,0.0102,0.0193,0.1296,0.2523,6.7811,0.3851,0.0330,0.0038,0.2978,-0.3972,3.4078,0.1780,0.0152,0.0049,0.0627,-0.0464,1.9793,VERMELHO
2026-09-16T22:12:14.703Z,0.2593,0.0058,0.0628,0.1393,-0.3746,16.4455,0.3507,0.0300,0.0193,0.2428,-0.7110,2.5570,0.1818,0.0153,0.0139,0.0601,-0.5445,3.3063,VERMELHO
2026-09-16T22:12:15.703Z,0.3070,0.0065,0.0148,0.1385,-0.4697,8.5731,0.3295,0.0218,0.0450,0.1825,0.0050,2.7298,0.1919,0.0448,0.0142,0.0492,-0.5656,0.8372,VERMELHO
2026-09-16T22:12:16.703Z,0.2927,0.0159,0.0294,0.1902,-0.4150,3.4930,0.2895,0.0216,0.0164,0.2223,-0.5826,2.1025,0.1693,0.0072,0.0052,0.0685,-0.4249,2.7547,AMARELO
2026-09-16T22:12:18.464Z,0.2745,0.0087,0.0422,0.1737,-0.7085,7.2285,0.2541,0.0222,0.0208,0.1517,-0.4955,2.3426,0.1638,0.0239,0.0006,0.0981,-0.3051,0.5341,AMARELO
2026-09-16T22:12:18.864Z,0.2786,0.0214,0.0180,0.2145,-0.2475,1.8955,0.2838,0.0287,0.0222,0.2845,-0.5642,2.9366,0.1682,0.0119,0.0122,0.0880,-0.3152,2.8574,AMARELO
2026-09-16T22:12:21.308Z,0.2842,0.0224,0.0312,0.2320,-0.5771,3.0083,0.2511,0.0164,0.0096,0.1928,-0.6875,2.5009,0.1701,0.0042,0.0117,0.0867,-0.5360,7.4421,AMARELO
2026-09-16T22:12:21.309Z,0.2710,0.0290,0.0370,0.1867,-0.3687,3.2127,0.2600,0.0168,0.0224,0.1934,-0.4156,4.5732,0.1729,0.0169,0.0007,0.0770,-0.0327,1.9290,VERDE
2026-09-16T22:12:21.783Z,0.2956,0.0188,0.0295,0.2179,-0.8161,3.1478,0.2061,0.0071,0.0093,0.1836,-0.4902,6.8113,0.1514,0.0098,0.0128,0.0704,-0.3143,2.6357,AMARELO
2026-09-16T22:12:22.934Z,0.2610,0.0057,0.0171,0.1942,-0.5017,12.3469,0.1939,0.0143,0.0057,0.1182,0.4126,1.7956,0.1541,0.0129,0.0161,0.0862,-0.4502,1.8898,VERMELHO
2026-09-16T22:12:23.748Z,0.2869,0.0081,0.0658,0.2227,0.1744,9.0419,0.2864,0.0231,0.0150,0.2816,-0.8800,4.3777,0.1695,0.0180,0.0366,0.0678,-0.2786,2.4047,VERMELHO
2026-09-16T22:12:24.823Z,0.2743,0.0274,0.0491,0.1210,-0.2245,2.8521,0.2942,0.0369,0.0088,0.1756,-0.4601,1.4939,0.1876,0.0066,0.0282,0.0746,-0.5270,6.8674,AMARELO
2026-09-16T22:12:25.823Z,0.3034,0.0279,0.0555,0.1953,-0.0258,3.2690,0.3642,0.0145,0.0118,0.3170,-0.7046,6.0130,0.2140,0.0133,0.0289,0.1172,-0.7527,3.0789,AMARELO
2026-09-16T22:12:26.827Z,0.2487,0.0150,0.0307,0.1449,-0.3086,2.6154,0.3351,0.0295,0.0112,0.3039,-0.5644,1.6819,0.1661,0.0313,0.0090,0.0659,-0.5441,0.6029,VERDE
2026-09-16T22:12:27.817Z,0.2843,0.0172,0.0133,0.2286,-0.8929,2.7140,0.2420,0.0197,0.0074,0.2004,-0.2658,2.0013,0.1723,0.0052,0.0106,0.1058,-0.5611,4.5202,AMARELO
2026-09-16T22:12:28.827Z,0.2618,0.0185,0.0270,0.1834,-0.5923,3.5173,0.2841,0.0173,0.0254,0.2010,-0.2480,2.6051,0.1736,0.0199,0.0132,0.1005,-0.6234,0.8680,AMARELO
2026-09-16T22:12:29.823Z,0.2743,0.0066,0.0117,0.2092,-0.2651,5.4395,0.2630,0.0247,0.0207,0.2002,-0.0115,2.2523,0.1710,0.0049,0.0087,0.0883,-0.6600,4.3911,VERMELHO
2026-09-16T22:12:30.823Z,0.2855,0.0153,0.0372,0.1970,-0.8585,4.0219,0.2039,0.0180,0.0070,0.1003,-0.2229,1.5336,0.1637,0.0160,0.0035,0.0832,-0.6224,1.1730,AMARELO
2026-09-16T22:12:44.863Z,0.2369,0.0164,0.0144,0.1290,-0.6541,1.6703,0.2466,0.0281,0.0239,0.1814,-0.4413,1.7666,0.1618,0.0192,0.0088,0.0753,-0.2690,1.4469,VERDE
2026-09-16T22:12:44.863Z,0.2841,0.0178,0.0166,0.2058,-0.8175,3.0898,0.2937,0.0101,0.0116,0.2126,-0.5881,5.1223,0.1793,0.0240,0.0090,0.0860,-0.3462,1.3508,AMARELO
2026-09-16T22:12:45.263Z,0.2746,0.0117,0.0397,0.1218,0.0922,7.3688,0.3029,0.0281,0.0123,0.2123,-0.3406,2.9033,0.1638,0.0142,0.0273,0.0501,-0.2793,2.8334,AMARELO
2026-09-16T22:12:45.263Z,0.2925,0.0322,0.0653,0.1333,-0.2007,3.2398,0.3023,0.0152,0.0287,0.1641,-0.4939,3.1807,0.1884,0.0093,0.0379,0.0624,-0.7197,5.1777,AMARELO
2026-09-16T22:12:45.263Z,0.2576,0.0188,0.0105,0.1326,-0.4573,5.3930,0.3474,0.0146,0.0078,0.2354,-0.6518,4.7049,0.1789,0.0088,0.0209,0.0604,-0.7148,5.6655,VERDE
2026-09-16T22:12:45.693Z,0.2396,0.0051,0.0217,0.1456,-0.5394,7.8401,0.2576,0.0321,0.0108,0.1779,-0.5752,1.5122,0.1613,0.0086,0.0182,0.0721,-0.4640,3.7071,AMARELO
2026-09-16T22:12:45.693Z,0.2353,0.0136,0.0202,0.0695,-0.2853,5.9596,0.2600,0.0161,0.0141,0.1184,-0.5922,2.9409,0.1792,0.0326,0.0079,0.0571,-0.3308,1.0561,AMARELO
2026-09-16T22:12:46.108Z,0.2967,0.0179,0.0428,0.2055,-0.6450,4.0318,0.2848,0.0134,0.0114,0.2105,-0.3019,4.1366,0.1536,0.0127,0.0081,0.0748,-0.7695,2.6303,AMARELO
2026-09-16T22:12:49.273Z,0.2426,0.0263,0.0202,0.1455,-0.2725,1.8351,0.2647,0.0064,0.0101,0.1935,-0.4827,7.4711,0.1620,0.0199,0.0263,0.0785,-0.2827,1.4660,VERDE
2026-09-16T22:12:49.602Z,0.2874,0.0127,0.0374,0.2409,-0.8162,6.2825,0.2725,0.0141,0.0229,0.2057,0.7830,2.5322,0.1646,0.0206,0.0069,0.1081,-0.9892,1.3719,VERMELHO
2026-09-16T22:12:49.603Z,0.3057,0.0096,0.0093,0.2083,-0.3429,4.5021,0.3502,0.0069,0.0108,0.2947,-0.6878,7.6518,0.1719,0.0088,0.0031,0.0762,-0.4416,1.9701,VERMELHO
2026-09-16T22:12:49.988Z,0.2299,0.0213,0.0317,0.1342,-0.3220,2.4953,0.1934,0.0100,0.0088,0.1208,-0.2418,3.3211,0.1434,0.0142,0.0262,0.0958,-0.2286,2.5528,AMARELO
2026-09-16T22:12:50.857Z,0.2739,0.0229,0.0211,0.1941,-0.5282,1.9035,0.2224,0.0042,0.0155,0.1573,-0.3801,10.0665,0.1601,0.0284,0.0127,0.0758,-0.6035,1.0663,AMARELO
2026-09-16T22:12:51.863Z,0.2533,0.0204,0.0229,0.1890,-0.4592,2.9604,0.2058,0.0032,0.0063,0.1487,-0.2464,12.7448,0.1490,0.0093,0.0052,0.0881,-0.3953,2.3794,AMARELO
2026-09-16T22:12:52.863Z,0.3103,0.0156,0.0121,0.2276,-0.8245,3.9215,0.2468,0.0095,0.0182,0.1937,-0.1403,6.7678,0.1582,0.0068,0.0072,0.0808,-0.6806,5.2362,VERMELHO
2026-09-16T22:12:53.908Z,0.2514,0.0088,0.0348,0.1142,-0.6000,9.7542,0.2156,0.0318,0.0115,0.0908,-0.0067,1.4934,0.1533,0.0114,0.0275,0.0461,-0.3846,5.0443,VERMELHO
2026-09-16T22:12:54.898Z,0.2986,0.0156,0.0558,0.1847,-0.6817,6.3244,0.2909,0.0248,0.0175,0.1632,-0.3650,5.0849,0.1790,0.0115,0.0040,0.0775,-0.6711,4.8846,AMARELO
2026-09-16T22:12:55.912Z,0.2553,0.0151,0.0514,0.1644,-0.2772,4.1329,0.2503,0.0127,0.0152,0.1847,-0.0116,3.7946,0.1616,0.0058,0.0125,0.0726,-0.5006,3.5982,VERMELHO
2026-09-16T22:12:56.947Z,0.3021,0.0218,0.0199,0.2570,-0.8275,3.0919,0.2841,0.0178,0.0123,0.2672,-0.6807,2.3798,0.1808,0.0139,0.0185,0.1088,-0.4831,2.1634,AMARELO
2026-09-16T22:12:57.907Z,0.2629,0.0090,0.0297,0.1870,-0.5326,5.9595,0.2182,0.0261,0.0110,0.1481,-0.0694,1.2651,0.1642,0.0054,0.0132,0.1058,-0.6436,3.7253,AMARELO
2026-09-16T22:12:58.902Z,0.3048,0.0152,0.0434,0.2228,-0.4372,7.8572,0.2838,0.0041,0.0109,0.2206,-0.7503,11.7562,0.1588,0.0089,0.0088,0.0579,-0.5757,2.2480,VERMELHO
2026-09-16T22:12:59.904Z,0.2611,0.0302,0.0342,0.1306,-0.2913,1.5591,0.2607,0.0313,0.0061,0.2046,-0.3558,1.3270,0.1576,0.0319,0.0224,0.0709,-0.3643,1.1381,AMARELO
2026-09-16T22:13:00.903Z,0.2658,0.0117,0.0140,0.1686,-0.6421,3.5750,0.2744,0.0251,0.0248,0.2358,-0.6309,2.5248,0.1562,0.0040,0.0099,0.0630,-0.3278,7.1191,VERDE
2026-09-16T22:13:01.903Z,0.3053,0.0136,0.0231,0.2264,-0.2617,4.6282,0.3132,0.0106,0.0126,0.2480,-0.4150,3.6046,0.1692,0.0265,0.0121,0.1048,-0.5391,0.8125,AMARELO
2026-09-16T22:13:05.297Z,0.3000,0.0164,0.0208,0.1970,-0.4196,3.3020,0.3032,0.0056,0.0015,0.2854,-0.6830,7.5706,0.1645,0.0045,0.0052,0.0796,-0.1606,5.9779,AMARELO
2026-09-16T22:13:05.542Z,0.2545,0.0506,0.0503,0.0900,-0.5032,1.7904,0.2555,0.0135,0.0299,0.1100,-0.1924,4.8479,0.1571,0.0222,0.0122,0.0460,0.3110,1.3405,AMARELO
2026-09-16T22:13:05.542Z,0.2961,0.0177,0.0375,0.1297,-0.4139,4.3275,0.2698,0.0254,0.0100,0.1827,-0.3183,1.7390,0.1750,0.0088,0.0230,0.0651,-0.4388,3.7306,AMARELO
2026-09-16T22:13:06.023Z,0.2513,0.0206,0.0100,0.1552,-0.5188,1.6150,0.2289,0.0146,0.0202,0.1719,-0.3473,2.5191,0.1536,0.0137,0.0054,0.0639,0.0646,1.8754,AMARELO
2026-09-16T22:13:07.018Z,0.2914,0.0078,0.0236,0.2342,-0.8785,7.7169,0.2647,0.0264,0.0101,0.1838,0.1619,2.6474,0.1664,0.0031,0.0096,0.0994,-0.7388,10.9683,VERMELHO
2026-09-16T22:13:08.058Z,0.2618,0.0347,0.0065,0.1627,0.0863,1.3942,0.2657,0.0259,0.0077,0.2340,-0.2452,2.5832,0.1441,0.0188,0.0059,0.0550,0.1177,1.3770,AMARELO
2026-09-16T22:13:09.023Z,0.3005,0.0174,0.0219,0.1923,-0.3825,3.5707,0.2510,0.0257,0.0043,0.1680,-0.2108,1.3240,0.1724,0.0120,0.0130,0.1049,-0.6167,1.8771,AMARELO
2026-09-16T22:13:10.097Z,0.2583,0.0120,0.0263,0.1159,-0.2980,2.9602,0.2919,0.0036,0.0143,0.1888,-0.5557,17.8326,0.1651,0.0090,0.0049,0.0668,-0.0234,2.4366,AMARELO
2026-09-16T22:13:11.038Z,0.2867,0.0201,0.0209,0.2103,-0.6670,2.3598,0.3048,0.0242,0.0099,0.2674,-0.6197,1.7646,0.1862,0.0073,0.0143,0.0938,-0.5737,3.8154,AMARELO
2026-09-16T22:13:12.073Z,0.2375,0.0052,0.0146,0.1307,0.2335,9.7648,0.3324,0.0239,0.0041,0.2685,-0.4464,2.8737,0.1642,0.0172,0.0102,0.0666,-0.3913,1.0421,VERMELHO
2026-09-16T22:13:13.027Z,0.3041,0.0177,0.0618,0.2138,-0.4360,4.8554,0.3835,0.0010,0.0208,0.2641,-0.7229,104.8929,0.2030,0.0218,0.0264,0.0965,-0.5714,1.9154,VERMELHO
2026-09-16T22:13:14.072Z,0.2507,0.0287,0.0292,0.0872,-0.3726,1.6437,0.3811,0.0600,0.0124,0.2018,-0.6511,1.7509,0.1635,0.0008,0.0339,0.0322,-0.4582,58.4026,VERMELHO
2026-09-16T22:13:15.064Z,0.2607,0.0164,0.0216,0.1317,-0.3983,2.7452,0.3087,0.0109,0.0014,0.1957,-0.4937,5.0116,0.1683,0.0086,0.0028,0.0739,-0.5751,2.7207,VERDE
2026-09-16T22:13:16.067Z,0.2711,0.0140,0.0130,0.1688,-0.2871,4.7614,0.3293,0.0159,0.0178,0.3038,-0.2222,3.0983,0.1796,0.0243,0.0108,0.0777,-0.5272,1.2829,AMARELO
2026-09-16T22:13:17.063Z,0.2483,0.0201,0.0330,0.1681,-0.6388,2.6785,0.2085,0.0120,0.0168,0.1398,-0.0893,2.2307,0.1550,0.0024,0.0061,0.0860,-0.6393,10.9594,AMARELO
2026-09-16T22:13:18.062Z,0.2942,0.0173,0.0055,0.1887,-0.7756,2.3919,0.2576,0.0179,0.0246,0.2135,0.0650,2.8105,0.1687,0.0151,0.0198,0.0724,-0.5555,2.0775,VERMELHO
2026-09-16T22:13:19.057Z,0.2443,0.0346,0.0144,0.1358,-0.7586,1.4960,0.1814,0.0301,0.0059,0.0872,0.3122,1.1530,0.1536,0.0161,0.0069,0.0573,-0.5419,1.5262,VERMELHO
2026-09-16T22:13:20.288Z,0.3046,0.0563,0.0529,0.1914,-0.8694,1.3461,0.2037,0.0207,0.0041,0.1307,0.3539,0.8765,0.1581,0.0103,0.0317,0.0615,-0.6197,3.6146,VERMELHO
2026-09-16T22:13:21.063Z,0.2994,0.0159,0.0112,0.2179,-0.2753,2.6473,0.2566,0.0041,0.0156,0.2143,-0.6346,13.5076,0.1637,0.0261,0.0117,0.0758,-0.4165,1.0111,AMARELO
2026-09-16T22:13:22.063Z,0.2267,0.0213,0.0031,0.0668,1.7559,1.1191,0.2313,0.0055,0.0237,0.0361,6.2344,5.4285,0.1166,0.0209,0.0181,0.0219,1.9145,1.1678,VERMELHO
2026-09-16T22:13:23.187Z,0.2577,0.0049,0.0325,0.0807,0.0181,13.1028,0.2262,0.0294,0.0150,0.1042,-0.3749,1.4209,0.1342,0.0041,0.0137,0.0323,0.1062,8.6536,VERMELHO
2026-09-16T22:13:24.147Z,0.2285,0.0215,0.0296,0.1164,-0.7246,1.8341,0.1846,0.0389,0.0214,0.0644,0.3556,0.7407,0.1440,0.0189,0.0266,0.0602,-0.2609,1.4587,VERMELHO
2026-09-16T22:13:25.147Z,0.2140,0.0286,0.0111,0.1639,-0.4334,1.0756,0.1731,0.0032,0.0057,0.0893,0.0761,2.7709,0.1377,0.0235,0.0056,0.0534,-0.2121,1.0774,VERMELHO
2026-09-16T22:13:26.183Z,0.2015,0.0115,0.0132,0.1380,-0.6832,2.4078,0.1756,0.0066,0.0011,0.0722,0.5163,3.0328,0.1160,0.0112,0.0075,0.0412,-0.0295,1.7111,VERMELHO
2026-09-16T22:13:27.147Z,0.2353,0.0244,0.0100,0.1936,-0.5439,0.9671,0.1728,0.0102,0.0080,0.0739,0.0852,2.4258,0.1391,0.0243,0.0136,0.0535,-0.6814,0.6356,VERMELHO
2026-09-16T22:13:28.142Z,0.2257,0.0051,0.0252,0.1493,-0.4334,9.5920,0.1656,0.0180,0.0200,0.0606,0.6326,1.3232,0.1275,0.0182,0.0061,0.0423,-0.3051,1.1905,VERMELHO
2026-09-16T22:13:29.182Z,0.2269,0.0101,0.0103,0.1364,-0.6536,3.3547,0.1694,0.0361,0.0052,0.0625,0.2428,0.5696,0.1228,0.0197,0.0126,0.0355,-0.6042,1.3070,VERMELHO
2026-09-16T22:13:30.147Z,0.2334,0.0267,0.0176,0.1986,-0.5513,0.7626,0.1571,0.0234,0.0085,0.0674,0.8143,0.5975,0.1302,0.0233,0.0116,0.0530,-0.0808,0.7156,VERMELHO
2026-09-16T22:13:31.148Z,0.2297,0.0061,0.0257,0.2158,-0.6200,5.6806,0.1769,0.0321,0.0116,0.0829,0.7738,0.6257,0.1264,0.0188,0.0057,0.0562,0.1730,1.1055,VERMELHO
2026-09-16T22:13:32.437Z,0.2562,0.0298,0.0067,0.2175,-0.6094,0.7329,0.1717,0.0152,0.0232,0.0650,-0.0132,2.5443,0.1406,0.0221,0.0161,0.0604,0.1136,1.2273,VERMELHO
2026-09-16T22:13:33.192Z,0.2356,0.0178,0.0173,0.1070,-0.5552,1.9613,0.2027,0.0328,0.0150,0.0733,-0.2356,1.4570,0.1393,0.0183,0.0327,0.0400,-0.1311,1.8738,AMARELO
2026-09-16T22:13:34.227Z,0.2197,0.0068,0.0225,0.1446,-0.8058,7.8667,0.2013,0.0241,0.0070,0.1080,0.1619,0.6045,0.1318,0.0171,0.0178,0.0403,-0.0179,1.7486,VERMELHO
2026-09-16T22:13:35.183Z,0.2425,0.0166,0.0071,0.1759,-0.6884,1.2828,0.1474,0.0200,0.0033,0.0627,1.2571,1.2728,0.1313,0.0166,0.0178,0.0433,0.0602,1.2995,VERMELHO
2026-09-16T22:13:36.178Z,0.2064,0.0101,0.0225,0.1405,-0.2162,3.5438,0.1813,0.0282,0.0124,0.1068,-0.2296,0.8533,0.1224,0.0183,0.0167,0.0378,-0.3918,1.2599,AMARELO
2026-09-16T22:13:37.178Z,0.2220,0.0186,0.0217,0.1749,-0.9187,1.8028,0.2011,0.0057,0.0108,0.0955,0.0802,5.2398,0.1151,0.0032,0.0138,0.0421,-0.4375,5.8257,VERMELHO
2026-09-16T22:13:38.198Z,0.2207,0.0088,0.0023,0.1409,-0.8098,3.3353,0.1678,0.0181,0.0049,0.0678,-0.0903,1.2723,0.1201,0.0163,0.0049,0.0426,0.2125,0.9963,AMARELO
2026-09-16T22:13:39.222Z,0.2281,0.0481,0.0028,0.1375,-1.0704,0.6389,0.1766,0.0085,0.0284,0.0712,-0.4227,5.3575,0.1278,0.0197,0.0102,0.0423,-0.0880,0.8129,AMARELO
2026-09-16T22:13:40.182Z,0.2218,0.0057,0.0161,0.1852,-0.8546,4.7790,0.1764,0.0281,0.0054,0.0754,0.0816,0.9074,0.1316,0.0105,0.0281,0.0527,-0.2584,3.5770,VERMELHO
2026-09-16T22:13:41.603Z,0.2246,0.0237,0.0110,0.1600,-0.6416,1.3794,0.1500,0.0091,0.0066,0.0734,0.5432,2.0734,0.1267,0.0110,0.0230,0.0497,-0.2745,2.4551,VERMELHO
2026-09-16T22:13:42.242Z,0.2177,0.0137,0.0101,0.1886,-1.0630,2.8852,0.1535,0.0097,0.0207,0.0667,-0.0138,3.6791,0.1181,0.0158,0.0057,0.0485,0.0146,1.0816,VERMELHO
2026-09-16T22:13:43.312Z,0.2203,0.0336,0.0465,0.0874,-0.9804,1.7455,0.1516,0.0062,0.0160,0.0506,-0.1109,4.3496,0.1210,0.0035,0.0134,0.0289,0.0049,5.9906,AMARELO
2026-09-16T22:13:44.302Z,0.2188,0.0245,0.0091,0.1874,-0.7426,1.1750,0.1586,0.0156,0.0129,0.0691,0.0784,1.7879,0.1254,0.0193,0.0089,0.0443,-0.0810,0.7042,VERMELHO
2026-09-16T22:13:45.314Z,0.2133,0.0273,0.0097,0.1570,-0.8553,0.9240,0.1696,0.0228,0.0051,0.0819,0.5648,0.8573,0.1302,0.0096,0.0184,0.0455,0.0057,2.2578,VERMELHO
2026-09-16T22:13:46.303Z,0.1987,0.0323,0.0097,0.1720,-0.7033,0.8506,0.1644,0.0183,0.0213,0.0688,-0.0055,1.4435,0.1163,0.0165,0.0291,0.0604,0.1559,2.4649,VERMELHO
2026-09-16T22:13:47.318Z,0.2176,0.0106,0.0085,0.1357,-0.9150,4.9971,0.1805,0.0324,0.0119,0.0813,0.2589,1.2528,0.1297,0.0162,0.0118,0.0494,-0.2544,1.4156,VERMELHO
2026-09-16T22:13:48.317Z,0.2224,0.0304,0.0113,0.1490,-0.9408,1.7339,0.1783,0.0247,0.0061,0.0956,-0.1159,0.6678,0.1295,0.0037,0.0251,0.0416,0.3899,7.8277,AMARELO
2026-09-16T22:13:49.338Z,0.2169,0.0170,0.0060,0.1806,-0.7805,1.9273,0.1915,0.0113,0.0163,0.0849,-0.1229,2.7244,0.1292,0.0037,0.0057,0.0519,0.0812,4.8990,AMARELO
2026-09-16T22:13:50.303Z,0.2103,0.0177,0.0183,0.1886,-0.7952,2.1134,0.1891,0.0082,0.0208,0.1156,0.2821,4.8698,0.1232,0.0079,0.0211,0.0416,0.1495,3.6761,VERMELHO
2026-09-16T22:13:51.307Z,0.2161,0.0095,0.0074,0.1521,-0.9943,2.5059,0.1929,0.0183,0.0076,0.1158,-0.1302,0.8082,0.1232,0.0234,0.0222,0.0452,-0.1302,1.6838,AMARELO
2026-09-16T22:13:52.312Z,0.2214,0.0282,0.0100,0.1438,-0.7145,1.1808,0.1945,0.0499,0.0162,0.0933,-0.2215,0.5379,0.1228,0.0083,0.0198,0.0277,0.1413,3.0437,AMARELO
2026-09-16T22:13:53.282Z,0.2063,0.0276,0.0089,0.1015,-0.7714,1.2472,0.1908,0.0216,0.0252,0.0690,0.1886,1.8024,0.1355,0.0314,0.0321,0.0384,-0.1221,1.2661,VERMELHO
2026-09-16T22:13:54.288Z,0.2333,0.0272,0.0158,0.2131,-0.9486,0.6548,0.1934,0.0146,0.0070,0.1033,0.0783,1.3389,0.1279,0.0060,0.0086,0.0459,-0.0790,2.8498,VERMELHO
2026-09-16T22:13:55.319Z,0.2010,0.0233,0.0238,0.1676,-0.8285,1.4055,0.1887,0.0090,0.0181,0.1019,-0.0097,4.4081,0.1395,0.0082,0.0082,0.0484,0.0658,2.4075,VERMELHO
2026-09-16T22:13:56.298Z,0.2267,0.0354,0.0121,0.1557,-1.0078,0.8777,0.1906,0.0291,0.0105,0.0737,-0.1024,0.9486,0.1339,0.0095,0.0079,0.0497,0.2452,2.4666,AMARELO
2026-09-16T22:13:57.303Z,0.2252,0.0123,0.0229,0.1565,-1.0647,3.7977,0.1870,0.0262,0.0066,0.0791,-0.1997,1.4101,0.1192,0.0326,0.0114,0.0449,0.2810,0.6782,AMARELO
2026-09-16T22:13:58.358Z,0.2204,0.0282,0.0235,0.1764,-0.8667,1.5141,0.1773,0.0351,0.0148,0.0718,-0.1496,0.6903,0.1204,0.0106,0.0168,0.0465,-0.0009,2.7072,AMARELO
2026-09-16T22:13:59.298Z,0.2322,0.0358,0.0122,0.1971,-0.9211,0.9504,0.1941,0.0102,0.0139,0.0784,-0.1170,2.3193,0.1448,0.0120,0.0218,0.0488,-0.4137,3.1012,AMARELO
2026-09-16T22:14:00.303Z,0.2244,0.0364,0.0210,0.1600,-0.6949,1.3410,0.1889,0.0161,0.0036,0.1155,-0.4038,2.2142,0.1486,0.0144,0.0012,0.0534,-0.0120,1.0268,VERDE
2026-09-16T22:14:01.302Z,0.2282,0.0258,0.0136,0.1793,-0.9497,0.8247,0.1877,0.0169,0.0110,0.0935,0.0929,1.8254,0.1405,0.0219,0.0187,0.0356,0.1321,1.1980,VERMELHO
2026-09-16T22:14:02.384Z,0.2121,0.0066,0.0176,0.0724,-0.9809,6.5747,0.1953,0.0127,0.0107,0.0803,0.2923,2.3843,0.1276,0.0073,0.0133,0.0290,0.0442,3.1400,VERMELHO
2026-09-16T22:14:03.384Z,0.2339,0.0395,0.0115,0.2076,-0.9752,0.9639,0.1904,0.0104,0.0174,0.0864,-0.0647,3.0017,0.1280,0.0080,0.0097,0.0475,0.3244,2.7267,AMARELO
2026-09-16T22:14:04.383Z,0.2261,0.0277,0.0090,0.1425,-1.0153,1.3028,0.1788,0.0125,0.0135,0.0746,-0.4698,2.7722,0.1367,0.0114,0.0082,0.0468,0.0180,1.3206,VERDE
2026-09-16T22:14:05.377Z,0.2195,0.0203,0.0060,0.1825,-0.9148,1.2140,0.1899,0.0301,0.0184,0.1073,-0.0647,0.9743,0.1334,0.0064,0.0299,0.0463,-0.0140,5.6828,AMARELO
2026-09-16T22:14:06.424Z,0.2297,0.0083,0.0150,0.1698,-1.0080,2.7604,0.2145,0.0393,0.0061,0.0912,-0.2400,0.4659,0.1179,0.0054,0.0142,0.0354,0.0087,4.3896,AMARELO
2026-09-16T22:14:07.423Z,0.2365,0.0093,0.0194,0.1625,-0.7866,3.3972,0.1805,0.0163,0.0093,0.0758,-0.1329,1.4497,0.1400,0.0162,0.0076,0.0559,-0.2683,1.4998,AMARELO
2026-09-16T22:14:08.384Z,0.2277,0.0121,0.0232,0.1838,-0.8100,2.8015,0.1842,0.0347,0.0158,0.0846,-0.1116,0.9703,0.1421,0.0034,0.0028,0.0767,-0.3984,4.0950,AMARELO
2026-09-16T22:14:09.417Z,0.2379,0.0443,0.0101,0.2003,-0.8288,0.5504,0.2001,0.0138,0.0250,0.1062,0.3434,2.8906,0.1322,0.0026,0.0159,0.0571,0.2459,12.4082,VERMELHO
2026-09-16T22:14:10.378Z,0.2345,0.0077,0.0283,0.1676,-1.0108,5.1696,0.2205,0.0335,0.0106,0.1143,-0.2480,1.2241,0.1268,0.0224,0.0174,0.0394,-0.1039,1.0067,AMARELO
2026-09-16T22:14:11.448Z,0.2208,0.0209,0.0185,0.1692,-1.0455,1.3707,0.2016,0.0093,0.0055,0.1221,-0.2485,2.7682,0.1324,0.0114,0.0087,0.0469,-0.2889,1.5922,AMARELO
2026-09-16T22:14:12.410Z,0.2293,0.0227,0.0263,0.0943,-1.0705,2.9094,0.1721,0.0250,0.0167,0.0598,0.6707,1.5581,0.1304,0.0115,0.0210,0.0372,0.0553,3.1460,VERMELHO
2026-09-16T22:14:13.387Z,0.2341,0.0435,0.0169,0.1947,-0.9575,0.6532,0.2000,0.0188,0.0101,0.1130,-0.6957,2.4500,0.1313,0.0116,0.0208,0.0375,-0.1928,2.6285,VERDE
2026-09-16T22:14:14.423Z,0.2317,0.0323,0.0021,0.1746,-1.0905,0.5470,0.2036,0.0338,0.0106,0.1058,0.1412,0.8319,0.1266,0.0093,0.0220,0.0404,-0.1477,3.5004,VERMELHO
2026-09-16T22:14:15.423Z,0.2435,0.0110,0.0044,0.2062,-0.8603,2.1010,0.1899,0.0152,0.0050,0.1057,0.1706,1.1041,0.1466,0.0161,0.0032,0.0626,-0.0347,1.5202,VERMELHO
2026-09-16T22:14:16.418Z,0.2400,0.0139,0.0162,0.1591,-0.7704,3.9390,0.2080,0.0079,0.0161,0.1045,0.0318,3.7659,0.1353,0.0195,0.0151,0.0484,-0.2001,1.3642,VERMELHO
2026-09-16T22:14:17.417Z,0.2452,0.0033,0.0230,0.1859,-0.8800,11.8912,0.1763,0.0273,0.0152,0.0604,0.4535,0.9946,0.1443,0.0215,0.0157,0.0321,-0.2246,0.8854,VERMELHO
2026-09-16T22:14:18.428Z,0.2373,0.0248,0.0230,0.1569,-1.1468,1.6197,0.1907,0.0067,0.0042,0.0865,-0.3849,4.6776,0.1421,0.0105,0.0096,0.0427,-0.4328,2.4464,AMARELO
2026-09-16T22:14:19.422Z,0.2299,0.0244,0.0025,0.1940,-1.2236,0.4876,0.1762,0.0045,0.0141,0.0761,-0.5750,6.8026,0.1251,0.0103,0.0114,0.0510,-0.2048,1.7826,VERDE
2026-09-16T22:14:20.418Z,0.2323,0.0155,0.0132,0.1944,-1.1500,1.8472,0.1715,0.0213,0.0211,0.0775,-0.6107,1.6040,0.1356,0.0277,0.0023,0.0517,-0.3704,0.6897,VERDE
2026-09-16T22:14:21.427Z,0.2329,0.0087,0.0062,0.1994,-1.0595,2.0822,0.2135,0.0246,0.0109,0.1205,-0.9068,1.3044,0.1371,0.0107,0.0045,0.0499,-0.2967,1.4760,VERDE
2026-09-16T22:14:22.501Z,0.2357,0.0097,0.0197,0.1053,-1.2162,5.0273,0.2012,0.0041,0.0169,0.0571,-0.9593,16.2370,0.1352,0.0192,0.0042,0.0295,-0.2281,1.2220,AMARELO
2026-09-16T22:14:23.502Z,0.2457,0.0124,0.0152,0.2009,-1.1087,2.1968,0.2200,0.0329,0.0087,0.1273,-0.8160,1.1377,0.1382,0.0129,0.0073,0.0517,0.0001,1.2095,VERDE
2026-09-16T22:14:24.498Z,0.2345,0.0244,0.0207,0.1553,-1.1022,1.3716,0.2173,0.0192,0.0206,0.1082,-0.5255,1.7756,0.1445,0.0217,0.0141,0.0560,-0.5585,0.7669,VERDE
2026-09-16T22:14:25.498Z,0.2352,0.0287,0.0107,0.1964,-0.9714,1.2120,0.2101,0.0097,0.0027,0.1161,-0.0472,2.1739,0.1421,0.0297,0.0096,0.0446,-0.4689,0.9232,AMARELO
2026-09-16T22:14:26.544Z,0.2338,0.0347,0.0154,0.1680,-0.9159,1.1045,0.1962,0.0167,0.0099,0.0969,0.7055,2.2456,0.1287,0.0177,0.0058,0.0431,0.2555,0.8633,VERMELHO
2026-09-16T22:14:27.503Z,0.2431,0.0267,0.0145,0.1615,-1.1413,1.5230,0.1889,0.0321,0.0200,0.0778,0.1978,0.9744,0.1454,0.0190,0.0325,0.0630,0.2567,2.3370,VERMELHO
2026-09-16T22:14:28.502Z,0.2279,0.0115,0.0086,0.1368,-1.0649,2.8794,0.1832,0.0085,0.0134,0.0811,0.4802,2.8041,0.1363,0.0018,0.0196,0.0618,-0.2440,12.5837,VERMELHO
2026-09-16T22:14:29.497Z,0.2136,0.0215,0.0082,0.1477,-0.3021,0.9986,0.2015,0.0161,0.0076,0.0911,-0.4017,1.3311,0.1175,0.0098,0.0067,0.0331,0.3352,1.0874,VERDE
2026-09-16T22:14:30.503Z,0.2237,0.0117,0.0133,0.1838,-0.7783,3.6368,0.2100,0.0092,0.0225,0.1327,-0.8102,3.5055,0.1470,0.0134,0.0158,0.0429,-0.3081,2.2918,VERDE
2026-09-16T22:14:31.513Z,0.2584,0.0269,0.0152,0.1982,-0.8111,1.0741,0.1538,0.0123,0.0069,0.0886,1.3002,2.3873,0.1397,0.0233,0.0098,0.0559,0.0864,0.7486,VERMELHO
2026-09-16T22:14:32.512Z,0.2157,0.0313,0.0172,0.1210,-0.8881,1.2056,0.1801,0.0178,0.0145,0.0651,0.2582,2.4311,0.1424,0.0173,0.0079,0.0543,-0.2036,1.5350,VERMELHO
2026-09-16T22:14:33.503Z,0.2080,0.0066,0.0159,0.1359,-0.6769,3.4211,0.2084,0.0109,0.0228,0.1013,0.2169,3.3179,0.1200,0.0103,0.0033,0.0377,0.5338,1.7306,VERMELHO
2026-09-16T22:14:34.512Z,0.2447,0.0121,0.0199,0.1919,-0.9779,2.5440,0.2137,0.0353,0.0111,0.1312,-0.5587,1.0422,0.1327,0.0146,0.0066,0.0379,-0.6746,1.0908,VERDE
2026-09-16T22:14:35.543Z,0.2358,0.0088,0.0122,0.1383,-0.9697,4.1975,0.1802,0.0268,0.0219,0.0777,0.4626,1.4856,0.1349,0.0234,0.0165,0.0390,0.4882,1.4773,VERMELHO
2026-09-16T22:14:36.507Z,0.2207,0.0078,0.0208,0.1339,-0.7012,4.2001,0.1667,0.0172,0.0089,0.0624,-0.2759,1.9337,0.1356,0.0110,0.0076,0.0539,0.4754,2.0141,AMARELO
2026-09-16T22:14:37.537Z,0.2087,0.0114,0.0106,0.1477,-0.7299,3.3178,0.2051,0.0179,0.0187,0.1030,-0.2841,1.4647,0.1461,0.0183,0.0051,0.0338,-0.5520,0.9012,AMARELO
2026-09-16T22:14:38.507Z,0.2484,0.0172,0.0115,0.2022,-1.0335,1.8118,0.1826,0.0151,0.0077,0.1032,-0.1888,1.5060,0.1370,0.0313,0.0152,0.0475,-0.3357,0.6631,AMARELO
2026-09-16T22:14:39.493Z,0.2432,0.0074,0.0184,0.1764,-1.1007,4.9030,0.2000,0.0136,0.0120,0.0980,-0.1484,1.6145,0.1223,0.0203,0.0099,0.0417,-0.0529,1.2658,AMARELO
2026-09-16T22:14:40.503Z,0.2355,0.0084,0.0261,0.1953,-0.8779,4.8126,0.1963,0.0181,0.0078,0.1333,0.0388,1.3071,0.1426,0.0087,0.0183,0.0686,-0.5108,2.8715,VERMELHO
2026-09-16T22:14:41.538Z,0.2260,0.0091,0.0171,0.1226,-0.8698,5.1880,0.1587,0.0201,0.0211,0.0403,0.8996,1.4088,0.1248,0.0144,0.0350,0.0350,-0.2705,2.7775,VERMELHO
2026-09-16T22:14:42.542Z,0.2377,0.0378,0.0121,0.1696,-1.0036,0.8728,0.1913,0.0139,0.0110,0.1092,-0.2685,3.0272,0.1287,0.0256,0.0237,0.0407,-0.5520,1.0298,AMARELO
2026-09-16T22:14:43.548Z,0.2189,0.0152,0.0159,0.1551,-0.6639,1.5517,0.1835,0.0251,0.0127,0.0924,-0.2476,1.0415,0.1242,0.0149,0.0199,0.0553,0.1406,1.6258,AMARELO
2026-09-16T22:14:44.543Z,0.2213,0.0200,0.0279,0.1654,-0.9258,1.8066,0.1782,0.0190,0.0069,0.0803,0.1584,1.1349,0.1326,0.0165,0.0202,0.0478,-0.1335,1.4201,VERMELHO
2026-09-16T22:14:45.547Z,0.2563,0.0146,0.0212,0.1952,-1.0623,2.3454,0.1705,0.0058,0.0238,0.0825,-0.0117,5.0367,0.1634,0.0088,0.0095,0.0643,-0.2596,1.9802,VERMELHO
2026-09-16T22:14:46.531Z,0.2386,0.0382,0.0186,0.1796,-0.9814,0.7375,0.2077,0.0008,0.0063,0.0876,-0.0123,44.1832,0.1388,0.0175,0.0218,0.0379,-0.1467,1.5471,VERMELHO
2026-09-16T22:14:51.420Z,0.2084,0.0057,0.0151,0.1422,-0.7217,6.3109,0.2004,0.0286,0.0236,0.1051,0.0362,0.9519,0.1434,0.0073,0.0306,0.0644,-0.2168,4.6410,VERMELHO
2026-09-16T22:14:51.421Z,0.2268,0.0178,0.0144,0.1767,-0.9965,0.9318,0.1773,0.0205,0.0019,0.0832,0.1478,0.8974,0.1369,0.0181,0.0167,0.0642,0.6883,1.1971,VERMELHO
2026-09-16T22:14:51.865Z,0.2198,0.0277,0.0163,0.1780,-0.9945,1.3417,0.1939,0.0112,0.0034,0.0896,-0.1284,1.7369,0.1226,0.0075,0.0117,0.0407,0.1498,2.3044,AMARELO
2026-09-16T22:14:51.865Z,0.2256,0.0094,0.0157,0.1846,-0.8748,2.0716,0.1633,0.0093,0.0116,0.0582,1.3314,1.9211,0.1350,0.0086,0.0034,0.0319,-0.3363,1.3217,VERMELHO
2026-09-16T22:14:51.865Z,0.2006,0.0242,0.0280,0.0528,3.2621,2.3922,0.2118,0.0293,0.0111,0.0662,0.9723,2.4012,0.1192,0.0166,0.0151,0.0244,0.9511,1.2721,VERMELHO
2026-09-16T22:14:52.661Z,0.0389,0.0018,0.0070,0.0114,-0.6139,7.4160,0.0438,0.0085,0.0050,0.0244,0.4029,2.9547,0.0344,0.0015,0.0031,0.0062,1.5379,3.5522,VERMELHO
2026-09-16T22:14:53.662Z,0.0266,0.0046,0.0034,0.0036,2.7675,0.9460,0.0283,0.0013,0.0027,0.0035,3.5862,2.9172,0.0196,0.0023,0.0031,0.0023,6.2633,1.4008,VERMELHO
2026-09-16T22:14:54.700Z,0.0196,0.0018,0.0006,0.0014,-1.8498,0.8996,0.0157,0.0023,0.0003,0.0011,0.5744,0.4970,0.0046,0.0005,0.0006,0.0006,20.3935,1.9471,VERMELHO
2026-09-16T22:14:55.701Z,0.0187,0.0014,0.0008,0.0012,-1.5594,0.7668,0.0176,0.0019,0.0007,0.0010,-0.0750,0.9259,0.0133,0.0022,0.0003,0.0022,4.6028,1.1285,VERMELHO
2026-09-16T22:14:56.701Z,0.0201,0.0039,0.0007,0.0014,-1.9936,0.2780,0.0182,0.0021,0.0006,0.0014,-0.5798,0.7611,0.0130,0.0015,0.0025,0.0029,4.5426,2.6635,VERMELHO
2026-09-16T22:14:57.720Z,0.0205,0.0033,0.0004,0.0017,-1.5106,0.4041,0.0172,0.0006,0.0007,0.0009,1.1714,2.1312,0.0055,0.0000,0.0000,0.0000,95.0101,0.0000,VERMELHO
2026-09-16T22:14:58.720Z,0.0165,0.0004,0.0004,0.0005,6.2100,1.7992,0.0170,0.0012,0.0002,0.0016,3.3105,1.4348,0.0084,0.0003,0.0006,0.0011,18.6198,5.7167,VERMELHO
2026-09-16T22:14:59.740Z,0.0191,0.0006,0.0016,0.0011,-1.7136,3.0564,0.0172,0.0022,0.0015,0.0014,-0.0452,0.8507,0.0098,0.0022,0.0016,0.0021,11.4759,1.2033,VERMELHO
2026-09-16T22:15:00.825Z,0.0192,0.0023,0.0003,0.0008,-0.0630,0.3482,0.0180,0.0013,0.0015,0.0011,-1.0078,1.2573,0.0093,0.0002,0.0002,0.0002,16.7266,1.7845,VERMELHO
2026-09-16T22:15:01.820Z,0.0169,0.0008,0.0002,0.0004,6.3844,0.5302,0.0167,0.0003,0.0002,0.0005,3.6438,0.6237,0.0118,0.0023,0.0021,0.0018,6.9214,1.1930,VERMELHO
2026-09-16T22:15:02.821Z,0.0175,0.0016,0.0004,0.0006,1.1203,0.4256,0.0174,0.0009,0.0001,0.0004,0.4977,0.3393,0.0098,0.0011,0.0011,0.0011,11.8987,1.2364,VERMELHO
2026-09-16T22:15:03.860Z,0.0177,0.0004,0.0009,0.0006,1.5368,2.9155,0.0185,0.0027,0.0010,0.0009,-1.3852,0.4783,0.0039,0.0000,0.0000,0.0000,0.0000,0.0000,VERMELHO
2026-09-16T22:15:04.861Z,0.0169,0.0027,0.0012,0.0012,-0.1435,0.6109,0.0170,0.0013,0.0009,0.0011,2.1837,0.8153,0.0130,0.0018,0.0006,0.0017,5.9478,1.0876,VERMELHO
2026-09-16T22:15:05.861Z,0.0181,0.0011,0.0003,0.0025,-0.6039,3.1054,0.0163,0.0004,0.0006,0.0012,10.8230,4.1012,0.0081,0.0009,0.0009,0.0016,14.6447,1.2683,VERMELHO
2026-09-16T22:15:06.861Z,0.0167,0.0005,0.0004,0.0004,2.0236,1.0581,0.0160,0.0000,0.0000,0.0000,62.8032,1.5783,0.0094,0.0018,0.0016,0.0009,43.4525,0.9687,VERMELHO
2026-09-16T22:15:07.861Z,0.0177,0.0017,0.0014,0.0026,7.2927,1.5603,0.0160,0.0000,0.0000,0.0000,21.7056,0.0000,0.0039,0.0000,0.0000,0.0000,0.0000,0.0000,VERMELHO
2026-09-16T22:15:08.860Z,0.0168,0.0006,0.0001,0.0011,-0.6007,1.6063,0.0138,0.0012,0.0011,0.0011,14.4481,1.1535,0.0039,0.0000,0.0000,0.0000,0.0000,0.0000,VERMELHO
2026-09-16T22:15:09.861Z,0.0158,0.0013,0.0008,0.0013,6.6244,1.1614,0.0159,0.0027,0.0010,0.0010,10.8085,0.5170,0.0104,0.0002,0.0009,0.0018,12.2851,10.3280,VERMELHO
2026-09-16T22:15:10.862Z,0.0162,0.0018,0.0004,0.0026,3.3893,1.3273,0.0174,0.0018,0.0014,0.0010,0.3704,0.8739,0.0094,0.0010,0.0021,0.0024,15.1870,3.2582,VERMELHO
2026-09-16T22:15:11.977Z,0.0135,0.0009,0.0006,0.0008,11.2302,1.2323,0.0173,0.0008,0.0013,0.0012,0.9517,2.5950,0.0123,0.0013,0.0017,0.0025,7.0518,2.4452,VERMELHO
2026-09-16T22:15:12.980Z,0.0180,0.0005,0.0005,0.0007,5.6043,1.7211,0.0164,0.0037,0.0004,0.0012,2.7474,0.2810,0.0100,0.0021,0.0017,0.0015,26.0355,1.2388,VERMELHO
2026-09-16T22:15:13.985Z,0.0135,0.0028,0.0012,0.0018,15.4850,0.7064,0.0173,0.0004,0.0004,0.0008,9.7715,2.4020,0.0060,0.0011,0.0016,0.0012,64.3740,1.8340,VERMELHO
2026-09-16T22:15:14.981Z,0.0168,0.0030,0.0017,0.0013,4.2274,0.6256,0.0172,0.0015,0.0011,0.0008,0.9264,0.8247,0.0094,0.0004,0.0007,0.0007,16.2840,2.0968,VERMELHO
2026-09-16T22:15:15.981Z,0.0171,0.0002,0.0020,0.0014,2.6671,14.4065,0.0176,0.0020,0.0011,0.0009,2.6745,0.7318,0.0128,0.0032,0.0006,0.0027,6.4127,0.6550,VERMELHO
2026-09-16T22:15:16.983Z,0.0147,0.0007,0.0011,0.0013,2.4689,2.0651,0.0163,0.0018,0.0010,0.0005,3.9431,0.6154,0.0129,0.0018,0.0010,0.0023,6.2563,1.2391,VERMELHO
2026-09-16T22:15:17.982Z,0.0109,0.0007,0.0000,0.0002,17.5755,0.4583,0.0130,0.0011,0.0010,0.0008,14.4355,1.1430,0.0039,0.0000,0.0000,0.0000,0.0000,0.0000,VERMELHO
2026-09-16T22:15:18.981Z,0.0145,0.0015,0.0013,0.0012,3.2373,1.3259,0.0094,0.0020,0.0009,0.0010,16.6434,0.5863,0.0153,0.0021,0.0011,0.0016,4.0596,0.8229,VERMELHO
2026-09-16T22:15:20.026Z,0.0093,0.0013,0.0008,0.0005,31.3919,0.6762,0.0139,0.0006,0.0003,0.0007,8.8940,1.0967,0.0142,0.0018,0.0009,0.0006,4.9637,0.5210,VERMELHO
2026-09-16T22:15:21.021Z,0.0129,0.0018,0.0014,0.0012,4.3959,1.1480,0.0111,0.0006,0.0001,0.0006,11.2259,1.6164,0.0151,0.0021,0.0004,0.0011,4.7125,0.6525,VERMELHO
2026-09-16T22:15:22.135Z,0.0094,0.0002,0.0001,0.0001,32.0749,0.6146,0.0170,0.0006,0.0004,0.0003,1.7373,0.8615,0.0140,0.0006,0.0004,0.0002,4.6657,0.8255,VERMELHO
2026-09-16T22:15:23.136Z,0.0101,0.0016,0.0019,0.0010,35.5719,1.3821,0.0179,0.0019,0.0011,0.0008,-0.6084,0.6597,0.0104,0.0002,0.0001,0.0005,12.7689,2.6963,VERMELHO
2026-09-16T22:15:24.181Z,0.0122,0.0011,0.0020,0.0008,6.3446,2.1161,0.0166,0.0010,0.0011,0.0009,4.6411,1.2879,0.0133,0.0012,0.0008,0.0018,3.7236,0.7712,VERMELHO
2026-09-16T22:15:25.120Z,0.0160,0.0030,0.0007,0.0012,0.6296,0.4546,0.0110,0.0001,0.0000,0.0000,5.1105,0.6296,0.0111,0.0001,0.0001,0.0000,38.9140,0.8258,VERMELHO
2026-09-16T22:15:26.144Z,0.0095,0.0032,0.0008,0.0010,25.8028,0.3401,0.0112,0.0002,0.0001,0.0001,-1.6464,0.7159,0.0159,0.0023,0.0007,0.0015,4.6883,0.3537,VERMELHO
2026-09-16T22:15:27.141Z,0.0106,0.0001,0.0000,0.0001,20.0003,0.7756,0.0168,0.0003,0.0002,0.0002,0.1478,0.8482,0.0125,0.0027,0.0024,0.0016,9.3724,0.9769,VERMELHO
2026-09-16T22:15:28.181Z,0.0092,0.0003,0.0001,0.0001,35.0256,0.5221,0.0163,0.0019,0.0006,0.0011,2.0726,0.6195,0.0085,0.0012,0.0012,0.0011,23.4493,1.5939,VERMELHO
2026-09-16T22:15:29.146Z,0.0148,0.0008,0.0008,0.0013,3.7917,1.9455,0.0124,0.0045,0.0014,0.0015,9.4807,0.4213,0.0154,0.0013,0.0010,0.0025,7.2584,2.1233,VERMELHO
2026-09-16T22:15:30.175Z,0.0147,0.0006,0.0007,0.0006,3.1383,1.6606,0.0131,0.0007,0.0016,0.0014,7.2263,3.2039,0.0147,0.0037,0.0003,0.0017,15.3291,0.4525,VERMELHO
2026-09-16T22:15:31.276Z,0.0154,0.0010,0.0003,0.0014,5.9230,1.0003,0.0130,0.0002,0.0001,0.0001,-1.8736,0.7170,0.0137,0.0030,0.0014,0.0028,12.3291,1.1666,VERMELHO
2026-09-16T22:15:32.265Z,0.0154,0.0005,0.0011,0.0016,1.6797,3.3898,0.0120,0.0012,0.0004,0.0004,15.2259,0.5339,0.0155,0.0008,0.0004,0.0009,7.0818,1.3857,VERMELHO
2026-09-16T22:15:33.296Z,0.0086,0.0004,0.0002,0.0001,61.6819,0.5255,0.0167,0.0009,0.0007,0.0008,1.5588,1.0926,0.0087,0.0015,0.0014,0.0012,20.3165,1.1944,VERMELHO
2026-09-16T22:15:34.261Z,0.0132,0.0004,0.0003,0.0003,4.9692,1.1240,0.0157,0.0004,0.0004,0.0006,16.5896,1.9870,0.0132,0.0031,0.0011,0.0024,5.0395,0.5754,VERMELHO
2026-09-16T22:15:35.342Z,0.0136,0.0003,0.0006,0.0008,6.6471,3.3537,0.0149,0.0004,0.0000,0.0006,2.4680,0.6966,0.0114,0.0031,0.0008,0.0019,12.2451,0.5541,VERMELHO
2026-09-16T22:15:36.296Z,0.0105,0.0003,0.0002,0.0002,11.9954,1.1623,0.0126,0.0010,0.0009,0.0006,10.5189,0.9560,0.0158,0.0004,0.0006,0.0008,8.7931,2.7268,VERMELHO
2026-09-16T22:15:37.356Z,0.0165,0.0013,0.0010,0.0007,1.2994,0.8335,0.0159,0.0006,0.0001,0.0002,19.4205,0.5354,0.0115,0.0003,0.0001,0.0006,17.6816,3.2486,VERMELHO
2026-09-16T22:15:38.325Z,0.0160,0.0008,0.0008,0.0012,2.0029,1.7783,0.0136,0.0009,0.0007,0.0006,5.2723,0.9175,0.0147,0.0028,0.0029,0.0012,7.6081,1.1279,VERMELHO
2026-09-16T22:15:39.382Z,0.0106,0.0000,0.0000,0.0000,15.8137,2.5006,0.0100,0.0013,0.0010,0.0007,37.3192,1.0881,0.0141,0.0003,0.0003,0.0006,11.5361,3.1473,VERMELHO
2026-09-16T22:15:40.375Z,0.0144,0.0013,0.0005,0.0009,2.5548,1.0312,0.0161,0.0017,0.0005,0.0008,4.3466,0.5098,0.0126,0.0015,0.0004,0.0009,15.9194,0.6964,VERMELHO
2026-09-16T22:15:41.423Z,0.0170,0.0009,0.0004,0.0010,2.3431,0.5827,0.0128,0.0008,0.0006,0.0004,10.6309,0.9070,0.0119,0.0005,0.0008,0.0010,60.0822,3.5858,VERMELHO
2026-09-16T22:15:42.438Z,0.0158,0.0009,0.0015,0.0012,3.4530,2.2300,0.0165,0.0015,0.0018,0.0011,-0.2155,1.4309,0.0121,0.0011,0.0016,0.0013,11.7629,1.7338,VERMELHO
2026-09-16T22:15:43.438Z,0.0164,0.0003,0.0007,0.0019,-0.1322,6.7843,0.0155,0.0010,0.0008,0.0008,6.3364,1.1433,0.0149,0.0005,0.0015,0.0018,8.6246,3.3117,VERMELHO
2026-09-16T22:15:44.464Z,0.0134,0.0035,0.0009,0.0010,3.6458,0.3920,0.0167,0.0042,0.0005,0.0017,7.2985,0.2869,0.0153,0.0022,0.0019,0.0024,4.8001,1.5791,VERMELHO
2026-09-16T22:15:45.477Z,0.0118,0.0011,0.0003,0.0014,16.2208,1.3770,0.0169,0.0011,0.0003,0.0025,3.7078,1.7246,0.0114,0.0017,0.0012,0.0010,13.1973,0.8234,VERMELHO
2026-09-16T22:15:46.504Z,0.0176,0.0010,0.0002,0.0016,0.9148,1.6522,0.0184,0.0014,0.0016,0.0011,-0.0962,1.3402,0.0147,0.0001,0.0010,0.0013,10.5254,18.5296,VERMELHO
2026-09-16T22:15:47.465Z,0.0173,0.0016,0.0005,0.0007,-1.1778,0.5201,0.0166,0.0015,0.0005,0.0011,4.0705,0.9696,0.0102,0.0015,0.0011,0.0008,22.2897,0.9801,VERMELHO
2026-09-16T22:15:48.579Z,0.0116,0.0001,0.0001,0.0002,7.5190,1.8268,0.0166,0.0018,0.0001,0.0006,5.1111,0.3913,0.0093,0.0017,0.0016,0.0014,18.7223,1.2498,VERMELHO
2026-09-16T22:15:49.503Z,0.0137,0.0023,0.0005,0.0011,9.8834,0.5685,0.0151,0.0006,0.0002,0.0003,3.6475,0.5443,0.0115,0.0010,0.0008,0.0013,14.3391,1.4285,VERMELHO
2026-09-16T22:15:50.537Z,0.0172,0.0032,0.0009,0.0010,0.6808,0.3666,0.0170,0.0020,0.0011,0.0023,-0.5282,0.8631,0.0148,0.0018,0.0007,0.0019,18.8225,0.8143,VERMELHO
2026-09-16T22:15:51.627Z,0.0163,0.0024,0.0008,0.0013,3.7613,0.7496,0.0114,0.0006,0.0007,0.0012,6.3536,2.2581,0.0136,0.0015,0.0009,0.0006,21.6110,0.7500,VERMELHO
2026-09-16T22:15:52.662Z,0.0143,0.0025,0.0003,0.0008,2.7983,0.2656,0.0112,0.0025,0.0011,0.0010,10.8610,0.5706,0.0181,0.0009,0.0007,0.0013,10.3315,1.3378,VERMELHO
2026-09-16T22:15:53.618Z,0.0155,0.0027,0.0004,0.0015,1.7964,0.6705,0.0086,0.0000,0.0000,0.0000,61.6819,0.0000,0.0157,0.0015,0.0013,0.0014,12.3965,1.0409,VERMELHO
2026-09-16T22:15:54.617Z,0.0089,0.0009,0.0000,0.0003,45.0204,0.4240,0.0148,0.0022,0.0010,0.0022,2.1377,0.9075,0.0159,0.0006,0.0007,0.0005,5.2993,1.2652,VERMELHO
2026-09-16T22:15:55.663Z,0.0095,0.0008,0.0005,0.0006,42.5147,1.2418,0.0153,0.0011,0.0002,0.0005,1.5730,0.3505,0.0119,0.0043,0.0023,0.0020,8.0056,0.6634,VERMELHO
2026-09-16T22:15:56.668Z,0.0112,0.0008,0.0007,0.0006,10.2070,1.3556,0.0160,0.0001,0.0001,0.0004,20.0417,1.0777,0.0118,0.0003,0.0007,0.0004,7.6881,3.5051,VERMELHO
2026-09-16T22:15:57.702Z,0.0119,0.0014,0.0006,0.0008,9.3543,0.8987,0.0167,0.0014,0.0008,0.0010,6.4537,0.7680,0.0115,0.0012,0.0007,0.0005,10.2005,0.5763,VERMELHO
2026-09-16T22:15:58.706Z,0.0278,0.0062,0.0023,0.0042,0.9094,0.7382,0.0252,0.0017,0.0007,0.0040,9.2400,1.5030,0.0270,0.0041,0.0019,0.0042,5.1195,1.0198,VERMELHO
2026-09-16T22:15:59.703Z,0.0329,0.0022,0.0019,0.0075,1.5828,3.2277,0.0374,0.0027,0.0055,0.0079,4.8057,3.1276,0.0262,0.0043,0.0074,0.0046,2.2891,2.0583,VERMELHO
2026-09-16T22:16:00.783Z,0.0371,0.0030,0.0011,0.0063,1.1407,2.1380,0.0378,0.0062,0.0053,0.0060,2.3517,1.3885,0.0331,0.0040,0.0025,0.0040,0.7555,0.9764,VERMELHO
2026-09-16T22:16:01.783Z,0.0229,0.0033,0.0017,0.0031,1.9293,0.8022,0.0241,0.0047,0.0013,0.0034,6.3218,0.8552,0.0213,0.0021,0.0018,0.0017,6.8235,1.2880,VERMELHO
2026-09-16T22:16:02.789Z,0.0134,0.0012,0.0004,0.0006,4.0290,0.5037,0.0144,0.0023,0.0012,0.0017,1.7977,1.0860,0.0121,0.0021,0.0015,0.0011,5.9726,0.9574,VERMELHO
2026-09-16T22:16:03.798Z,0.0132,0.0010,0.0006,0.0007,5.9867,0.8920,0.0115,0.0017,0.0010,0.0006,7.9872,0.6881,0.0088,0.0035,0.0013,0.0019,17.5943,0.7744,VERMELHO
2026-09-16T22:16:04.787Z,0.0115,0.0002,0.0003,0.0003,14.2690,2.6008,0.0103,0.0011,0.0008,0.0009,13.9393,1.1147,0.0136,0.0022,0.0007,0.0030,3.4709,1.3036,VERMELHO
2026-09-16T22:16:05.838Z,0.0104,0.0003,0.0002,0.0001,14.1030,0.6940,0.0089,0.0019,0.0000,0.0007,45.0204,0.4186,0.0099,0.0006,0.0014,0.0016,17.4629,3.7263,VERMELHO
2026-09-16T22:16:06.837Z,0.0116,0.0020,0.0016,0.0011,14.1318,1.0175,0.0127,0.0007,0.0004,0.0004,5.3075,0.6034,0.0091,0.0026,0.0021,0.0016,44.1286,0.9690,VERMELHO
2026-09-16T22:16:07.838Z,0.0196,0.0014,0.0018,0.0024,0.8227,2.3004,0.0186,0.0001,0.0012,0.0014,2.2171,25.1084,0.0159,0.0025,0.0006,0.0019,4.8717,0.6667,VERMELHO
2026-09-16T22:16:08.908Z,0.1105,0.0082,0.0109,0.0225,13.0811,2.6871,0.2074,0.0273,0.0119,0.0358,13.1507,0.7878,0.0737,0.0033,0.0154,0.0170,3.1084,7.1874,VERMELHO
2026-09-16T22:16:09.866Z,0.2300,0.0331,0.0138,0.0745,14.5518,2.1592,0.1420,0.0326,0.0160,0.0470,9.8595,1.1927,0.1134,0.0136,0.0102,0.0474,9.2208,1.6483,VERMELHO
2026-09-16T22:16:10.933Z,0.1808,0.0151,0.0062,0.0485,-0.8138,3.2347,0.0838,0.0053,0.0032,0.0257,3.2836,3.1470,0.0930,0.0066,0.0070,0.0219,-0.4825,4.0954,VERMELHO
2026-09-16T22:16:11.952Z,0.2089,0.0304,0.0047,0.1413,-0.9316,1.8103,0.1229,0.0265,0.0074,0.0442,-0.0398,1.8158,0.1091,0.0147,0.0091,0.0555,-0.9510,1.2996,AMARELO
2026-09-16T22:16:12.952Z,0.1901,0.0188,0.0312,0.0925,-0.6019,4.4886,0.1573,0.0176,0.0194,0.1072,-0.2220,1.9147,0.1197,0.0110,0.0079,0.0739,-0.3645,2.9793,AMARELO
2026-09-16T22:16:14.166Z,0.1751,0.0033,0.0204,0.1033,-0.7441,22.6609,0.1408,0.0027,0.0079,0.0967,-0.4365,9.7249,0.1132,0.0043,0.0178,0.0613,-0.6912,6.6381,VERMELHO
2026-09-16T22:16:14.982Z,0.1872,0.0156,0.0291,0.1187,-0.3155,4.9493,0.1794,0.0136,0.0096,0.1503,0.3101,1.1376,0.1277,0.0098,0.0110,0.0808,-0.5105,3.0940,VERMELHO
2026-09-16T22:16:15.942Z,0.2005,0.0085,0.0193,0.0898,-0.6422,6.7555,0.1808,0.0077,0.0015,0.1165,-0.1446,6.7907,0.1379,0.0016,0.0215,0.0747,-0.4184,21.3472,AMARELO
2026-09-16T22:16:16.947Z,0.2009,0.0183,0.0303,0.1215,-0.2988,4.0917,0.1857,0.0091,0.0071,0.1253,-0.1587,2.8635,0.1346,0.0097,0.0174,0.0782,-0.5536,2.6541,AMARELO
2026-09-16T22:16:17.942Z,0.2125,0.0056,0.0219,0.0989,-0.1392,10.9712,0.2157,0.0047,0.0148,0.1517,0.0284,8.3655,0.1483,0.0072,0.0161,0.0791,-0.5369,4.2283,VERMELHO
2026-09-16T22:16:18.942Z,0.2063,0.0106,0.0205,0.1112,0.0196,6.9888,0.2583,0.0202,0.0055,0.2342,-0.4813,1.2605,0.1535,0.0069,0.0269,0.0898,-0.6230,5.0037,AMARELO
2026-09-16T22:16:19.982Z,0.2216,0.0070,0.0344,0.1115,0.2617,10.0698,0.2546,0.0065,0.0225,0.1920,-0.4011,6.8373,0.1572,0.0171,0.0114,0.0974,-0.5195,1.3639,VERMELHO
2026-09-16T22:16:20.983Z,0.2273,0.0132,0.0340,0.1060,-0.1957,3.1835,0.2242,0.0152,0.0124,0.1518,-0.4275,2.9747,0.1506,0.0080,0.0253,0.0646,-0.6626,5.4209,VERDE
2026-09-16T22:16:21.983Z,0.2314,0.0155,0.0165,0.1102,0.1867,5.2158,0.2521,0.0042,0.0150,0.2034,-0.5311,6.9781,0.1439,0.0272,0.0090,0.0711,-0.3506,1.1089,VERDE
2026-09-16T22:16:22.988Z,0.2207,0.0196,0.0260,0.1281,-0.1385,3.9476,0.2290,0.0163,0.0145,0.2050,-0.3713,1.9141,0.1455,0.0148,0.0166,0.0733,-0.4251,2.1076,AMARELO
2026-09-16T22:16:23.943Z,0.2172,0.0137,0.0272,0.1030,0.0928,4.5339,0.2812,0.0211,0.0485,0.2522,-0.3283,3.4443,0.1572,0.0174,0.0154,0.0784,-0.3180,2.3053,AMARELO
2026-09-16T22:16:24.944Z,0.2077,0.0107,0.0098,0.0826,0.3277,7.2121,0.2680,0.0286,0.0246,0.2139,-0.8018,1.4980,0.1658,0.0135,0.0213,0.0742,-0.3002,2.3371,AMARELO
2026-09-16T22:16:25.983Z,0.2261,0.0263,0.0386,0.1128,-0.0443,3.3989,0.2231,0.0099,0.0379,0.1848,0.0056,5.5876,0.1447,0.0156,0.0177,0.0788,-0.1851,2.1242,VERMELHO
2026-09-16T22:16:26.953Z,0.2249,0.0219,0.0090,0.0979,0.2050,2.5939,0.2553,0.0174,0.0215,0.2370,-0.6264,1.7640,0.1621,0.0189,0.0044,0.0853,-0.3404,1.4157,AMARELO
2026-09-16T22:16:27.957Z,0.2575,0.0057,0.0343,0.1279,-0.2039,15.3822,0.2811,0.0044,0.0263,0.2492,-0.6819,9.6264,0.1640,0.0163,0.0238,0.0941,-0.2993,2.1966,VERMELHO
2026-09-16T22:16:28.948Z,0.2710,0.0346,0.0065,0.1576,-0.0253,3.2050,0.3083,0.0229,0.0101,0.2405,-0.7021,1.7977,0.1761,0.0189,0.0136,0.0813,-0.0581,2.3432,VERDE
2026-09-16T22:16:29.993Z,0.2574,0.0184,0.0473,0.1195,-0.0441,7.0854,0.3441,0.0107,0.0873,0.3143,-0.5928,9.0018,0.1792,0.0102,0.0111,0.0914,-0.3612,3.8149,AMARELO
2026-09-16T22:16:30.993Z,0.2591,0.0112,0.0304,0.0982,-0.2781,6.2785,0.3063,0.0353,0.0378,0.1383,-0.6496,1.8422,0.1729,0.0096,0.0064,0.0440,-0.2315,1.8144,AMARELO
2026-09-16T22:16:31.993Z,0.2756,0.0141,0.0355,0.1367,0.0741,7.3392,0.3161,0.0011,0.0567,0.2959,-0.4307,61.5195,0.1793,0.0094,0.0201,0.0933,-0.4405,4.0418,VERMELHO
2026-09-16T22:16:33.038Z,0.2619,0.0131,0.0717,0.1767,-0.2178,12.6311,0.3213,0.0052,0.0650,0.2765,-0.5920,14.1012,0.1762,0.0157,0.0084,0.0853,-0.2068,2.7882,VERMELHO
2026-09-16T22:16:33.984Z,0.2780,0.0109,0.0715,0.1614,-0.1545,12.7415,0.2970,0.0131,0.0806,0.2671,-0.3019,7.3886,0.1809,0.0030,0.0167,0.1024,-0.2165,13.4739,VERMELHO
2026-09-16T22:16:34.982Z,0.2740,0.0183,0.0285,0.1548,-0.2966,5.6175,0.2831,0.0100,0.0400,0.2421,-0.7735,5.1588,0.1551,0.0043,0.0267,0.0742,-0.2473,10.8635,AMARELO
2026-09-16T22:16:35.987Z,0.2504,0.0042,0.0489,0.1586,0.1550,32.4476,0.2948,0.0190,0.0370,0.2325,-0.7307,3.0352,0.1657,0.0160,0.0129,0.0745,-0.4557,1.8521,VERMELHO
2026-09-16T22:16:36.988Z,0.2683,0.0078,0.0378,0.1293,-0.3640,15.2362,0.2814,0.0105,0.0661,0.2392,-0.5454,7.3280,0.1626,0.0331,0.0128,0.0840,-0.3791,1.3815,VERMELHO
2026-09-16T22:16:37.983Z,0.2480,0.0240,0.0336,0.1238,-0.1070,4.5400,0.2793,0.0232,0.0660,0.2442,-0.8615,2.9572,0.1646,0.0154,0.0175,0.0921,-0.3984,3.0957,VERDE
2026-09-16T22:16:38.977Z,0.2770,0.0314,0.0154,0.1348,0.0943,3.8189,0.2965,0.0165,0.0811,0.2696,-0.3749,5.6201,0.1627,0.0088,0.0230,0.0819,-0.0700,6.0616,AMARELO
2026-09-16T22:16:39.978Z,0.2614,0.0306,0.0230,0.1446,-0.0545,2.1233,0.2913,0.0134,0.0515,0.2048,-0.5435,4.3563,0.1513,0.0152,0.0217,0.0763,-0.2966,1.9335,VERDE
2026-09-16T22:16:41.024Z,0.2439,0.0200,0.0120,0.1080,-0.2615,3.5423,0.2514,0.0136,0.0545,0.1552,-0.6952,4.9253,0.1355,0.0104,0.0057,0.0633,-0.0798,1.8714,VERDE
2026-09-16T22:16:42.039Z,0.2468,0.0149,0.0197,0.1481,0.0279,10.0400,0.2481,0.0222,0.0670,0.1928,0.1539,3.2975,0.1630,0.0059,0.0160,0.0779,-0.1500,8.6701,VERMELHO
2026-09-16T22:16:43.018Z,0.2659,0.0236,0.0227,0.1200,-0.4908,3.2784,0.2396,0.0158,0.0577,0.1678,-0.1443,4.2051,0.1585,0.0057,0.0083,0.0922,-0.0316,4.4929,AMARELO
2026-09-16T22:16:44.063Z,0.2517,0.0081,0.0458,0.1453,-0.0493,18.9093,0.2005,0.0099,0.0286,0.1037,0.3148,6.1174,0.1386,0.0102,0.0400,0.0732,0.2553,7.1749,VERMELHO
2026-09-16T22:16:45.024Z,0.2442,0.0175,0.0843,0.1740,-0.5546,11.0324,0.1982,0.0018,0.0550,0.1294,-0.1943,43.0821,0.1464,0.0116,0.0205,0.0768,-0.2002,5.1439,VERMELHO
2026-09-16T22:16:46.337Z,0.2299,0.0140,0.0514,0.1360,-0.4055,9.8123,0.1895,0.0022,0.0496,0.1326,0.0498,30.9249,0.1316,0.0084,0.0146,0.0714,-0.1946,4.5433,VERMELHO
2026-09-16T22:16:47.063Z,0.2400,0.0166,0.0312,0.1475,-0.0790,9.1457,0.2111,0.0059,0.0394,0.1684,-0.4612,9.9365,0.1447,0.0123,0.0235,0.0804,-0.1374,4.3253,AMARELO
2026-09-16T22:16:48.057Z,0.2474,0.0059,0.0318,0.1292,-0.1653,21.2178,0.2047,0.0170,0.0230,0.1338,-0.2764,2.1341,0.1444,0.0129,0.0079,0.0862,-0.2518,1.5773,VERMELHO
2026-09-16T22:16:49.062Z,0.2396,0.0044,0.0351,0.1440,-0.5281,33.9221,0.1860,0.0091,0.0319,0.1477,-0.3986,6.4453,0.1332,0.0138,0.0113,0.0794,-0.1400,3.0490,VERMELHO
2026-09-16T22:16:50.062Z,0.2409,0.0091,0.0684,0.0686,-0.2955,10.8746,0.2006,0.0241,0.0208,0.0838,0.2818,1.8539,0.1435,0.0093,0.0095,0.0375,-0.2753,3.3969,VERMELHO
2026-09-16T22:16:51.063Z,0.2543,0.0197,0.0539,0.1448,0.1922,7.8628,0.2414,0.0191,0.0551,0.2031,-0.5611,3.7392,0.1463,0.0185,0.0118,0.0729,-0.2631,2.4535,AMARELO
2026-09-16T22:16:52.056Z,0.2414,0.0143,0.0328,0.1583,-0.5259,11.3239,0.1935,0.0073,0.0152,0.1294,-0.1631,5.3244,0.1367,0.0120,0.0153,0.0846,-0.3766,4.6112,VERMELHO
2026-09-16T22:16:53.067Z,0.2298,0.0224,0.0345,0.1310,-0.4499,6.0784,0.1500,0.0083,0.0237,0.0764,-0.2290,4.9340,0.1227,0.0012,0.0114,0.0759,-0.4537,37.2252,VERMELHO
2026-09-16T22:16:54.057Z,0.2328,0.0203,0.0378,0.1026,-0.6009,2.2638,0.1859,0.0038,0.0103,0.0848,-0.5735,9.2353,0.1307,0.0090,0.0246,0.0697,-0.4977,3.9112,VERDE
2026-09-16T22:16:55.057Z,0.2372,0.0094,0.0324,0.1338,-0.3917,14.9009,0.2054,0.0271,0.0373,0.1539,-0.6922,2.3691,0.1348,0.0053,0.0208,0.0710,-0.2090,9.4766,VERMELHO
2026-09-16T22:16:56.048Z,0.2414,0.0229,0.0213,0.1662,-0.4010,7.3972,0.1993,0.0206,0.0349,0.1638,-0.0391,2.6597,0.1265,0.0150,0.0080,0.0599,-0.1568,3.3953,AMARELO
2026-09-16T22:16:57.063Z,0.2436,0.0293,0.0325,0.1299,-0.1833,4.6573,0.2171,0.0152,0.0576,0.1610,-0.1494,4.4753,0.1317,0.0025,0.0150,0.0520,0.2539,12.5120,AMARELO
2026-09-16T22:16:58.068Z,0.2375,0.0049,0.0292,0.1421,-0.6483,29.7202,0.1682,0.0059,0.0257,0.1070,-0.3931,5.9654,0.1301,0.0179,0.0028,0.0761,-0.2791,2.9966,VERMELHO
2026-09-16T22:16:59.153Z,0.2333,0.0063,0.0397,0.1419,-0.1889,23.3263,0.1991,0.0035,0.0420,0.1572,-0.5955,16.4838,0.1308,0.0130,0.0149,0.0669,-0.0070,3.0581,VERMELHO
2026-09-16T22:17:00.083Z,0.2261,0.0163,0.0153,0.0662,-0.1902,2.1970,0.1591,0.0142,0.0190,0.0552,-0.0545,2.2415,0.1255,0.0062,0.0140,0.0371,-0.1233,5.0017,AMARELO
2026-09-16T22:17:01.098Z,0.2325,0.0225,0.0128,0.1087,-0.4211,4.8855,0.1922,0.0249,0.0277,0.1112,-0.3991,2.5684,0.1393,0.0079,0.0027,0.0699,0.7036,5.0564,VERDE
2026-09-16T22:17:02.103Z,0.2449,0.0170,0.0311,0.1496,-0.1718,9.1004,0.2090,0.0124,0.0438,0.1748,-0.5928,5.5012,0.1461,0.0119,0.0244,0.0714,-0.0414,4.4505,AMARELO
2026-09-16T22:17:03.103Z,0.2449,0.0170,0.0366,0.1430,-0.4157,8.7770,0.1882,0.0075,0.0313,0.1426,-0.3473,7.2384,0.1250,0.0092,0.0142,0.0650,0.3500,4.0590,AMARELO
2026-09-16T22:17:04.107Z,0.2248,0.0158,0.0193,0.1324,-0.3218,8.7279,0.1721,0.0058,0.0383,0.1105,-0.4487,10.1047,0.1339,0.0055,0.0078,0.0708,-0.0535,8.1749,AMARELO
2026-09-16T22:17:05.107Z,0.2576,0.0230,0.0210,0.1228,0.0198,1.8982,0.2320,0.0098,0.0411,0.1294,-0.5169,7.3331,0.1605,0.0065,0.0081,0.0715,-0.2326,3.1153,VERDE
2026-09-16T22:17:06.107Z,0.2488,0.0168,0.0119,0.1090,-0.1618,6.6587,0.2542,0.0094,0.0619,0.1975,-0.3790,7.7736,0.1539,0.0173,0.0095,0.0718,-0.0099,1.6078,AMARELO
2026-09-16T22:17:07.108Z,0.2584,0.0263,0.0215,0.1229,-0.1709,4.9612,0.2481,0.0239,0.0448,0.2130,-0.4454,2.9526,0.1592,0.0125,0.0017,0.0686,-0.2086,3.1080,VERDE
2026-09-16T22:17:08.098Z,0.2659,0.0333,0.0269,0.1420,0.0194,4.4389,0.2715,0.0146,0.0458,0.2419,-0.5962,6.1285,0.1685,0.0059,0.0134,0.0661,-0.2608,7.7621,VERDE
2026-09-16T22:17:09.146Z,0.2530,0.0058,0.0270,0.1647,-0.0180,29.4014,0.1820,0.0228,0.0294,0.1577,-0.5740,2.3590,0.1339,0.0239,0.0152,0.0584,0.0153,1.4377,VERMELHO
2026-09-16T22:17:10.243Z,0.2408,0.0053,0.0250,0.0882,-0.4361,15.2599,0.2037,0.0202,0.0165,0.0768,-0.2225,2.4531,0.1381,0.0120,0.0223,0.0442,-0.2720,3.1526,VERMELHO
2026-09-16T22:17:11.223Z,0.2489,0.0166,0.0430,0.1177,-0.2277,7.3896,0.1959,0.0307,0.0304,0.1483,-0.2611,1.7537,0.1377,0.0170,0.0181,0.0593,0.0196,2.0947,AMARELO
2026-09-16T22:17:12.263Z,0.2483,0.0059,0.0156,0.1263,-0.2933,21.8502,0.2193,0.0135,0.0445,0.1584,-0.5249,4.6126,0.1387,0.0086,0.0127,0.0734,0.0173,4.1210,VERMELHO
2026-09-16T22:17:13.228Z,0.2620,0.0147,0.0206,0.1080,0.0767,7.6756,0.2412,0.0218,0.0544,0.2218,-0.6036,3.3832,0.1533,0.0016,0.0231,0.0680,-0.2806,32.3392,VERMELHO
2026-09-16T22:17:14.223Z,0.2691,0.0180,0.0337,0.1543,-0.2919,8.7972,0.2152,0.0230,0.0304,0.1366,-0.1696,2.4918,0.1460,0.0014,0.0058,0.0659,-0.4956,26.6652,AMARELO
2026-09-16T22:17:15.217Z,0.2491,0.0187,0.0419,0.1649,-0.1791,9.1504,0.1819,0.0054,0.0336,0.1252,-0.6513,9.5290,0.1353,0.0181,0.0207,0.0695,0.1267,2.5533,AMARELO
2026-09-16T22:17:16.223Z,0.2739,0.0065,0.0495,0.1476,0.0448,24.4137,0.2305,0.0163,0.0551,0.1672,-0.5299,4.8206,0.1507,0.0129,0.0285,0.0818,-0.2121,3.7587,VERMELHO
2026-09-16T22:17:17.223Z,0.2582,0.0199,0.0082,0.1056,0.1287,5.6246,0.2170,0.0036,0.0448,0.1637,-0.1844,18.5931,0.1341,0.0053,0.0068,0.0726,-0.2476,7.4138,AMARELO
2026-09-16T22:17:18.223Z,0.2506,0.0109,0.0111,0.1396,-0.1334,13.0302,0.2103,0.0250,0.0318,0.1516,-0.4137,2.0953,0.1257,0.0117,0.0079,0.0673,-0.3297,3.4116,VERMELHO
2026-09-16T22:17:19.222Z,0.2429,0.0126,0.0219,0.1170,-0.3513,9.8184,0.1933,0.0203,0.0260,0.1409,-0.3484,2.8118,0.1308,0.0079,0.0139,0.0671,-0.0782,5.4810,VERMELHO
2026-09-16T22:17:20.223Z,0.2319,0.0146,0.0170,0.0867,-0.5036,4.2198,0.1764,0.0308,0.0121,0.0683,-0.4286,2.3924,0.1314,0.0039,0.0056,0.0410,0.0104,10.0650,VERDE
2026-09-16T22:17:21.262Z,0.2434,0.0290,0.0331,0.1235,-0.1783,4.4529,0.2105,0.0222,0.0437,0.1883,-0.6114,2.4633,0.1406,0.0169,0.0161,0.0676,-0.0981,2.6122,VERDE
2026-09-16T22:17:22.222Z,0.2609,0.0069,0.0290,0.1348,-0.1631,20.0371,0.2128,0.0052,0.0515,0.1844,-0.1869,13.0563,0.1398,0.0195,0.0038,0.0679,0.1208,1.7814,VERMELHO
2026-09-16T22:17:23.252Z,0.2498,0.0177,0.0256,0.1563,-0.2169,9.0278,0.1899,0.0143,0.0355,0.1396,-0.0520,4.1762,0.1283,0.0177,0.0226,0.0642,0.2833,2.5553,AMARELO
2026-09-16T22:17:24.222Z,0.2527,0.0250,0.0073,0.1128,0.0396,4.6475,0.2343,0.0188,0.0543,0.2160,-0.5974,4.2486,0.1612,0.0043,0.0228,0.0870,-0.1621,10.9513,VERDE
2026-09-16T22:17:25.222Z,0.2615,0.0135,0.0314,0.1372,0.0356,10.8708,0.2419,0.0315,0.0453,0.2004,-0.1373,2.1687,0.1523,0.0021,0.0121,0.0612,0.0349,15.8369,VERMELHO
2026-09-16T22:17:26.203Z,0.2609,0.0108,0.0273,0.1153,-0.3417,11.0476,0.2420,0.0120,0.0439,0.1911,-0.4381,6.7030,0.1462,0.0052,0.0171,0.0467,-0.2216,8.5411,VERMELHO
2026-09-16T22:17:27.222Z,0.2665,0.0436,0.0498,0.1008,0.1405,2.5109,0.2600,0.0284,0.0497,0.1722,-0.6214,3.1386,0.1585,0.0363,0.0113,0.0558,-0.2385,0.7888,AMARELO
2026-09-16T22:17:28.232Z,0.2641,0.0093,0.0220,0.1329,-0.0556,14.8569,0.2425,0.0050,0.0447,0.2200,-0.5155,15.5067,0.1499,0.0194,0.0041,0.0658,-0.4590,2.2848,VERMELHO
2026-09-16T22:17:29.262Z,0.2576,0.0179,0.0139,0.1039,0.2473,2.8714,0.2336,0.0186,0.0301,0.1943,-0.4549,2.8262,0.1315,0.0041,0.0127,0.0509,0.0789,5.3601,AMARELO
2026-09-16T22:17:30.257Z,0.2853,0.0264,0.0567,0.1354,-0.1550,5.1186,0.2498,0.0555,0.0710,0.1869,-0.6143,1.5683,0.1437,0.0171,0.0144,0.0430,0.1787,2.6042,AMARELO
2026-09-16T22:17:31.263Z,0.2505,0.0144,0.0209,0.1449,-0.3573,10.4195,0.1870,0.0127,0.0352,0.1314,-0.4056,3.7900,0.1292,0.0131,0.0020,0.0588,0.5191,2.2027,VERMELHO
2026-09-16T22:17:32.262Z,0.2473,0.0449,0.0185,0.1178,-0.1387,2.7845,0.2150,0.0218,0.0472,0.1858,-0.5966,2.7465,0.1351,0.0205,0.0161,0.0549,0.4551,1.6224,VERDE
2026-09-16T22:17:33.263Z,0.2475,0.0229,0.0373,0.1238,-0.4003,5.8575,0.2162,0.0230,0.0530,0.1725,-0.2686,3.2462,0.1319,0.0083,0.0094,0.0531,0.3871,4.2695,AMARELO
2026-09-16T22:17:34.283Z,0.2497,0.0069,0.0255,0.1165,-0.1381,17.3020,0.1953,0.0106,0.0395,0.1583,-0.1711,5.8048,0.1384,0.0199,0.0099,0.0691,0.1026,2.0003,VERMELHO
2026-09-16T22:17:35.263Z,0.2677,0.0026,0.0603,0.1596,-0.1946,65.2184,0.2290,0.0213,0.0585,0.1857,-0.2198,3.8242,0.1470,0.0091,0.0157,0.0618,0.4535,5.0603,VERMELHO
2026-09-16T22:17:36.263Z,0.2438,0.0163,0.0171,0.1396,-0.2161,8.7719,0.1830,0.0052,0.0312,0.1059,-0.0008,10.3613,0.1313,0.0016,0.0110,0.0579,0.0209,21.6927,VERMELHO
2026-09-16T22:17:37.263Z,0.2441,0.0336,0.0204,0.1171,-0.0103,3.2012,0.2048,0.0291,0.0501,0.1366,-0.1540,2.4868,0.1476,0.0182,0.0209,0.0594,-0.3792,2.1985,AMARELO
2026-09-16T22:17:38.304Z,0.2440,0.0108,0.0298,0.1429,-0.1523,12.9769,0.2023,0.0295,0.0385,0.1510,-0.2694,1.8175,0.1462,0.0079,0.0163,0.0688,0.1353,5.7881,VERMELHO
2026-09-16T22:17:39.303Z,0.2538,0.0206,0.0555,0.1192,-0.4599,3.9836,0.2102,0.0285,0.0505,0.1518,-0.5721,2.5322,0.1441,0.0080,0.0176,0.0482,-0.1914,4.2631,VERDE
2026-09-16T22:17:40.303Z,0.2460,0.0096,0.0204,0.1347,-0.3983,10.2754,0.2087,0.0065,0.0455,0.1857,-0.5872,9.6765,0.1249,0.0017,0.0076,0.0434,0.0189,12.3475,VERMELHO
2026-09-16T22:17:41.303Z,0.2426,0.0035,0.0135,0.1408,-0.1611,40.5815,0.1762,0.0125,0.0276,0.0966,-0.2818,3.4714,0.1254,0.0164,0.0104,0.0610,-0.5185,2.7255,VERMELHO
2026-09-16T22:17:42.343Z,0.2392,0.0190,0.0191,0.1362,-0.4388,7.3228,0.1765,0.0138,0.0331,0.0996,-0.0731,3.4799,0.1322,0.0065,0.0086,0.0636,-0.1082,5.7157,AMARELO
2026-09-16T22:17:43.343Z,0.2291,0.0064,0.0107,0.0836,5.5580,6.4664,0.2487,0.0309,0.0297,0.0922,7.3396,3.1772,0.1381,0.0095,0.0269,0.0431,4.6172,3.8807,VERMELHO
2026-09-16T22:17:44.303Z,0.2258,0.0303,0.0443,0.1552,-0.0516,2.7608,0.2131,0.0121,0.0080,0.1516,0.1006,1.7663,0.1361,0.0128,0.0269,0.0590,-0.0654,3.4023,VERMELHO
2026-09-16T22:17:45.337Z,0.2283,0.0157,0.0225,0.1258,-0.5552,2.2665,0.2489,0.0284,0.0116,0.1849,-0.6533,1.2063,0.1424,0.0030,0.0090,0.0532,-0.2922,4.9696,VERDE
2026-09-16T22:17:46.312Z,0.2334,0.0182,0.0128,0.1245,-0.2081,2.3255,0.2462,0.0175,0.0296,0.2293,-0.4611,2.1868,0.1392,0.0052,0.0156,0.0405,0.5095,4.9033,VERDE
2026-09-16T22:17:47.387Z,0.2002,0.0146,0.0254,0.0845,-0.0051,3.8558,0.2019,0.0247,0.0055,0.1261,0.0332,1.5623,0.1383,0.0220,0.0114,0.0492,0.2647,1.1648,VERMELHO
2026-09-16T22:17:48.347Z,0.2322,0.0190,0.0333,0.1498,-0.5185,2.7104,0.1927,0.0184,0.0062,0.1306,-0.5082,0.9400,0.1308,0.0069,0.0052,0.0577,-0.4123,2.9957,VERDE
2026-09-16T22:17:49.422Z,0.2734,0.0109,0.0496,0.1913,-0.8236,5.8808,0.2234,0.0137,0.0150,0.1506,-0.0614,2.0536,0.1369,0.0128,0.0277,0.0600,-0.3395,3.7247,AMARELO
2026-09-16T22:17:50.422Z,0.2047,0.0093,0.0098,0.1301,-0.2619,6.3178,0.1598,0.0152,0.0073,0.0601,0.8651,2.3811,0.1370,0.0176,0.0035,0.0456,0.3873,1.1192,VERMELHO
2026-09-16T22:17:51.423Z,0.2613,0.0200,0.0285,0.2022,-0.6688,2.1989,0.2243,0.0109,0.0178,0.1220,0.5912,4.0906,0.1367,0.0057,0.0020,0.0618,-0.2909,3.9123,VERMELHO
2026-09-16T22:17:52.422Z,0.2223,0.0123,0.0358,0.1498,-0.3478,4.0426,0.2341,0.0085,0.0217,0.1775,-0.4298,4.0302,0.1467,0.0189,0.0090,0.0605,0.0966,1.2984,VERDE
2026-09-16T22:17:53.418Z,0.2614,0.0073,0.0089,0.1618,-0.1636,7.5446,0.2699,0.0082,0.0142,0.2047,-0.2546,5.1036,0.1431,0.0153,0.0017,0.0471,-0.2584,0.9338,AMARELO
2026-09-16T22:17:54.422Z,0.2563,0.0028,0.0393,0.1724,0.1815,16.4097,0.3274,0.0060,0.0089,0.3183,-0.7958,9.7889,0.1633,0.0301,0.0081,0.0548,-0.7068,0.4661,VERMELHO
2026-09-16T22:17:55.432Z,0.2587,0.0401,0.0275,0.1838,-0.3718,1.2640,0.3063,0.0158,0.0138,0.2443,-0.6205,2.3937,0.1484,0.0128,0.0127,0.0638,-0.4131,1.9792,VERDE
2026-09-16T22:17:56.437Z,0.2352,0.0157,0.0210,0.1629,-0.2406,1.8512,0.2753,0.0103,0.0018,0.2683,-0.6937,4.9938,0.1435,0.0089,0.0071,0.0625,-0.2971,1.3087,VERDE
2026-09-16T22:17:57.437Z,0.2541,0.0070,0.0424,0.1589,-0.1237,9.9643,0.2457,0.0154,0.0219,0.1646,-0.3961,1.8847,0.1315,0.0216,0.0120,0.0401,-0.3250,0.9228,VERMELHO
2026-09-16T22:17:58.427Z,0.2262,0.0335,0.0225,0.1199,0.1679,1.2553,0.2325,0.0188,0.0119,0.1754,-0.4209,3.8101,0.1436,0.0177,0.0043,0.0459,-0.0963,1.8337,VERDE
2026-09-16T22:17:59.427Z,0.2479,0.0237,0.0208,0.1320,-0.1127,2.4888,0.2662,0.0123,0.0263,0.1449,-0.4575,5.4615,0.1488,0.0039,0.0347,0.0406,0.2181,10.6360,VERDE
2026-09-16T22:18:00.462Z,0.2406,0.0214,0.0235,0.1653,-0.0957,3.5616,0.2339,0.0119,0.0141,0.1571,-0.4770,5.3373,0.1474,0.0114,0.0106,0.0569,-0.3864,2.5543,VERDE
2026-09-16T22:18:01.423Z,0.2412,0.0270,0.0061,0.1757,-0.4305,1.3076,0.2646,0.0147,0.0152,0.2549,-0.6222,5.1105,0.1584,0.0187,0.0172,0.0453,-0.2174,2.1079,VERDE
2026-09-16T22:18:02.423Z,0.2527,0.0149,0.0331,0.1930,-0.6077,4.4426,0.2163,0.0160,0.0131,0.1413,-0.4796,1.9822,0.1449,0.0255,0.0141,0.0633,-0.3040,1.2857,VERDE
2026-09-16T22:18:03.428Z,0.2209,0.0058,0.0051,0.1371,-0.2080,5.3060,0.1841,0.0277,0.0105,0.1080,-0.1439,1.7557,0.1295,0.0202,0.0080,0.0349,-0.4004,0.8533,AMARELO
2026-09-16T22:18:04.417Z,0.2576,0.0142,0.0178,0.1705,-0.5419,4.3617,0.2187,0.0129,0.0143,0.1723,-0.3811,5.1878,0.1436,0.0074,0.0122,0.0631,0.2322,3.7925,AMARELO
2026-09-16T22:18:05.423Z,0.2718,0.0077,0.0083,0.2005,-0.3064,9.4757,0.2532,0.0307,0.0085,0.1724,-0.4840,1.7567,0.1394,0.0127,0.0088,0.0522,0.0397,1.5954,VERMELHO
2026-09-16T22:18:06.432Z,0.2270,0.0185,0.0053,0.1365,-0.4818,1.9688,0.1960,0.0100,0.0206,0.1491,-0.0876,5.4743,0.1363,0.0101,0.0128,0.0442,-0.0317,2.7842,AMARELO
2026-09-16T22:18:07.423Z,0.2652,0.0080,0.0356,0.2227,-0.3819,6.7101,0.2182,0.0063,0.0145,0.1923,-0.4914,11.1394,0.1381,0.0058,0.0107,0.0583,-0.0681,5.2771,AMARELO
2026-09-16T22:18:08.417Z,0.2556,0.0074,0.0273,0.1889,0.4063,10.1958,0.2703,0.0089,0.0090,0.2179,-0.4359,5.5185,0.1435,0.0150,0.0191,0.0469,-0.3144,1.8368,VERMELHO
2026-09-16T22:18:09.472Z,0.2440,0.0065,0.0348,0.0785,-0.3481,12.8227,0.2099,0.0096,0.0031,0.0702,0.0211,5.1637,0.1560,0.0123,0.0363,0.0470,-0.4944,3.5368,VERMELHO
2026-09-16T22:18:10.468Z,0.2064,0.0177,0.0253,0.1237,-0.5726,2.5861,0.2080,0.0034,0.0061,0.1179,-0.2494,13.5617,0.1297,0.0084,0.0039,0.0379,-0.5691,2.6911,AMARELO
2026-09-16T22:18:11.462Z,0.2478,0.0119,0.0049,0.2032,-0.4001,3.0544,0.2177,0.0073,0.0027,0.1694,-0.2193,7.6162,0.1400,0.0047,0.0173,0.0643,-0.3347,4.5726,AMARELO
2026-09-16T22:18:12.463Z,0.2613,0.0100,0.0130,0.2217,-0.5621,6.5156,0.1996,0.0284,0.0064,0.1529,-0.3686,1.5228,0.1272,0.0329,0.0077,0.0486,-0.4540,0.6368,AMARELO
2026-09-16T22:18:13.472Z,0.2351,0.0130,0.0231,0.1441,-0.3893,3.1538,0.2263,0.0140,0.0045,0.1476,-0.4525,2.8639,0.1397,0.0222,0.0111,0.0436,0.2144,1.2878,VERDE
2026-09-16T22:18:14.464Z,0.2467,0.0177,0.0368,0.1692,-0.3375,2.7221,0.2720,0.0101,0.0054,0.2536,-0.4935,2.7900,0.1415,0.0119,0.0142,0.0442,-0.2111,1.9797,VERDE
2026-09-16T22:18:15.462Z,0.2576,0.0497,0.0096,0.1363,-0.2714,0.9763,0.2230,0.0191,0.0171,0.1487,-0.3655,1.8785,0.1425,0.0048,0.0081,0.0593,-0.1470,3.6243,AMARELO
2026-09-16T22:18:16.458Z,0.2400,0.0185,0.0160,0.1691,-0.3819,2.1202,0.1818,0.0152,0.0170,0.1197,0.1677,2.1312,0.1400,0.0091,0.0098,0.0517,-0.0735,1.6432,VERMELHO
2026-09-16T22:18:17.467Z,0.2461,0.0166,0.0174,0.1552,-0.6865,2.7531,0.1937,0.0106,0.0105,0.1347,-0.1296,6.5198,0.1286,0.0061,0.0095,0.0485,0.2221,4.6587,AMARELO
2026-09-16T22:18:18.463Z,0.2543,0.0131,0.0567,0.2224,-0.7101,4.9437,0.1912,0.0052,0.0183,0.1421,-0.2376,10.4701,0.1346,0.0111,0.0134,0.0625,-0.1743,1.8789,AMARELO
2026-09-16T22:18:19.507Z,0.2208,0.0202,0.0355,0.1235,-0.2127,2.9280,0.1758,0.0309,0.0064,0.1047,-0.1944,2.0725,0.1333,0.0152,0.0172,0.0445,0.3562,1.8320,AMARELO
2026-09-16T22:18:20.473Z,0.2710,0.0125,0.0402,0.1740,-0.8609,6.6601,0.1960,0.0103,0.0088,0.1211,0.0594,1.8964,0.1387,0.0193,0.0217,0.0561,-0.2750,1.3082,VERMELHO
2026-09-16T22:18:21.504Z,0.2512,0.0063,0.0359,0.1729,-0.5189,6.9255,0.2309,0.0137,0.0117,0.1797,-0.6558,2.2111,0.1416,0.0058,0.0137,0.0513,-0.0742,3.1714,AMARELO
2026-09-16T22:18:22.497Z,0.2071,0.0062,0.0146,0.1338,-0.5299,6.5223,0.2193,0.0052,0.0085,0.1802,-0.0852,7.3191,0.1378,0.0051,0.0109,0.0608,-0.0136,4.3400,AMARELO
2026-09-16T22:18:23.503Z,0.2561,0.0087,0.0157,0.2202,-0.5860,5.4899,0.1739,0.0125,0.0067,0.1111,-0.1474,3.0694,0.1256,0.0075,0.0142,0.0585,-0.1194,4.0486,AMARELO
2026-09-16T22:18:24.543Z,0.2269,0.0190,0.0097,0.1430,-0.0842,1.3670,0.2147,0.0125,0.0291,0.1771,-0.3750,4.6688,0.1324,0.0154,0.0109,0.0603,0.2905,0.9968,AMARELO
2026-09-16T22:18:25.503Z,0.2593,0.0013,0.0265,0.1845,-0.3195,28.3483,0.2830,0.0279,0.0093,0.2472,-0.2784,1.7791,0.1436,0.0127,0.0098,0.0506,-0.4810,2.8122,VERMELHO
2026-09-16T22:18:26.508Z,0.2171,0.0102,0.0058,0.1355,-0.4566,2.9865,0.1825,0.0035,0.0184,0.1064,0.3674,10.8323,0.1303,0.0165,0.0049,0.0465,0.0363,1.4581,VERMELHO
2026-09-16T22:18:27.507Z,0.2529,0.0248,0.0132,0.2039,-0.5871,1.6538,0.2170,0.0054,0.0183,0.1868,0.0360,11.8847,0.1321,0.0121,0.0084,0.0583,-0.4561,1.3530,VERMELHO
2026-09-16T22:18:28.543Z,0.2382,0.0215,0.0177,0.0751,-0.0965,2.6629,0.2070,0.0201,0.0146,0.0995,-0.5621,1.9033,0.1347,0.0071,0.0026,0.0285,0.4049,3.2301,VERDE
2026-09-16T22:18:29.543Z,0.2361,0.0270,0.0170,0.1273,-0.4324,1.7256,0.2183,0.0145,0.0073,0.1373,-0.2915,1.8540,0.1383,0.0057,0.0154,0.0414,0.0502,4.3135,AMARELO
2026-09-16T22:18:30.557Z,0.2536,0.0238,0.0470,0.2124,-0.6503,2.4582,0.2226,0.0094,0.0192,0.1778,0.0154,5.5950,0.1456,0.0126,0.0195,0.0569,-0.1835,2.1111,VERMELHO
2026-09-16T22:18:31.557Z,0.2560,0.0202,0.0357,0.2011,-0.7346,3.0522,0.2061,0.0352,0.0018,0.0943,-0.1874,0.8241,0.1331,0.0090,0.0196,0.0518,-0.0271,2.9257,AMARELO
2026-09-16T22:18:32.531Z,0.2307,0.0096,0.0179,0.1454,-0.1382,3.2390,0.2089,0.0072,0.0133,0.1420,-0.0660,6.5168,0.1389,0.0094,0.0077,0.0630,0.4022,2.0838,AMARELO
2026-09-16T22:18:33.543Z,0.2664,0.0123,0.0104,0.2201,-0.3767,3.4527,0.2716,0.0147,0.0128,0.2013,-0.0113,3.5907,0.1501,0.0120,0.0087,0.0728,-0.4168,1.5706,VERMELHO
2026-09-16T22:18:34.543Z,0.2102,0.0058,0.0054,0.1454,-0.2132,4.2756,0.2303,0.0132,0.0214,0.2066,-0.5344,3.4352,0.1415,0.0020,0.0046,0.0697,0.2629,8.5528,VERDE
2026-09-16T22:18:35.548Z,0.2604,0.0072,0.0405,0.2205,-0.6689,9.0236,0.2081,0.0146,0.0227,0.1638,0.2211,2.8949,0.1398,0.0089,0.0176,0.0623,-0.3909,3.2029,VERMELHO
2026-09-16T22:18:36.542Z,0.2501,0.0121,0.0586,0.1892,-0.6025,5.9230,0.1914,0.0174,0.0083,0.0969,0.3432,1.3737,0.1408,0.0085,0.0063,0.0622,-0.1885,2.4989,VERMELHO
2026-09-16T22:18:37.543Z,0.2367,0.0111,0.0378,0.1655,-0.6053,4.4748,0.1789,0.0248,0.0101,0.0681,0.5296,0.9767,0.1362,0.0094,0.0209,0.0595,-0.1345,2.5457,VERMELHO
2026-09-16T22:18:38.617Z,0.2243,0.0167,0.0636,0.0831,0.0980,5.2555,0.2507,0.0099,0.0054,0.1293,0.1306,7.4036,0.1473,0.0058,0.0182,0.0284,0.1225,4.9273,VERMELHO
2026-09-16T22:18:39.622Z,0.2531,0.0055,0.0145,0.1926,-0.5766,7.2705,0.2366,0.0158,0.0129,0.1828,-0.1096,4.3392,0.1486,0.0104,0.0013,0.0770,-0.0042,0.7734,AMARELO
2026-09-16T22:18:40.627Z,0.2286,0.0148,0.0099,0.1714,-0.5811,2.5672,0.1852,0.0121,0.0057,0.0927,0.3795,2.1236,0.1273,0.0126,0.0030,0.0638,-0.1542,1.5341,VERMELHO
2026-09-16T22:18:41.657Z,0.2346,0.0042,0.0215,0.1662,-0.4700,8.2470,0.2098,0.0067,0.0203,0.1527,-0.3528,6.9810,0.1351,0.0212,0.0161,0.0544,0.8116,1.1454,AMARELO
2026-09-16T22:18:42.622Z,0.2634,0.0198,0.0529,0.2132,-0.3395,4.4312,0.2436,0.0062,0.0196,0.1814,-0.1440,8.8535,0.1444,0.0038,0.0174,0.0660,-0.1345,5.9408,AMARELO
2026-09-16T22:18:43.617Z,0.2194,0.0278,0.0215,0.1290,-0.1565,1.4097,0.1956,0.0183,0.0044,0.1345,0.2477,1.5449,0.1378,0.0123,0.0117,0.0430,0.4156,2.8796,VERMELHO
2026-09-16T22:18:44.627Z,0.2664,0.0097,0.0232,0.2143,-0.6371,3.8650,0.1887,0.0073,0.0111,0.1222,0.1843,5.8835,0.1277,0.0122,0.0180,0.0601,-0.0025,2.7362,VERMELHO
2026-09-16T22:18:45.662Z,0.2207,0.0204,0.0049,0.1233,-0.1883,1.7278,0.2040,0.0055,0.0092,0.1817,0.1641,5.5765,0.1396,0.0112,0.0147,0.0498,0.2445,1.9230,VERMELHO
2026-09-16T22:18:46.622Z,0.2602,0.0111,0.0072,0.1811,-0.5412,7.7955,0.2484,0.0112,0.0205,0.1806,-0.3055,3.7013,0.1349,0.0145,0.0161,0.0745,-0.1814,1.5318,AMARELO
2026-09-16T22:18:47.622Z,0.2345,0.0087,0.0322,0.1333,-0.4569,4.6211,0.2622,0.0062,0.0072,0.2069,-0.4088,8.6983,0.1494,0.0122,0.0212,0.0491,-0.2448,2.2670,VERDE
2026-09-16T22:18:48.657Z,0.2579,0.0102,0.0401,0.1570,-0.3284,6.5849,0.2776,0.0168,0.0133,0.2278,-0.5845,5.3786,0.1432,0.0114,0.0122,0.0508,0.4417,2.2107,AMARELO
2026-09-16T22:18:49.622Z,0.2407,0.0216,0.0147,0.1508,-0.0804,2.1677,0.2511,0.0167,0.0224,0.1286,-0.3966,2.2750,0.1369,0.0132,0.0118,0.0414,0.2012,1.5954,VERDE
2026-09-16T22:18:50.623Z,0.2252,0.0070,0.0138,0.1140,-0.4347,8.1025,0.2654,0.0104,0.0097,0.2148,-0.5542,4.4444,0.1409,0.0180,0.0115,0.0596,-0.1274,1.8261,AMARELO
2026-09-16T22:18:51.617Z,0.2319,0.0148,0.0223,0.1384,0.3455,2.2414,0.2737,0.0116,0.0085,0.2348,-0.2954,4.3230,0.1467,0.0051,0.0159,0.0486,-0.0703,4.6564,AMARELO
2026-09-16T22:18:52.656Z,0.2680,0.0019,0.0086,0.2031,-0.4707,26.6157,0.2307,0.0077,0.0250,0.1866,-0.0412,9.3765,0.1332,0.0215,0.0110,0.0447,-0.1594,1.0998,VERMELHO
2026-09-16T22:18:53.662Z,0.2469,0.0320,0.0028,0.1630,-0.4767,1.3421,0.2233,0.0198,0.0232,0.1634,-0.3587,1.7300,0.1366,0.0147,0.0060,0.0619,0.0391,1.4659,AMARELO
2026-09-16T22:18:54.662Z,0.2313,0.0139,0.0364,0.1728,-0.1004,3.4507,0.2334,0.0014,0.0050,0.2070,-0.3512,44.7086,0.1283,0.0133,0.0082,0.0602,0.2278,1.1377,VERMELHO
2026-09-16T22:18:55.622Z,0.2781,0.0072,0.0206,0.2041,-0.7255,6.5149,0.2440,0.0154,0.0085,0.1882,0.1764,3.0376,0.1571,0.0137,0.0010,0.0714,-0.5102,1.7824,VERMELHO
2026-09-16T22:18:56.623Z,0.2162,0.0206,0.0200,0.1218,-0.2815,1.6617,0.2263,0.0073,0.0052,0.1895,-0.6617,4.6400,0.1363,0.0032,0.0137,0.0574,0.1958,7.9773,VERDE
2026-09-16T22:18:57.667Z,0.2843,0.0185,0.0182,0.2126,-0.7529,4.6908,0.2220,0.0161,0.0092,0.1579,-0.4303,2.0109,0.1458,0.0055,0.0172,0.0730,-0.5533,5.7508,AMARELO
2026-09-16T22:18:58.622Z,0.2291,0.0135,0.0375,0.0822,0.4446,4.0425,0.2024,0.0146,0.0129,0.1018,-0.2805,2.8692,0.1319,0.0005,0.0036,0.0438,0.2725,20.0776,AMARELO
2026-09-16T22:18:59.623Z,0.2494,0.0266,0.0097,0.1745,-0.1244,1.6960,0.2223,0.0194,0.0039,0.1238,-0.3697,1.3625,0.1287,0.0150,0.0060,0.0451,0.5012,1.7386,AMARELO
2026-09-16T22:19:00.618Z,0.2708,0.0177,0.0246,0.1723,-0.5870,2.3504,0.3317,0.0031,0.0045,0.3059,-0.7959,17.6286,0.1490,0.0081,0.0138,0.0620,0.4828,5.2000,AMARELO
2026-09-16T22:19:01.663Z,0.2357,0.0127,0.0188,0.1559,-0.3018,3.5475,0.2414,0.0045,0.0039,0.1948,-0.8445,5.9228,0.1255,0.0135,0.0214,0.0537,-0.0309,2.0563,VERDE
2026-09-16T22:19:02.656Z,0.2527,0.0168,0.0199,0.1717,0.0069,2.4097,0.2444,0.0052,0.0118,0.1618,0.1239,5.4838,0.1396,0.0072,0.0079,0.0630,-0.2397,2.6174,VERMELHO
2026-09-16T22:19:03.643Z,0.2764,0.0143,0.0121,0.1999,-0.4075,3.7564,0.2546,0.0144,0.0204,0.1985,-0.1327,3.2580,0.1421,0.0058,0.0125,0.0588,-0.5477,3.7611,AMARELO
2026-09-16T22:19:04.622Z,0.2595,0.0019,0.0228,0.1809,-0.3644,28.8668,0.2827,0.0087,0.0075,0.2735,-0.6587,5.2699,0.1328,0.0105,0.0065,0.0470,0.0677,1.3450,VERMELHO
2026-09-16T22:19:05.627Z,0.2199,0.0089,0.0298,0.1395,-0.4065,5.4507,0.2247,0.0120,0.0197,0.1919,-0.0920,4.9655,0.1308,0.0032,0.0041,0.0590,0.7296,4.0897,AMARELO
2026-09-16T22:19:06.626Z,0.2373,0.0028,0.0213,0.1734,-0.6196,13.0607,0.1875,0.0147,0.0170,0.1220,0.6855,2.4536,0.1319,0.0025,0.0066,0.0767,0.0579,7.7026,VERMELHO
2026-09-16T22:19:07.622Z,0.2822,0.0197,0.0349,0.2023,-0.5192,4.0465,0.2888,0.0110,0.0095,0.2387,-0.5990,3.5733,0.1381,0.0131,0.0065,0.0407,-0.1222,1.1432,AMARELO
2026-09-16T22:19:08.644Z,0.2795,0.0348,0.0142,0.1767,-0.5424,1.2960,0.3075,0.0132,0.0221,0.2513,-0.4958,3.5920,0.1493,0.0212,0.0030,0.0402,-0.1029,1.1309,AMARELO
2026-09-16T22:19:09.647Z,0.2179,0.0123,0.0011,0.1403,-0.3324,1.5114,0.2532,0.0086,0.0092,0.2206,-0.3739,6.8145,0.1457,0.0170,0.0122,0.0727,0.4150,1.2922,AMARELO
2026-09-16T22:19:10.642Z,0.2328,0.0106,0.0362,0.1744,-0.0782,4.8006,0.2481,0.0187,0.0174,0.1701,-0.5797,2.0041,0.1288,0.0207,0.0090,0.0480,0.2438,1.0298,VERDE
2026-09-16T22:19:11.622Z,0.2753,0.0111,0.0460,0.1985,-0.5291,5.7885,0.2330,0.0142,0.0149,0.1811,-0.1021,4.2014,0.1253,0.0120,0.0098,0.0363,-0.1446,2.8006,AMARELO
2026-09-16T22:19:12.663Z,0.2347,0.0063,0.0267,0.1267,-0.6054,6.7171,0.1983,0.0127,0.0078,0.1069,-0.1333,1.5867,0.1346,0.0089,0.0078,0.0462,-0.2762,2.6086,AMARELO
2026-09-16T22:19:13.662Z,0.2360,0.0207,0.0233,0.1582,-0.6849,3.6086,0.1772,0.0129,0.0049,0.1098,-0.0940,3.0230,0.1402,0.0270,0.0022,0.0555,-0.0681,1.1587,AMARELO
2026-09-16T22:19:14.647Z,0.2528,0.0098,0.0307,0.1897,-0.5328,4.2492,0.2322,0.0300,0.0132,0.2059,-0.1485,2.2420,0.1325,0.0118,0.0220,0.0528,-0.3838,2.8077,AMARELO
2026-09-16T22:19:15.657Z,0.2683,0.0088,0.0115,0.2032,2.6873,9.6356,0.2338,0.0310,0.0113,0.1058,4.4508,1.3490,0.1361,0.0083,0.0278,0.0610,3.6970,4.5033,VERMELHO
2026-09-16T22:19:16.717Z,0.2319,0.0104,0.0356,0.1259,-0.1465,10.5517,0.2172,0.0057,0.0212,0.1166,0.4511,9.0334,0.1419,0.0116,0.0123,0.0425,3.8172,3.0348,VERMELHO
2026-09-16T22:19:17.656Z,0.2525,0.0151,0.0219,0.1789,1.7726,2.7733,0.2039,0.0203,0.0144,0.1026,2.1731,1.5807,0.1334,0.0144,0.0034,0.0613,0.1960,1.4501,VERMELHO
2026-09-16T22:19:18.756Z,0.2261,0.0237,0.0221,0.1173,-0.7569,2.7443,0.1942,0.0327,0.0087,0.0462,-0.4470,0.7827,0.1461,0.0276,0.0420,0.0542,-0.5578,1.7001,VERDE
2026-09-16T22:19:19.702Z,0.1935,0.0073,0.0161,0.1257,-0.1990,2.5139,0.2185,0.0206,0.0183,0.0954,-0.1166,1.3261,0.1403,0.0139,0.0100,0.0613,-0.3241,1.4983,AMARELO
2026-09-16T22:19:20.698Z,0.2213,0.0021,0.0074,0.1481,-0.3065,9.6205,0.2218,0.0367,0.0074,0.1469,0.8438,0.5989,0.1273,0.0063,0.0177,0.0338,-0.2859,4.8179,VERMELHO
2026-09-16T22:19:21.707Z,0.2070,0.0180,0.0190,0.1342,-0.1140,2.1160,0.2120,0.0189,0.0018,0.1021,0.1399,0.9585,0.1294,0.0133,0.0122,0.0466,-0.1276,1.2398,VERMELHO
2026-09-16T22:19:22.702Z,0.2297,0.0178,0.0274,0.1915,-0.6838,2.3937,0.2030,0.0131,0.0053,0.1037,0.4698,2.0009,0.1325,0.0177,0.0166,0.0597,-0.6315,1.3244,VERMELHO
2026-09-16T22:19:23.702Z,0.2115,0.0215,0.0187,0.1567,-0.2382,1.5622,0.2271,0.0118,0.0085,0.1381,-0.4487,1.3153,0.1380,0.0134,0.0087,0.0564,-0.2171,0.9865,VERDE
2026-09-16T22:19:24.725Z,0.2154,0.0097,0.0064,0.1670,-0.4490,4.0210,0.2011,0.0155,0.0112,0.1090,0.3670,2.1838,0.1186,0.0141,0.0093,0.0369,-0.3331,1.4646,VERMELHO
2026-09-16T22:19:25.693Z,0.2223,0.0171,0.0105,0.1671,-0.7155,1.4324,0.1931,0.0090,0.0026,0.0867,0.3211,2.0894,0.1403,0.0069,0.0062,0.0514,-0.3971,1.8135,VERMELHO
2026-09-16T22:19:26.702Z,0.2276,0.0051,0.0160,0.1994,-0.6376,5.7223,0.2131,0.0206,0.0126,0.1481,-0.3996,1.5249,0.1307,0.0211,0.0089,0.0305,0.2958,1.0232,VERDE
2026-09-16T22:19:27.742Z,0.2420,0.0340,0.0331,0.1263,-0.6725,2.1464,0.1836,0.0177,0.0046,0.0738,-0.1563,2.1745,0.1475,0.0122,0.0254,0.0553,-0.2057,2.9242,AMARELO
2026-09-16T22:19:28.702Z,0.2010,0.0196,0.0119,0.1379,-0.3775,1.8018,0.2114,0.0213,0.0039,0.1091,0.2429,0.6399,0.1522,0.0075,0.0276,0.0559,-0.4779,4.7804,VERMELHO
2026-09-16T22:19:29.707Z,0.2177,0.0094,0.0189,0.1650,-0.7427,3.9741,0.2055,0.0226,0.0059,0.1320,-0.6794,0.7642,0.1445,0.0241,0.0036,0.0438,-0.4214,0.7040,VERDE
2026-09-16T22:19:30.702Z,0.2374,0.0224,0.0047,0.1737,-0.8375,1.3641,0.2040,0.0081,0.0128,0.1058,0.2489,2.7061,0.1374,0.0267,0.0129,0.0638,-0.1909,0.5389,VERMELHO
2026-09-16T22:19:31.737Z,0.2373,0.0201,0.0037,0.1574,-0.8479,2.5340,0.1811,0.0169,0.0156,0.0631,0.0097,1.3158,0.1522,0.0146,0.0302,0.0878,-0.4265,2.6305,VERMELHO
2026-09-16T22:19:32.697Z,0.2096,0.0066,0.0018,0.1517,-0.6816,2.4804,0.1985,0.0264,0.0125,0.0807,-0.2990,0.7618,0.1264,0.0112,0.0223,0.0361,-0.0520,2.2986,AMARELO
2026-09-16T22:19:33.702Z,0.2371,0.0201,0.0300,0.1791,-0.6531,2.1234,0.1937,0.0076,0.0107,0.0663,-0.2387,3.9707,0.1294,0.0093,0.0235,0.0680,0.1944,3.0779,AMARELO
2026-09-16T22:19:34.697Z,0.2251,0.0175,0.0174,0.1695,-0.2488,2.1280,0.1945,0.0093,0.0102,0.0948,0.2260,2.5907,0.1513,0.0067,0.0231,0.1048,-0.6663,4.6026,VERMELHO
2026-09-16T22:19:35.698Z,0.2221,0.0192,0.0019,0.1664,-0.6629,1.2610,0.2077,0.0148,0.0086,0.1297,0.2807,2.4387,0.1206,0.0139,0.0148,0.0292,-0.2095,1.5574,VERMELHO
2026-09-16T22:19:36.697Z,0.2487,0.0166,0.0089,0.2232,-0.5404,2.7286,0.1614,0.0176,0.0045,0.0632,0.1323,1.1147,0.1329,0.0089,0.0139,0.0548,-0.5420,2.2659,VERMELHO
2026-09-16T22:19:37.827Z,0.2119,0.0243,0.0054,0.0747,-0.5129,1.3655,0.1900,0.0149,0.0031,0.0494,0.1855,1.5639,0.1313,0.0113,0.0278,0.0342,-0.3869,3.4095,VERMELHO
2026-09-16T22:19:38.802Z,0.2232,0.0208,0.0139,0.1574,-0.4841,1.3360,0.2133,0.0196,0.0066,0.1063,-0.5498,0.8156,0.1450,0.0165,0.0147,0.0518,-0.2230,1.5278,VERDE
2026-09-16T22:19:39.816Z,0.2167,0.0233,0.0035,0.1740,-0.4242,1.2221,0.2071,0.0160,0.0083,0.1220,-0.5600,1.8451,0.1359,0.0208,0.0100,0.0483,-0.0795,0.7089,VERDE
2026-09-16T22:19:40.827Z,0.2540,0.0099,0.0072,0.2449,-0.5908,2.0740,0.1941,0.0153,0.0147,0.1040,-0.0121,1.4566,0.1257,0.0085,0.0130,0.0486,0.2486,2.5576,VERMELHO
2026-09-16T22:19:41.817Z,0.2344,0.0118,0.0057,0.2008,-0.2048,1.5217,0.1849,0.0125,0.0093,0.0938,-0.1728,1.3935,0.1404,0.0239,0.0152,0.0653,-0.4829,1.0550,AMARELO
2026-09-16T22:19:42.857Z,0.2481,0.0083,0.0318,0.2193,-0.8604,6.1178,0.2037,0.0203,0.0138,0.0796,0.3559,1.1132,0.1505,0.0113,0.0278,0.0663,-0.0827,2.8709,VERMELHO
2026-09-16T22:19:43.822Z,0.2195,0.0130,0.0240,0.1825,-0.4286,2.3730,0.2007,0.0286,0.0195,0.0862,0.0723,1.1298,0.1368,0.0124,0.0031,0.0535,-0.5203,2.3494,VERMELHO
2026-09-16T22:19:44.802Z,0.2094,0.0182,0.0106,0.1392,-0.4733,2.1049,0.1996,0.0112,0.0069,0.1031,0.5530,1.7691,0.1296,0.0067,0.0056,0.0469,-0.6259,2.1177,VERMELHO
2026-09-16T22:19:45.807Z,0.2400,0.0072,0.0081,0.1907,-0.4922,2.9791,0.1882,0.0135,0.0149,0.0838,0.9352,1.5634,0.1263,0.0179,0.0094,0.0495,-0.0527,1.2545,VERMELHO
2026-09-16T22:19:46.817Z,0.2379,0.0229,0.0225,0.2030,-0.4453,1.6547,0.1790,0.0107,0.0178,0.0637,0.2155,2.9061,0.1344,0.0082,0.0153,0.0840,-0.2854,3.3057,VERMELHO
2026-09-16T22:19:47.823Z,0.2527,0.0202,0.0488,0.1310,-1.0162,2.7816,0.1748,0.0162,0.0034,0.0555,0.6667,3.3283,0.1282,0.0083,0.0419,0.0608,-0.1622,6.0424,VERMELHO
2026-09-16T22:19:48.828Z,0.2305,0.0114,0.0182,0.1431,-0.4324,2.3582,0.1818,0.0377,0.0080,0.0685,0.1335,0.6895,0.1378,0.0135,0.0034,0.0662,-0.1680,1.3721,VERMELHO
2026-09-16T22:19:49.828Z,0.2285,0.0120,0.0121,0.1761,-0.7965,2.2503,0.2105,0.0198,0.0169,0.1292,0.3891,1.6492,0.1255,0.0071,0.0112,0.0324,-0.2654,2.1499,VERMELHO
2026-09-16T22:19:50.822Z,0.2457,0.0216,0.0298,0.1912,-0.7529,2.3036,0.2001,0.0250,0.0090,0.0858,-0.3666,0.8943,0.1269,0.0146,0.0056,0.0510,-0.1221,0.9509,AMARELO
2026-09-16T22:19:51.816Z,0.2484,0.0187,0.0153,0.2220,-0.8777,2.4042,0.1838,0.0209,0.0009,0.0790,-0.6310,1.1706,0.1383,0.0188,0.0185,0.0717,0.0329,1.7200,AMARELO
2026-09-16T22:19:52.822Z,0.2270,0.0096,0.0086,0.1772,-0.7162,2.6921,0.2078,0.0075,0.0031,0.1158,-0.3410,1.9348,0.1236,0.0123,0.0035,0.0367,-0.2569,1.8203,AMARELO
2026-09-16T22:19:53.822Z,0.2520,0.0055,0.0091,0.2153,-0.7417,4.6241,0.2171,0.0113,0.0103,0.1386,-0.8848,1.3920,0.1280,0.0237,0.0040,0.0408,0.2167,0.4052,AMARELO
2026-09-16T22:19:54.807Z,0.2376,0.0037,0.0157,0.1960,-0.9038,11.6325,0.1665,0.0336,0.0092,0.0521,-0.3392,0.7166,0.1407,0.0173,0.0089,0.0827,-0.0934,1.3233,VERMELHO
2026-09-16T22:19:55.822Z,0.2347,0.0180,0.0164,0.2115,-0.4469,1.4527,0.1968,0.0167,0.0190,0.0812,-0.2382,1.5404,0.1399,0.0039,0.0117,0.1086,-0.3559,4.6939,AMARELO
2026-09-16T22:19:56.812Z,0.2345,0.0111,0.0360,0.1352,-0.5232,5.1862,0.2267,0.0307,0.0112,0.0972,-0.5383,1.1576,0.1530,0.0218,0.0272,0.0818,-0.1132,1.6394,VERDE
2026-09-16T22:19:57.869Z,0.2075,0.0106,0.0050,0.1368,-0.4265,2.1478,0.2329,0.0132,0.0108,0.1284,-0.0126,2.2911,0.1535,0.0107,0.0198,0.0668,-0.2246,3.8928,VERMELHO
2026-09-16T22:19:58.823Z,0.2135,0.0013,0.0210,0.1725,-0.4640,27.7436,0.2286,0.0389,0.0154,0.1515,-0.9355,0.7908,0.1395,0.0170,0.0165,0.0413,-0.2654,1.1396,VERMELHO
2026-09-16T22:19:59.833Z,0.2467,0.0029,0.0113,0.1970,-0.9026,7.3033,0.2169,0.0094,0.0099,0.1558,0.0667,2.8349,0.1414,0.0103,0.0197,0.0315,-0.3798,2.3541,VERMELHO
2026-09-16T22:20:00.817Z,0.2294,0.0424,0.0336,0.1969,-0.6296,0.9948,0.1922,0.0044,0.0056,0.1140,-0.5865,4.3294,0.1259,0.0143,0.0179,0.0411,0.7529,1.4330,AMARELO
2026-09-16T22:20:01.823Z,0.2521,0.0309,0.0088,0.2116,-0.7593,0.9190,0.1871,0.0162,0.0050,0.0804,-0.0511,1.0931,0.1617,0.0129,0.0303,0.0673,-0.2558,2.6570,AMARELO
2026-09-16T22:20:02.823Z,0.2202,0.0098,0.0162,0.1630,-0.5770,3.5701,0.2021,0.0172,0.0128,0.1055,-0.1571,2.0666,0.1226,0.0104,0.0172,0.0249,-0.3182,2.0201,AMARELO
2026-09-16T22:20:03.823Z,0.2465,0.0241,0.0187,0.2290,-0.5029,1.3218,0.1875,0.0098,0.0144,0.1025,0.0321,3.4066,0.1414,0.0049,0.0106,0.0595,0.1738,4.2990,VERMELHO
2026-09-16T22:20:04.827Z,0.2404,0.0115,0.0189,0.2021,-0.8285,3.2934,0.1915,0.0077,0.0115,0.0866,-0.6385,3.7325,0.1554,0.0183,0.0151,0.1073,-0.2187,1.1992,VERDE
2026-09-16T22:20:05.820Z,0.2231,0.0135,0.0136,0.1681,-0.7201,1.8795,0.2250,0.0127,0.0108,0.1539,-0.7326,1.5865,0.1285,0.0209,0.0082,0.0264,0.0905,0.8149,VERDE
2026-09-16T22:20:06.867Z,0.2417,0.0421,0.0202,0.1204,-0.4775,1.5266,0.1986,0.0418,0.0259,0.0733,0.1331,0.9807,0.1386,0.0280,0.0254,0.0491,-0.1457,1.1974,VERMELHO
2026-09-16T22:20:07.856Z,0.2251,0.0220,0.0231,0.1621,-0.5404,1.3712,0.1834,0.0065,0.0103,0.0742,-0.5743,2.4083,0.1473,0.0207,0.0261,0.0521,-0.1349,1.4529,VERDE
2026-09-16T22:20:08.902Z,0.2300,0.0212,0.0061,0.1718,-0.6255,1.1796,0.2202,0.0030,0.0162,0.1445,-0.5687,10.5723,0.1416,0.0216,0.0210,0.0390,-0.0351,1.0748,VERDE
2026-09-16T22:20:09.917Z,0.2252,0.0161,0.0175,0.1791,-0.5305,2.7560,0.1903,0.0123,0.0107,0.0828,-0.4330,2.1712,0.1648,0.0101,0.0092,0.0888,-0.4938,1.9063,VERDE
2026-09-16T22:20:10.862Z,0.2221,0.0078,0.0127,0.1637,-0.6967,2.4560,0.2253,0.0336,0.0161,0.1566,0.4875,0.6897,0.1346,0.0203,0.0037,0.0617,-0.5118,0.6865,VERMELHO
2026-09-16T22:20:11.897Z,0.2406,0.0112,0.0090,0.1919,-0.3194,2.7574,0.2096,0.0178,0.0011,0.1169,-0.0198,1.3555,0.1378,0.0185,0.0093,0.0577,0.3120,0.9025,VERMELHO
2026-09-16T22:20:12.916Z,0.2471,0.0116,0.0207,0.1970,-0.5869,2.8866,0.2043,0.0240,0.0093,0.0913,0.3137,1.2389,0.1484,0.0090,0.0325,0.0811,-0.2047,4.4321,VERMELHO
2026-09-16T22:20:13.907Z,0.2260,0.0153,0.0101,0.1787,-0.5830,2.2671,0.2076,0.0030,0.0067,0.1236,0.2632,6.7193,0.1280,0.0072,0.0082,0.0639,-0.2262,2.5463,VERMELHO
2026-09-16T22:20:14.907Z,0.2266,0.0243,0.0024,0.1532,-0.7684,0.8126,0.1945,0.0180,0.0057,0.1145,-0.3942,1.2925,0.1225,0.0241,0.0112,0.0325,0.1706,0.6401,VERDE
2026-09-16T22:20:15.867Z,0.2325,0.0188,0.0088,0.1868,-0.6447,1.6190,0.2059,0.0162,0.0041,0.1170,0.2210,1.2466,0.1206,0.0174,0.0060,0.0481,0.0195,0.7717,VERMELHO
2026-09-16T22:20:16.903Z,0.2500,0.0267,0.0341,0.1156,-0.6796,2.3386,0.1767,0.0142,0.0064,0.0598,-0.2054,2.5432,0.1403,0.0185,0.0201,0.0680,-0.4275,1.9248,AMARELO
2026-09-16T22:20:17.902Z,0.2285,0.0140,0.0135,0.1886,-0.7362,2.6711,0.2022,0.0197,0.0114,0.1061,0.2523,1.3710,0.1533,0.0145,0.0151,0.0748,-0.6895,1.4026,VERMELHO
2026-09-16T22:20:18.902Z,0.2263,0.0073,0.0188,0.1924,-0.3487,3.1933,0.1935,0.0280,0.0172,0.1239,0.9100,0.6761,0.1209,0.0065,0.0059,0.0398,-0.3411,2.0582,VERMELHO
2026-09-16T22:20:19.903Z,0.2378,0.0376,0.0063,0.1769,-0.5236,0.8125,0.1931,0.0181,0.0120,0.0760,-0.1921,1.0200,0.1302,0.0136,0.0145,0.0730,-0.4160,1.3314,AMARELO
2026-09-16T22:20:20.907Z,0.2466,0.0248,0.0194,0.1969,-1.0162,1.4936,0.1917,0.0217,0.0141,0.0707,-0.3413,1.2490,0.1373,0.0078,0.0158,0.0687,0.0377,4.1389,AMARELO
2026-09-16T22:20:21.947Z,0.2312,0.0168,0.0249,0.1402,-0.5838,2.0302,0.1899,0.0310,0.0047,0.0804,-0.3288,0.6018,0.1352,0.0039,0.0043,0.0455,-0.5673,3.5119,AMARELO
2026-09-16T22:20:22.902Z,0.2405,0.0063,0.0139,0.1633,-0.7773,4.5543,0.2036,0.0144,0.0129,0.0960,0.0567,1.4148,0.1197,0.0093,0.0112,0.0337,-0.2615,2.0259,VERMELHO
2026-09-16T22:20:23.903Z,0.2529,0.0459,0.0103,0.2149,-0.7442,0.9203,0.1773,0.0124,0.0168,0.0870,0.0125,2.0066,0.1344,0.0185,0.0112,0.0738,0.0238,1.0895,VERMELHO
2026-09-16T22:20:24.902Z,0.2340,0.0196,0.0118,0.2060,-0.4869,1.4429,0.1742,0.0219,0.0129,0.0818,0.4230,0.7445,0.1435,0.0105,0.0172,0.0924,-0.8682,2.7192,VERMELHO
2026-09-16T22:20:25.906Z,0.2306,0.0189,0.0280,0.1793,-0.7934,2.4607,0.1953,0.0079,0.0145,0.0998,-0.0336,3.0149,0.1425,0.0086,0.0166,0.0563,-0.3187,2.8816,AMARELO
2026-09-16T22:20:26.902Z,0.2367,0.0083,0.0140,0.1221,-0.5965,5.9274,0.2009,0.0140,0.0081,0.1034,-0.5617,1.6918,0.1380,0.0121,0.0417,0.0366,0.1507,3.8290,AMARELO
2026-09-16T22:20:27.907Z,0.2591,0.0199,0.0206,0.1986,-0.6151,3.0216,0.1669,0.0048,0.0164,0.0629,-0.1381,6.6392,0.1358,0.0174,0.0276,0.0698,0.1400,1.7617,AMARELO
2026-09-16T22:20:28.902Z,0.2339,0.0058,0.0109,0.1774,-0.5423,3.7179,0.2001,0.0037,0.0226,0.0925,-0.2892,8.3493,0.1577,0.0167,0.0210,0.0595,-0.2478,1.5018,AMARELO
2026-09-16T22:20:29.903Z,0.2237,0.0180,0.0023,0.1500,-0.5071,1.4159,0.2138,0.0064,0.0249,0.1015,-0.3188,6.7705,0.1261,0.0108,0.0066,0.0338,-0.2319,1.6968,AMARELO
2026-09-16T22:20:30.896Z,0.2480,0.0199,0.0138,0.1979,-0.5431,1.4966,0.1899,0.0192,0.0007,0.0866,-0.5789,1.1152,0.1384,0.0116,0.0074,0.0799,0.2204,1.6485,VERDE
2026-09-16T22:20:31.903Z,0.2354,0.0063,0.0054,0.1922,-0.3704,2.6572,0.1999,0.0056,0.0147,0.0973,0.5425,4.8357,0.1424,0.0070,0.0197,0.0738,-0.2178,4.8565,VERMELHO
2026-09-16T22:20:32.942Z,0.2437,0.0325,0.0052,0.1999,-0.3780,0.9878,0.2103,0.0323,0.0119,0.1335,0.6348,0.6295,0.1250,0.0153,0.0105,0.0454,-0.5950,1.1456,VERMELHO
2026-09-16T22:20:33.918Z,0.2290,0.0242,0.0077,0.1811,-0.3381,1.2342,0.1789,0.0262,0.0135,0.0792,0.2657,1.1117,0.1541,0.0209,0.0305,0.0837,-0.7224,1.5554,VERMELHO
2026-09-16T22:20:34.942Z,0.2417,0.0094,0.0111,0.2053,-0.8504,3.8907,0.2118,0.0239,0.0016,0.1432,0.0710,0.7098,0.1225,0.0090,0.0029,0.0374,0.0827,1.2457,VERMELHO
2026-09-16T22:20:35.952Z,0.2390,0.0225,0.0053,0.1852,-0.4834,0.8460,0.1724,0.0144,0.0092,0.0700,1.0489,2.0944,0.1327,0.0250,0.0217,0.0670,-0.4016,1.0203,VERMELHO
2026-09-16T22:20:36.948Z,0.2463,0.0136,0.0109,0.1100,-0.8824,4.4407,0.1887,0.0368,0.0149,0.0492,-0.3764,0.9034,0.1420,0.0086,0.0315,0.0573,-0.3121,4.5944,AMARELO
2026-09-16T22:20:37.957Z,0.2381,0.0254,0.0341,0.2142,-0.5287,2.0837,0.1936,0.0089,0.0043,0.0837,-0.3278,2.5328,0.1489,0.0281,0.0281,0.0701,-0.4142,1.5062,AMARELO
2026-09-16T22:20:38.927Z,0.2268,0.0041,0.0190,0.1707,-0.6922,10.0950,0.2090,0.0221,0.0054,0.1172,0.2177,1.0712,0.1390,0.0133,0.0094,0.0558,-0.5204,1.2731,VERMELHO
2026-09-16T22:20:43.123Z,0.0164,0.0008,0.0009,0.0018,1.4650,2.2865,0.0096,0.0015,0.0002,0.0008,9.8480,0.6093,0.0233,0.0042,0.0014,0.0022,-0.0460,0.4615,VERMELHO
2026-09-16T22:20:44.077Z,0.1018,0.0111,0.0068,0.0424,11.4198,4.6163,0.0753,0.0105,0.0077,0.0194,8.0599,2.3042,0.0720,0.0094,0.0274,0.0243,13.4144,3.3114,VERMELHO
2026-09-16T22:20:45.078Z,0.0836,0.0062,0.0038,0.0300,-1.0508,1.9311,0.0567,0.0058,0.0020,0.0107,-0.3658,1.9567,0.0402,0.0043,0.0052,0.0091,0.9838,2.6299,AMARELO
2026-09-16T22:20:46.067Z,0.0833,0.0072,0.0053,0.0243,-1.1154,1.7230,0.0549,0.0050,0.0053,0.0206,0.0511,1.6405,0.0389,0.0007,0.0068,0.0108,-0.0859,11.0942,VERMELHO
2026-09-16T22:20:47.142Z,0.0906,0.0066,0.0046,0.0415,-0.5259,2.6294,0.0592,0.0066,0.0133,0.0236,0.2644,2.4467,0.0505,0.0009,0.0076,0.0159,0.8590,14.5693,VERMELHO
2026-09-16T22:20:48.437Z,0.0961,0.0054,0.0084,0.0606,-0.5267,5.3447,0.0627,0.0075,0.0023,0.0337,0.0975,1.5092,0.0588,0.0037,0.0094,0.0147,0.4976,3.8884,VERMELHO
2026-09-16T22:20:49.116Z,0.0918,0.0075,0.0021,0.0517,-0.6573,2.0209,0.0625,0.0038,0.0107,0.0346,0.3029,3.1449,0.0449,0.0064,0.0070,0.0125,0.5783,1.4356,VERMELHO
2026-09-16T22:20:50.102Z,0.0901,0.0102,0.0087,0.0366,-1.2435,1.4647,0.0592,0.0071,0.0012,0.0219,0.0695,0.9744,0.0441,0.0030,0.0050,0.0120,0.3202,2.5472,VERMELHO
2026-09-16T22:20:51.102Z,0.0878,0.0096,0.0014,0.0322,-1.0145,1.3800,0.0591,0.0058,0.0037,0.0306,0.0795,1.3207,0.0494,0.0060,0.0037,0.0146,-0.3541,2.0310,VERMELHO
2026-09-16T22:20:52.196Z,0.0841,0.0030,0.0021,0.0347,-0.9031,5.4908,0.0536,0.0031,0.0048,0.0153,0.3462,2.7691,0.0490,0.0053,0.0083,0.0084,0.0847,1.7797,VERMELHO
2026-09-16T22:20:53.236Z,0.0934,0.0128,0.0068,0.0281,-1.0981,1.0844,0.0661,0.0072,0.0041,0.0238,0.3842,2.4101,0.0517,0.0094,0.0059,0.0129,-0.1936,1.1156,VERMELHO
2026-09-16T22:20:54.182Z,0.0762,0.0175,0.0023,0.0326,-0.8267,0.9607,0.0585,0.0029,0.0052,0.0113,-0.5272,2.7254,0.0565,0.0042,0.0059,0.0103,-0.6372,2.3373,VERDE
2026-09-16T22:20:55.227Z,0.0901,0.0149,0.0056,0.0348,-1.3023,1.0930,0.0668,0.0088,0.0090,0.0296,0.1844,1.8082,0.0443,0.0045,0.0036,0.0122,0.5501,1.5092,VERMELHO
2026-09-16T22:20:56.236Z,0.0854,0.0086,0.0079,0.0431,-0.8930,1.5432,0.0649,0.0048,0.0033,0.0308,-0.3679,2.5772,0.0448,0.0064,0.0080,0.0164,-0.1690,1.4409,AMARELO
2026-09-16T22:20:57.237Z,0.0820,0.0126,0.0078,0.0307,-0.9997,1.7130,0.0593,0.0047,0.0033,0.0205,0.6062,2.5130,0.0459,0.0037,0.0043,0.0112,-0.1960,2.4346,VERMELHO
2026-09-16T22:20:58.266Z,0.0909,0.0062,0.0079,0.0386,-1.2268,1.8615,0.0668,0.0107,0.0082,0.0329,0.2505,1.1417,0.0409,0.0020,0.0055,0.0116,-0.0031,3.3640,VERMELHO
2026-09-16T22:20:59.263Z,0.0853,0.0092,0.0035,0.0378,-1.0778,1.0054,0.0660,0.0058,0.0013,0.0179,-0.6176,2.5100,0.0684,0.0044,0.0067,0.0126,-0.7653,2.4617,VERDE
2026-09-16T22:21:00.317Z,0.0886,0.0178,0.0011,0.0378,-1.1613,0.8935,0.0681,0.0061,0.0024,0.0196,0.5873,1.4572,0.0415,0.0054,0.0077,0.0092,0.4732,1.6464,VERMELHO
2026-09-16T22:21:01.303Z,0.0985,0.0113,0.0022,0.0337,-1.2666,0.9253,0.0710,0.0098,0.0051,0.0351,-0.6536,1.1338,0.0442,0.0031,0.0010,0.0110,-0.2181,3.3196,VERDE
2026-09-16T22:21:02.422Z,0.0900,0.0112,0.0060,0.0291,-1.2091,2.1272,0.0695,0.0056,0.0077,0.0281,0.1206,2.0619,0.0332,0.0071,0.0030,0.0092,0.5595,1.1267,VERMELHO
2026-09-16T22:21:03.418Z,0.0894,0.0106,0.0037,0.0260,-1.1479,1.0543,0.0645,0.0124,0.0037,0.0266,-0.6468,0.7777,0.0330,0.0073,0.0028,0.0068,0.0332,0.9328,VERDE
2026-09-16T22:21:04.423Z,0.0964,0.0065,0.0047,0.0347,-1.0730,2.8788,0.0741,0.0122,0.0083,0.0273,-0.5450,1.5023,0.0299,0.0027,0.0030,0.0057,-0.3530,1.5712,VERDE
2026-09-16T22:21:05.432Z,0.1008,0.0046,0.0016,0.0456,-1.1870,3.1089,0.0812,0.0016,0.0017,0.0349,-0.6085,8.1415,0.0376,0.0035,0.0060,0.0105,0.1739,2.8545,VERDE
2026-09-16T22:21:06.462Z,0.0897,0.0061,0.0057,0.0269,-1.2673,2.3957,0.0767,0.0002,0.0048,0.0269,-0.0406,70.9167,0.0311,0.0017,0.0005,0.0071,0.2812,2.9304,VERMELHO
2026-09-16T22:21:07.467Z,0.0922,0.0133,0.0100,0.0406,-1.1310,1.4630,0.0746,0.0028,0.0052,0.0337,-0.6175,3.3721,0.0321,0.0044,0.0058,0.0083,0.0331,1.6083,VERDE
2026-09-16T22:21:08.462Z,0.0960,0.0088,0.0038,0.0466,-1.0002,1.5011,0.0751,0.0038,0.0036,0.0277,-0.4553,2.0673,0.0399,0.0022,0.0016,0.0094,0.9553,2.5142,AMARELO
2026-09-16T22:21:09.467Z,0.0839,0.0075,0.0066,0.0275,-1.2518,2.2269,0.0673,0.0078,0.0043,0.0244,-0.3126,1.7994,0.0342,0.0042,0.0004,0.0053,0.4486,0.7583,AMARELO
2026-09-16T22:21:10.497Z,0.0972,0.0051,0.0094,0.0609,-0.9487,4.3699,0.0765,0.0052,0.0031,0.0354,-0.7689,2.8628,0.0402,0.0027,0.0014,0.0098,0.3716,2.1471,VERDE
2026-09-16T22:21:11.582Z,0.0877,0.0038,0.0049,0.0301,-1.0276,6.9849,0.0665,0.0041,0.0012,0.0172,0.1043,3.7711,0.0383,0.0062,0.0028,0.0099,0.1548,1.4986,VERMELHO
2026-09-16T22:21:12.576Z,0.0930,0.0101,0.0056,0.0191,-0.8401,2.0668,0.0699,0.0094,0.0018,0.0251,-0.6241,1.2637,0.0408,0.0060,0.0041,0.0073,-0.3543,1.4339,VERDE
2026-09-16T22:21:13.587Z,0.0921,0.0090,0.0025,0.0323,-1.1674,1.3727,0.0767,0.0055,0.0026,0.0268,-0.2199,2.4011,0.0393,0.0016,0.0041,0.0120,0.1287,3.2026,AMARELO
2026-09-16T22:21:14.582Z,0.0916,0.0248,0.0026,0.0424,-1.1070,0.6823,0.0711,0.0061,0.0052,0.0332,-0.4186,1.8798,0.0283,0.0041,0.0032,0.0056,0.8850,1.3449,AMARELO
2026-09-16T22:21:15.592Z,0.0962,0.0191,0.0058,0.0380,-0.8508,1.0768,0.0829,0.0025,0.0049,0.0363,-0.7306,7.0506,0.0426,0.0016,0.0076,0.0114,-0.2384,5.9609,VERDE
2026-09-16T22:21:16.597Z,0.0900,0.0135,0.0065,0.0393,-1.1578,1.7034,0.0714,0.0032,0.0027,0.0332,-0.0554,5.3669,0.0370,0.0017,0.0035,0.0100,0.6886,3.9777,AMARELO
2026-09-16T22:21:17.631Z,0.0906,0.0104,0.0030,0.0417,-1.0436,1.5412,0.0684,0.0038,0.0025,0.0238,-0.6784,3.2321,0.0295,0.0029,0.0042,0.0061,1.0069,2.4314,AMARELO
2026-09-16T22:21:18.662Z,0.0969,0.0087,0.0117,0.0315,-1.0901,2.6573,0.0790,0.0023,0.0145,0.0376,-1.1194,8.4970,0.0385,0.0079,0.0031,0.0129,0.3666,0.8850,VERDE
2026-09-16T22:21:19.662Z,0.0913,0.0061,0.0039,0.0598,-1.0643,1.7895,0.0736,0.0033,0.0021,0.0386,-0.0122,3.3309,0.0445,0.0039,0.0050,0.0108,0.6531,2.2497,VERMELHO
2026-09-16T22:21:20.652Z,0.0934,0.0087,0.0036,0.0461,-0.9536,1.4404,0.0722,0.0086,0.0038,0.0341,-0.6262,1.3019,0.0369,0.0053,0.0040,0.0055,0.1885,1.1701,VERDE
2026-09-16T22:21:21.782Z,0.1025,0.0128,0.0119,0.0324,-0.8091,1.4215,0.0762,0.0039,0.0026,0.0243,-0.6909,3.1538,0.0514,0.0019,0.0020,0.0119,-0.3850,5.5192,VERDE
2026-09-16T22:21:22.797Z,0.0878,0.0068,0.0068,0.0364,-1.2002,2.5349,0.0653,0.0013,0.0052,0.0226,0.0539,9.1293,0.0355,0.0055,0.0031,0.0056,0.2891,1.3967,VERMELHO
2026-09-16T22:21:23.776Z,0.0906,0.0053,0.0035,0.0489,-0.8972,3.5169,0.0675,0.0038,0.0055,0.0309,-0.6175,3.5377,0.0372,0.0021,0.0050,0.0117,-0.2204,3.1693,VERDE
2026-09-16T22:21:24.762Z,0.0985,0.0014,0.0021,0.0286,-1.0867,10.2991,0.0755,0.0161,0.0059,0.0352,-0.7271,1.0596,0.0362,0.0060,0.0054,0.0070,1.2111,1.1825,VERMELHO
2026-09-16T22:21:25.783Z,0.0983,0.0082,0.0120,0.0522,-1.0567,2.5987,0.0783,0.0015,0.0037,0.0378,-0.2877,9.9325,0.0508,0.0025,0.0066,0.0140,0.0961,4.5855,AMARELO
2026-09-16T22:21:26.791Z,0.0852,0.0055,0.0095,0.0414,-1.2793,3.8886,0.0668,0.0057,0.0023,0.0324,0.2709,1.0630,0.0469,0.0079,0.0052,0.0116,0.0410,1.3211,VERMELHO
2026-09-16T22:21:27.822Z,0.0882,0.0146,0.0095,0.0371,-0.9624,1.3247,0.0706,0.0032,0.0064,0.0246,-0.4405,4.9580,0.0415,0.0069,0.0023,0.0081,-0.1445,0.4857,VERDE
2026-09-16T22:21:28.816Z,0.0928,0.0078,0.0064,0.0401,-1.0229,2.8014,0.0771,0.0116,0.0076,0.0394,-0.6934,1.2841,0.0377,0.0058,0.0033,0.0095,0.6562,1.5707,VERDE
2026-09-16T22:21:29.860Z,0.1000,0.0197,0.0002,0.0325,-1.1570,0.7880,0.0739,0.0078,0.0051,0.0263,-0.6007,2.2096,0.0376,0.0015,0.0031,0.0097,1.1815,4.2225,AMARELO
2026-09-16T22:21:30.935Z,0.0870,0.0045,0.0028,0.0406,-1.1831,3.4012,0.0694,0.0058,0.0037,0.0246,-0.0518,2.3892,0.0428,0.0029,0.0111,0.0120,-0.0384,5.0195,AMARELO
2026-09-16T22:21:31.940Z,0.0879,0.0052,0.0045,0.0332,-0.8982,2.1366,0.0671,0.0084,0.0038,0.0317,-0.0569,1.3442,0.0380,0.0012,0.0059,0.0109,0.7675,9.2464,AMARELO
2026-09-16T22:21:32.940Z,0.0974,0.0182,0.0087,0.0400,-1.1163,0.7160,0.0757,0.0028,0.0078,0.0375,-0.7572,5.1048,0.0418,0.0058,0.0053,0.0080,-0.3233,1.4150,VERDE
2026-09-16T22:21:33.941Z,0.0855,0.0123,0.0040,0.0346,-1.1996,0.9333,0.0690,0.0083,0.0016,0.0291,-0.1187,1.5099,0.0288,0.0010,0.0007,0.0034,1.6940,2.2295,VERMELHO
2026-09-16T22:21:34.979Z,0.0935,0.0228,0.0009,0.0318,-0.8074,0.7257,0.0720,0.0025,0.0009,0.0273,-0.7176,4.4668,0.0320,0.0023,0.0010,0.0076,0.8636,2.7268,AMARELO
2026-09-16T22:21:36.030Z,0.0973,0.0145,0.0026,0.0433,-0.9492,1.3355,0.0780,0.0182,0.0011,0.0321,-0.1957,0.4929,0.0406,0.0008,0.0016,0.0087,0.0611,6.4897,AMARELO
2026-09-16T22:21:37.014Z,0.0880,0.0063,0.0042,0.0362,-1.0401,2.4614,0.0733,0.0131,0.0063,0.0308,-0.4684,0.6043,0.0308,0.0036,0.0035,0.0075,2.3667,2.0335,VERMELHO
2026-09-16T22:21:38.021Z,0.0958,0.0028,0.0058,0.0505,-1.0376,5.6159,0.0774,0.0037,0.0021,0.0342,-0.9068,3.8047,0.0299,0.0008,0.0021,0.0112,0.7383,8.4822,VERDE
2026-09-16T22:21:39.055Z,0.0933,0.0038,0.0032,0.0502,-1.1001,4.5235,0.0786,0.0066,0.0044,0.0362,-0.2037,1.8733,0.0331,0.0039,0.0040,0.0099,0.5211,1.4057,AMARELO
2026-09-16T22:21:40.060Z,0.0875,0.0080,0.0030,0.0455,-1.1487,1.5357,0.0732,0.0043,0.0054,0.0343,-0.4108,2.2111,0.0372,0.0035,0.0030,0.0048,0.8198,2.0052,AMARELO
2026-09-16T22:21:41.219Z,0.0942,0.0031,0.0134,0.0199,-0.9450,6.1214,0.0803,0.0080,0.0027,0.0214,-0.6757,3.0457,0.0412,0.0052,0.0028,0.0100,0.1200,2.0404,AMARELO
2026-09-16T22:21:42.180Z,0.0964,0.0097,0.0052,0.0639,-1.0808,1.5250,0.0792,0.0071,0.0011,0.0347,0.0737,1.6590,0.0412,0.0043,0.0058,0.0109,0.0151,1.6147,VERMELHO
2026-09-16T22:21:43.181Z,0.0885,0.0106,0.0041,0.0441,-1.1250,0.7972,0.0690,0.0042,0.0054,0.0327,-0.6122,1.7283,0.0358,0.0011,0.0013,0.0083,1.2755,6.2653,AMARELO
2026-09-16T22:21:44.185Z,0.0982,0.0059,0.0067,0.0344,-1.0670,3.2598,0.0829,0.0044,0.0041,0.0486,-0.8299,2.2387,0.0362,0.0032,0.0025,0.0113,0.5155,2.2545,VERDE
2026-09-16T22:21:45.161Z,0.0905,0.0057,0.0060,0.0421,-1.1122,2.0156,0.0750,0.0051,0.0019,0.0317,-0.1169,2.9961,0.0465,0.0053,0.0015,0.0089,0.4611,1.8078,AMARELO
2026-09-16T22:21:46.180Z,0.0944,0.0106,0.0099,0.0349,-0.8685,1.6873,0.0777,0.0039,0.0010,0.0366,-0.6243,2.8892,0.0438,0.0033,0.0051,0.0111,-0.2923,2.2829,VERDE
2026-09-16T22:21:47.220Z,0.1042,0.0069,0.0081,0.0423,-0.9357,2.3312,0.0821,0.0109,0.0129,0.0295,-0.5946,1.7892,0.0453,0.0069,0.0016,0.0118,-0.4145,1.2446,VERDE
2026-09-16T22:21:48.227Z,0.0918,0.0092,0.0061,0.0331,-1.2759,1.5451,0.0758,0.0043,0.0048,0.0304,-0.3996,1.6634,0.0316,0.0004,0.0020,0.0087,0.5954,9.0768,VERDE
2026-09-16T22:21:49.230Z,0.0981,0.0199,0.0056,0.0395,-1.0945,0.8442,0.0796,0.0067,0.0075,0.0401,-0.8569,2.5149,0.0388,0.0020,0.0013,0.0097,1.5357,3.0372,VERMELHO
2026-09-16T22:21:50.261Z,0.0979,0.0116,0.0035,0.0481,-1.0247,1.8815,0.0824,0.0127,0.0024,0.0285,-0.5157,1.0478,0.0428,0.0025,0.0049,0.0079,-0.4147,3.3140,VERDE
2026-09-16T22:21:51.335Z,0.0913,0.0040,0.0055,0.0253,-1.1825,2.5675,0.0741,0.0058,0.0071,0.0224,-0.4166,3.4387,0.0331,0.0059,0.0065,0.0097,0.8154,2.0003,AMARELO
2026-09-16T22:21:52.341Z,0.1001,0.0157,0.0080,0.0315,-1.0365,1.4568,0.0804,0.0068,0.0005,0.0358,-0.6973,2.8184,0.0321,0.0052,0.0036,0.0057,0.5964,0.8394,VERDE
2026-09-16T22:21:53.345Z,0.0968,0.0128,0.0053,0.0516,-1.1370,0.7865,0.0747,0.0024,0.0037,0.0291,-0.2094,7.0110,0.0415,0.0027,0.0016,0.0126,0.5431,2.5316,AMARELO
2026-09-16T22:21:54.341Z,0.0910,0.0117,0.0036,0.0514,-0.9804,0.8809,0.0713,0.0043,0.0079,0.0308,-0.8065,2.6680,0.0392,0.0021,0.0015,0.0051,0.8542,2.5822,AMARELO
2026-09-16T22:21:55.335Z,0.0967,0.0094,0.0027,0.0473,-0.9405,1.9604,0.0779,0.0056,0.0092,0.0389,-0.7619,3.2244,0.0485,0.0081,0.0039,0.0121,-0.5319,0.6934,VERDE
2026-09-16T22:21:56.381Z,0.0926,0.0040,0.0101,0.0410,-1.1206,4.0249,0.0728,0.0048,0.0057,0.0256,-0.2308,2.3184,0.0362,0.0064,0.0075,0.0103,0.4532,1.5223,AMARELO
2026-09-16T22:21:57.381Z,0.0883,0.0126,0.0038,0.0373,-1.0612,1.3036,0.0648,0.0049,0.0021,0.0262,-0.5660,1.6612,0.0348,0.0009,0.0074,0.0074,0.3756,11.7674,VERDE
2026-09-16T22:21:58.396Z,0.0978,0.0116,0.0067,0.0318,-0.9834,1.7606,0.0778,0.0029,0.0015,0.0429,-0.8022,2.3763,0.0438,0.0040,0.0033,0.0117,-0.0653,1.4556,VERDE
2026-09-16T22:21:59.415Z,0.0918,0.0051,0.0020,0.0410,-1.1208,3.1955,0.0735,0.0084,0.0031,0.0227,-0.1276,1.7806,0.0426,0.0035,0.0005,0.0080,0.0315,1.9677,AMARELO
2026-09-16T22:22:00.431Z,0.0974,0.0120,0.0111,0.0498,-1.0467,1.4108,0.0764,0.0057,0.0070,0.0298,-0.6820,2.2267,0.0416,0.0052,0.0057,0.0077,0.7133,1.6789,VERDE
2026-09-16T22:22:01.456Z,0.1010,0.0038,0.0132,0.0464,-1.0859,5.1639,0.0768,0.0049,0.0070,0.0490,-0.5588,2.4868,0.0322,0.0023,0.0007,0.0067,1.7285,1.2453,VERMELHO
2026-09-16T22:22:02.501Z,0.0932,0.0078,0.0029,0.0517,-1.1622,2.6744,0.0742,0.0039,0.0036,0.0337,-0.7869,2.1522,0.0357,0.0045,0.0020,0.0095,0.8679,1.0283,AMARELO
2026-09-16T22:22:03.501Z,0.1050,0.0082,0.0121,0.0467,-0.9605,2.8917,0.0815,0.0092,0.0020,0.0370,-0.7932,0.9795,0.0479,0.0030,0.0080,0.0111,0.1840,4.2759,VERDE
2026-09-16T22:22:04.501Z,0.0938,0.0105,0.0066,0.0434,-0.8869,1.7459,0.0758,0.0114,0.0096,0.0250,-0.3573,1.7231,0.0533,0.0025,0.0017,0.0096,-0.6777,2.9740,AMARELO
2026-09-16T22:22:05.530Z,0.0934,0.0075,0.0064,0.0397,-0.9944,2.2532,0.0715,0.0029,0.0004,0.0259,-0.7007,3.5982,0.0369,0.0029,0.0024,0.0081,1.5535,2.7234,VERMELHO
2026-09-16T22:22:06.541Z,0.1058,0.0105,0.0050,0.0366,-1.0987,1.2448,0.0797,0.0022,0.0054,0.0429,-0.5664,7.2782,0.0414,0.0046,0.0012,0.0101,0.9012,1.4662,AMARELO
2026-09-16T22:22:07.569Z,0.0916,0.0091,0.0041,0.0502,-1.0341,1.4012,0.0683,0.0094,0.0018,0.0263,-0.1787,1.0225,0.0498,0.0034,0.0052,0.0126,-0.5021,2.1402,AMARELO
2026-09-16T22:22:08.581Z,0.0985,0.0050,0.0076,0.0373,-1.0740,3.0114,0.0784,0.0078,0.0012,0.0423,-0.7222,1.9578,0.0426,0.0073,0.0055,0.0111,0.4474,1.3304,VERDE
2026-09-16T22:22:09.626Z,0.0946,0.0143,0.0049,0.0551,-0.7794,1.5285,0.0749,0.0063,0.0020,0.0416,0.0263,1.4951,0.0457,0.0052,0.0051,0.0163,-0.1555,1.1259,VERMELHO
2026-09-16T22:22:10.681Z,0.0900,0.0099,0.0046,0.0357,-1.0452,1.5023,0.0755,0.0109,0.0057,0.0187,-0.8611,1.4226,0.0420,0.0024,0.0011,0.0075,0.5038,3.5474,VERDE
2026-09-16T22:22:11.711Z,0.0959,0.0071,0.0038,0.0285,-1.2173,1.2537,0.0799,0.0120,0.0101,0.0415,-0.8550,1.0473,0.0416,0.0037,0.0039,0.0076,0.4343,1.4523,VERDE
2026-09-16T22:22:12.701Z,0.0883,0.0061,0.0054,0.0407,-1.0720,2.4071,0.0758,0.0062,0.0022,0.0337,-0.0199,2.9663,0.0410,0.0025,0.0022,0.0085,0.1990,4.0013,VERMELHO
2026-09-16T22:22:13.702Z,0.0970,0.0080,0.0069,0.0567,-1.0030,1.9710,0.0713,0.0039,0.0086,0.0237,-0.5269,4.3956,0.0407,0.0031,0.0079,0.0095,0.7924,3.3334,AMARELO
2026-09-16T22:22:14.686Z,0.1040,0.0151,0.0034,0.0499,-1.0262,1.4085,0.0824,0.0062,0.0061,0.0378,-0.8403,2.4664,0.0478,0.0019,0.0065,0.0120,-0.4432,5.5815,VERDE
2026-09-16T22:22:15.695Z,0.0939,0.0061,0.0053,0.0336,-1.1497,2.2119,0.0700,0.0038,0.0033,0.0292,-0.0965,1.9636,0.0383,0.0021,0.0060,0.0070,0.3974,4.6895,AMARELO
2026-09-16T22:22:16.705Z,0.0980,0.0048,0.0050,0.0381,-1.1101,3.6945,0.0800,0.0031,0.0072,0.0424,-0.6476,3.7376,0.0370,0.0064,0.0026,0.0050,-0.2699,0.9297,VERDE
2026-09-16T22:22:17.735Z,0.1051,0.0149,0.0051,0.0352,-1.1870,1.7320,0.0844,0.0017,0.0012,0.0309,-0.4384,3.2204,0.0424,0.0025,0.0041,0.0087,0.3721,3.1759,VERDE
2026-09-16T22:22:18.711Z,0.0947,0.0134,0.0079,0.0579,-1.0219,1.0366,0.0723,0.0010,0.0032,0.0323,-0.4918,7.3893,0.0445,0.0013,0.0014,0.0122,-0.1214,9.0947,VERDE
2026-09-16T22:22:19.741Z,0.1057,0.0149,0.0147,0.0465,-0.8917,1.6753,0.0801,0.0167,0.0049,0.0441,-0.7541,0.8248,0.0475,0.0027,0.0086,0.0104,-0.1634,4.5303,VERDE
2026-09-16T22:22:20.840Z,0.0937,0.0064,0.0030,0.0348,-1.0419,2.9343,0.0748,0.0099,0.0067,0.0208,-0.1173,1.3595,0.0508,0.0069,0.0100,0.0140,-0.0891,2.1562,AMARELO
2026-09-16T22:22:21.861Z,0.0879,0.0127,0.0026,0.0439,-1.1359,0.8856,0.0699,0.0073,0.0061,0.0357,-0.7041,1.4911,0.0375,0.0031,0.0056,0.0064,-0.5333,2.4429,VERDE
2026-09-16T22:22:22.941Z,0.1002,0.0159,0.0111,0.0361,-1.1683,1.2638,0.0790,0.0038,0.0042,0.0416,-0.9147,3.9151,0.0386,0.0026,0.0056,0.0096,-0.0397,3.0896,VERDE
2026-09-16T22:22:23.830Z,0.0878,0.0129,0.0007,0.0445,-1.0199,1.0574,0.0692,0.0090,0.0045,0.0361,0.0293,1.3608,0.0395,0.0030,0.0047,0.0084,-0.1629,2.4840,VERMELHO
2026-09-16T22:22:24.861Z,0.1008,0.0191,0.0022,0.0463,-0.9291,1.0583,0.0695,0.0045,0.0054,0.0302,-0.4111,2.1450,0.0521,0.0024,0.0041,0.0139,-0.3864,6.7035,VERDE
2026-09-16T22:22:25.835Z,0.1000,0.0067,0.0021,0.0514,-1.1465,1.6279,0.0748,0.0050,0.0016,0.0390,-0.5584,3.7430,0.0476,0.0060,0.0015,0.0136,-0.1739,2.0362,VERDE
2026-09-16T22:22:26.855Z,0.0910,0.0068,0.0053,0.0489,-1.0109,2.5902,0.0653,0.0074,0.0049,0.0287,-0.2583,3.1084,0.0416,0.0054,0.0021,0.0099,0.7738,1.6957,AMARELO
2026-09-16T22:22:27.895Z,0.1031,0.0056,0.0037,0.0537,-1.0908,2.4127,0.0794,0.0121,0.0068,0.0391,-0.7295,1.3272,0.0526,0.0087,0.0090,0.0098,-0.2887,1.3674,VERDE
2026-09-16T22:22:28.891Z,0.0975,0.0018,0.0096,0.0535,-1.1314,10.5969,0.0782,0.0017,0.0051,0.0394,-0.2694,6.8935,0.0456,0.0001,0.0047,0.0087,0.5591,74.2254,VERMELHO
2026-09-16T22:22:29.921Z,0.0978,0.0054,0.0083,0.0377,-1.0584,2.0719,0.0726,0.0033,0.0022,0.0291,-0.3749,4.2650,0.0477,0.0033,0.0055,0.0123,-0.0430,3.0714,AMARELO
2026-09-16T22:22:30.935Z,0.1030,0.0202,0.0010,0.0477,-0.8286,0.8998,0.0828,0.0091,0.0048,0.0441,-0.9928,1.6172,0.0495,0.0059,0.0063,0.0172,-0.0528,1.5075,VERDE
2026-09-16T22:22:31.992Z,0.0918,0.0143,0.0077,0.0270,-0.9033,1.2398,0.0724,0.0029,0.0038,0.0306,-0.3548,3.8430,0.0382,0.0036,0.0028,0.0088,0.4143,2.8533,AMARELO
2026-09-16T22:22:32.980Z,0.1032,0.0157,0.0038,0.0414,-1.0650,0.8839,0.0779,0.0173,0.0091,0.0299,-0.8004,0.9290,0.0302,0.0052,0.0028,0.0056,0.3231,1.0215,VERDE
2026-09-16T22:22:34.094Z,0.0981,0.0067,0.0083,0.0387,-0.8680,2.6892,0.0802,0.0061,0.0032,0.0319,-0.2228,2.1290,0.0355,0.0044,0.0040,0.0081,1.6715,1.4959,VERMELHO
2026-09-16T22:22:35.010Z,0.0966,0.0109,0.0059,0.0427,-0.7133,1.5366,0.0749,0.0018,0.0024,0.0301,-0.5407,4.2241,0.0409,0.0024,0.0035,0.0066,-0.0044,1.7146,VERDE
2026-09-16T22:22:36.021Z,0.1077,0.0134,0.0046,0.0302,-1.0775,1.3799,0.0863,0.0067,0.0032,0.0430,-1.0352,2.1296,0.0444,0.0088,0.0040,0.0099,-0.3461,0.8235,VERDE
2026-09-16T22:22:37.015Z,0.0982,0.0128,0.0057,0.0583,-1.1051,1.5374,0.0750,0.0004,0.0088,0.0368,0.2702,26.4704,0.0531,0.0019,0.0048,0.0137,-0.6098,5.4835,VERMELHO
2026-09-16T22:22:38.061Z,0.0964,0.0066,0.0102,0.0402,-1.0562,3.7284,0.0685,0.0068,0.0031,0.0275,-0.5627,1.0049,0.0487,0.0031,0.0019,0.0088,-0.5819,2.1145,VERDE
2026-09-16T22:22:39.111Z,0.1003,0.0185,0.0059,0.0377,-1.0721,1.2501,0.0784,0.0008,0.0021,0.0440,-0.9683,17.7494,0.0431,0.0041,0.0048,0.0092,-0.1535,2.4700,AMARELO
2026-09-16T22:22:40.135Z,0.0959,0.0120,0.0059,0.0255,-0.8889,1.0486,0.0747,0.0030,0.0081,0.0247,-0.1536,5.7975,0.0404,0.0016,0.0021,0.0064,-0.1301,3.7840,AMARELO
2026-09-16T22:22:41.140Z,0.0905,0.0067,0.0057,0.0372,-1.1071,1.8580,0.0670,0.0103,0.0098,0.0162,-0.3186,1.5643,0.0324,0.0036,0.0034,0.0058,0.4129,1.5784,AMARELO
2026-09-16T22:22:42.130Z,0.0899,0.0041,0.0092,0.0474,-0.8280,3.7615,0.0713,0.0052,0.0035,0.0318,-0.3104,2.1527,0.0417,0.0088,0.0010,0.0086,-0.1272,0.8243,AMARELO
2026-09-16T22:22:43.141Z,0.0970,0.0123,0.0008,0.0394,-1.0725,1.3857,0.0805,0.0033,0.0020,0.0432,-1.0460,4.0793,0.0400,0.0028,0.0054,0.0119,-0.5338,2.6588,VERDE
2026-09-16T22:22:44.141Z,0.0981,0.0093,0.0050,0.0626,-1.0008,1.8171,0.0732,0.0108,0.0044,0.0266,-0.0508,1.6667,0.0414,0.0022,0.0008,0.0082,0.6661,3.6339,AMARELO
2026-09-16T22:22:45.141Z,0.0883,0.0046,0.0041,0.0491,-1.1851,3.4534,0.0706,0.0068,0.0045,0.0293,-0.2938,1.6174,0.0334,0.0015,0.0079,0.0086,1.6898,6.3765,VERMELHO
2026-09-16T22:22:46.141Z,0.0932,0.0117,0.0060,0.0313,-0.8309,1.0881,0.0710,0.0054,0.0007,0.0283,-0.6195,2.6612,0.0372,0.0050,0.0052,0.0085,2.1511,1.5565,VERMELHO
2026-09-16T22:22:47.141Z,0.1118,0.0213,0.0053,0.0416,-1.1308,0.7233,0.0814,0.0031,0.0088,0.0428,-1.2652,3.8440,0.0461,0.0030,0.0064,0.0128,-0.4578,2.5999,VERDE
2026-09-16T22:22:48.181Z,0.1007,0.0058,0.0069,0.0539,-1.0571,3.1728,0.0797,0.0055,0.0068,0.0370,0.0814,2.9755,0.0479,0.0025,0.0049,0.0130,0.0424,2.9654,VERMELHO
2026-09-16T22:22:49.181Z,0.0920,0.0053,0.0079,0.0402,-1.2621,2.4643,0.0726,0.0056,0.0065,0.0354,-0.3438,1.5699,0.0413,0.0030,0.0031,0.0094,-0.2620,2.8848,AMARELO
2026-09-16T22:22:50.261Z,0.0935,0.0045,0.0060,0.0243,-0.9702,4.5312,0.0667,0.0059,0.0038,0.0221,-0.6944,2.3343,0.0304,0.0013,0.0005,0.0061,-0.1935,4.8353,VERDE
2026-09-16T22:22:51.256Z,0.1040,0.0107,0.0038,0.0420,-1.1012,2.0692,0.0789,0.0068,0.0041,0.0280,-0.8311,1.2828,0.0336,0.0015,0.0046,0.0068,-0.0823,4.7387,VERDE
2026-09-16T22:22:52.256Z,0.1089,0.0148,0.0132,0.0484,-0.9235,1.1342,0.0866,0.0101,0.0086,0.0462,-0.7799,1.3914,0.0495,0.0064,0.0019,0.0122,-0.1608,1.0995,VERDE
2026-09-16T22:22:53.269Z,0.1042,0.0074,0.0025,0.0612,-0.9671,2.0495,0.0839,0.0057,0.0031,0.0478,-0.4088,2.0204,0.0429,0.0029,0.0021,0.0108,-0.0750,1.5332,VERDE
2026-09-16T22:22:54.260Z,0.0933,0.0060,0.0069,0.0424,-1.0674,1.6437,0.0818,0.0063,0.0032,0.0331,-0.2532,1.7122,0.0458,0.0019,0.0063,0.0111,0.3202,4.4014,AMARELO
2026-09-16T22:22:55.301Z,0.0888,0.0059,0.0047,0.0368,-1.0067,2.5022,0.0663,0.0044,0.0011,0.0288,-0.5659,2.6514,0.0367,0.0009,0.0044,0.0088,1.2012,13.8152,AMARELO
2026-09-16T22:22:56.301Z,0.1013,0.0107,0.0129,0.0288,-1.0736,1.9113,0.0782,0.0058,0.0057,0.0335,-0.9254,1.7955,0.0359,0.0033,0.0028,0.0078,-0.4743,2.1003,VERDE
2026-09-16T22:22:57.300Z,0.1020,0.0074,0.0109,0.0484,-0.8833,2.8580,0.0799,0.0081,0.0056,0.0352,-0.5972,1.6852,0.0458,0.0041,0.0003,0.0119,0.4774,1.4809,VERDE
2026-09-16T22:22:58.294Z,0.0939,0.0094,0.0030,0.0455,-1.0642,1.7305,0.0765,0.0070,0.0034,0.0398,0.3883,0.7406,0.0441,0.0019,0.0040,0.0141,-0.1499,4.1244,VERMELHO
2026-09-16T22:22:59.350Z,0.0899,0.0096,0.0047,0.0524,-1.1660,2.0671,0.0681,0.0049,0.0035,0.0303,-0.6924,2.3473,0.0365,0.0029,0.0043,0.0068,0.7593,1.9349,AMARELO
2026-09-16T22:23:00.340Z,0.0980,0.0094,0.0067,0.0321,-0.8996,1.7744,0.0743,0.0085,0.0082,0.0234,-0.6919,1.9675,0.0401,0.0045,0.0008,0.0081,0.6138,2.2483,VERDE
2026-09-16T22:23:01.340Z,0.1043,0.0069,0.0062,0.0487,-0.8615,1.9402,0.0785,0.0057,0.0018,0.0372,-0.3881,1.9082,0.0475,0.0072,0.0038,0.0113,-0.1666,0.9593,VERDE
2026-09-16T22:23:02.341Z,0.0917,0.0078,0.0062,0.0507,-0.6950,2.6682,0.0687,0.0015,0.0010,0.0381,0.0674,6.0926,0.0342,0.0032,0.0036,0.0100,1.4948,3.6522,VERMELHO
2026-09-16T22:23:03.335Z,0.0908,0.0115,0.0105,0.0508,-0.8049,1.5082,0.0732,0.0099,0.0034,0.0352,-0.6483,0.9340,0.0624,0.0014,0.0071,0.0124,-0.7549,7.5267,VERDE
2026-09-16T22:23:04.381Z,0.1066,0.0052,0.0014,0.0623,-0.8840,2.6411,0.0801,0.0145,0.0048,0.0294,-0.5742,0.8685,0.0430,0.0027,0.0033,0.0090,0.7303,2.7876,VERDE
2026-09-16T22:23:05.370Z,0.0914,0.0094,0.0030,0.0414,-1.1601,1.1383,0.0698,0.0068,0.0069,0.0266,0.2519,1.8185,0.0372,0.0005,0.0028,0.0085,0.7643,11.4331,VERMELHO
2026-09-16T22:23:06.390Z,0.0927,0.0093,0.0065,0.0330,-1.1103,1.2340,0.0722,0.0016,0.0030,0.0334,-0.8670,6.7959,0.0443,0.0069,0.0038,0.0133,-0.7985,0.7164,VERDE
2026-09-16T22:23:07.421Z,0.1026,0.0056,0.0062,0.0546,-0.8648,2.8357,0.0811,0.0107,0.0016,0.0486,-0.2493,0.7749,0.0402,0.0035,0.0043,0.0113,0.0212,1.5010,AMARELO
2026-09-16T22:23:08.415Z,0.0978,0.0020,0.0044,0.0427,-1.2195,3.3637,0.0737,0.0053,0.0075,0.0298,-0.3699,2.9474,0.0452,0.0033,0.0007,0.0083,0.1208,1.3837,AMARELO
2026-09-16T22:23:09.510Z,0.0979,0.0177,0.0009,0.0270,-0.9980,1.0214,0.0737,0.0031,0.0029,0.0330,-0.8488,4.9212,0.0477,0.0013,0.0012,0.0151,0.5762,4.5466,VERDE
2026-09-16T22:23:10.520Z,0.0976,0.0122,0.0099,0.0335,-0.8980,1.7680,0.0781,0.0057,0.0053,0.0229,0.3610,2.1554,0.0398,0.0087,0.0036,0.0068,1.0612,0.8267,VERMELHO
2026-09-16T22:23:11.517Z,0.0937,0.0077,0.0024,0.0505,-0.9584,1.6574,0.0708,0.0003,0.0034,0.0384,-0.6732,30.5930,0.0432,0.0034,0.0094,0.0093,0.2588,2.8424,VERMELHO
2026-09-16T22:23:12.524Z,0.1090,0.0087,0.0099,0.0646,-0.7515,1.9115,0.0797,0.0073,0.0024,0.0446,-0.2601,1.7233,0.0420,0.0036,0.0038,0.0093,0.3743,2.9885,AMARELO
2026-09-16T22:23:13.535Z,0.0940,0.0033,0.0045,0.0476,-0.9597,5.0600,0.0593,0.0023,0.0029,0.0285,0.0342,4.1082,0.0452,0.0026,0.0062,0.0101,0.5465,2.6428,VERMELHO
2026-09-16T22:23:14.534Z,0.1084,0.0139,0.0079,0.0542,-0.7498,1.4540,0.0783,0.0063,0.0046,0.0353,-0.7083,1.3153,0.0597,0.0065,0.0118,0.0156,0.0887,2.3027,VERDE
2026-09-16T22:23:15.535Z,0.0937,0.0165,0.0076,0.0476,-1.0920,0.9499,0.0715,0.0020,0.0030,0.0305,0.7083,8.2964,0.0568,0.0032,0.0092,0.0116,-0.3157,4.0371,VERMELHO
2026-09-16T22:23:16.586Z,0.0986,0.0150,0.0087,0.0414,-0.7916,0.7104,0.0720,0.0010,0.0031,0.0429,-0.5053,13.0401,0.0493,0.0077,0.0050,0.0091,0.7658,0.8132,AMARELO
2026-09-16T22:23:17.574Z,0.0933,0.0019,0.0049,0.0534,-0.6294,4.1074,0.0698,0.0027,0.0075,0.0332,1.4358,4.9968,0.0482,0.0044,0.0020,0.0100,0.4751,1.3287,VERMELHO
2026-09-16T22:23:18.560Z,0.0949,0.0118,0.0121,0.0518,-0.8768,1.9297,0.0615,0.0022,0.0052,0.0228,-0.3169,4.1683,0.0416,0.0071,0.0076,0.0112,0.2898,1.3763,AMARELO
2026-09-16T22:23:19.741Z,0.0922,0.0029,0.0020,0.0312,-0.9204,9.0983,0.0717,0.0047,0.0056,0.0206,-0.1158,3.5049,0.0397,0.0028,0.0027,0.0071,0.1010,2.6745,AMARELO
2026-09-16T22:23:20.700Z,0.1006,0.0258,0.0025,0.0293,-0.8741,0.5772,0.0675,0.0021,0.0056,0.0225,-0.6084,9.4599,0.0437,0.0075,0.0036,0.0095,0.2709,1.3263,VERDE
2026-09-16T22:23:21.689Z,0.0870,0.0070,0.0018,0.0494,-0.8336,1.5440,0.0692,0.0044,0.0035,0.0315,-0.0311,2.2309,0.0551,0.0072,0.0095,0.0098,-0.4679,1.6882,AMARELO
2026-09-16T22:23:22.710Z,0.1024,0.0071,0.0057,0.0541,-0.7158,2.2347,0.0740,0.0012,0.0045,0.0408,-0.1655,11.5001,0.0446,0.0016,0.0023,0.0088,0.4659,6.5730,AMARELO
2026-09-16T22:23:23.694Z,0.0928,0.0097,0.0042,0.0533,-0.9255,1.0007,0.0673,0.0073,0.0056,0.0280,0.4134,1.2091,0.0386,0.0021,0.0052,0.0104,0.2625,5.1771,VERMELHO
2026-09-16T22:23:24.719Z,0.1084,0.0151,0.0063,0.0412,-1.0269,0.9672,0.0681,0.0062,0.0072,0.0336,-0.4156,3.3747,0.0540,0.0126,0.0109,0.0145,-0.2666,1.0596,VERDE
2026-09-16T22:23:25.696Z,0.0942,0.0079,0.0068,0.0504,-0.9310,2.5284,0.0606,0.0049,0.0026,0.0255,0.1110,1.9444,0.0475,0.0044,0.0039,0.0058,0.4019,1.8610,VERMELHO
2026-09-16T22:23:26.760Z,0.1004,0.0069,0.0076,0.0340,-0.8710,2.1879,0.0749,0.0074,0.0076,0.0356,-0.7797,2.0999,0.0578,0.0056,0.0038,0.0132,-0.0307,1.5595,VERDE
2026-09-16T22:23:27.741Z,0.0896,0.0123,0.0059,0.0404,-0.9479,1.9488,0.0751,0.0109,0.0085,0.0344,-0.2328,1.1175,0.0600,0.0106,0.0069,0.0125,-0.2853,1.0184,AMARELO
2026-09-16T22:23:29.175Z,0.0948,0.0071,0.0040,0.0425,-1.1219,2.4285,0.0756,0.0055,0.0035,0.0367,-0.7588,3.2736,0.0445,0.0023,0.0010,0.0104,-0.3666,4.8302,VERDE
2026-09-16T22:23:29.895Z,0.1019,0.0082,0.0121,0.0300,-1.1836,3.0665,0.0780,0.0047,0.0062,0.0179,0.1689,3.0980,0.0542,0.0089,0.0044,0.0099,-0.2460,1.0585,VERMELHO
2026-09-16T22:23:30.861Z,0.0981,0.0049,0.0093,0.0501,-0.9751,2.4161,0.0667,0.0075,0.0043,0.0317,-0.2945,1.2035,0.0548,0.0032,0.0076,0.0138,-0.3424,4.0561,AMARELO
2026-09-16T22:23:31.855Z,0.1044,0.0038,0.0069,0.0588,-0.8599,5.6890,0.0785,0.0042,0.0100,0.0371,0.1541,5.5454,0.0568,0.0034,0.0072,0.0107,-0.1387,4.2586,VERMELHO
2026-09-16T22:23:32.865Z,0.0973,0.0136,0.0031,0.0555,-0.8542,1.8552,0.0647,0.0022,0.0023,0.0286,-0.3249,5.1281,0.0460,0.0050,0.0025,0.0083,0.3305,1.0509,AMARELO
2026-09-16T22:23:33.905Z,0.1056,0.0053,0.0015,0.0546,-0.6208,2.7652,0.0784,0.0046,0.0057,0.0354,-0.0468,3.4404,0.0455,0.0089,0.0042,0.0120,1.0487,0.9699,AMARELO
2026-09-16T22:23:34.894Z,0.0926,0.0043,0.0051,0.0380,-0.9276,2.1343,0.0657,0.0068,0.0026,0.0288,-0.3901,1.2759,0.0397,0.0030,0.0055,0.0057,0.5053,2.3803,VERDE
2026-09-16T22:23:35.905Z,0.1071,0.0108,0.0129,0.0470,-1.0749,2.0130,0.0756,0.0042,0.0027,0.0478,-0.5693,2.5028,0.0580,0.0068,0.0096,0.0156,-0.3953,2.1892,VERDE
2026-09-16T22:23:36.895Z,0.0996,0.0108,0.0058,0.0432,-0.8840,1.9943,0.0663,0.0033,0.0049,0.0306,0.1162,2.8316,0.0490,0.0051,0.0019,0.0099,0.3254,1.0928,VERMELHO
2026-09-16T22:23:37.945Z,0.1035,0.0171,0.0028,0.0438,-0.7792,1.1963,0.0748,0.0082,0.0049,0.0454,-0.7776,1.6115,0.0544,0.0023,0.0076,0.0202,-0.5224,4.6414,VERDE
2026-09-16T22:23:38.935Z,0.0952,0.0005,0.0067,0.0409,-0.9047,36.6071,0.0662,0.0034,0.0061,0.0232,0.2126,3.3008,0.0486,0.0031,0.0045,0.0083,0.1671,3.4861,VERMELHO
2026-09-16T22:23:40.020Z,0.1088,0.0070,0.0015,0.0205,-1.0863,3.8367,0.0764,0.0024,0.0028,0.0240,-0.8747,11.1548,0.0558,0.0032,0.0110,0.0119,-0.6648,4.3658,VERDE
2026-09-16T22:23:41.010Z,0.0917,0.0077,0.0007,0.0371,-1.0548,1.0880,0.0711,0.0022,0.0009,0.0308,0.7566,4.3043,0.0449,0.0052,0.0065,0.0097,-0.3439,2.0780,VERMELHO
2026-09-16T22:23:42.021Z,0.0996,0.0040,0.0034,0.0459,-1.0151,4.2517,0.0723,0.0017,0.0038,0.0420,-0.6257,8.5379,0.0281,0.0024,0.0017,0.0078,2.1904,2.9371,VERMELHO
2026-09-16T22:23:43.021Z,0.1005,0.0040,0.0067,0.0567,-0.9156,5.0224,0.0776,0.0098,0.0066,0.0294,0.1987,1.3842,0.0460,0.0034,0.0061,0.0110,0.9368,3.5052,VERMELHO
2026-09-16T22:23:44.025Z,0.1035,0.0158,0.0072,0.0482,-0.8582,1.0105,0.0688,0.0069,0.0037,0.0309,-0.5169,1.4513,0.0417,0.0061,0.0040,0.0165,-0.0043,1.4668,VERDE
2026-09-16T22:23:45.011Z,0.0978,0.0074,0.0025,0.0467,-1.0264,1.0981,0.0769,0.0047,0.0056,0.0350,-0.1925,3.0755,0.0438,0.0019,0.0052,0.0101,0.6410,4.8283,AMARELO
2026-09-16T22:23:46.050Z,0.1005,0.0018,0.0079,0.0407,-0.8464,7.3803,0.0736,0.0016,0.0020,0.0383,-0.4390,7.4995,0.0500,0.0025,0.0038,0.0189,-0.3398,2.1957,AMARELO
2026-09-16T22:23:47.146Z,0.0900,0.0121,0.0055,0.0463,-1.1454,1.8210,0.0719,0.0065,0.0047,0.0307,-0.2617,3.1828,0.0434,0.0033,0.0031,0.0084,-0.1908,2.3693,AMARELO
2026-09-16T22:23:48.094Z,0.1005,0.0138,0.0024,0.0575,-0.8504,1.4211,0.0776,0.0047,0.0039,0.0443,-0.4811,2.1250,0.0418,0.0034,0.0011,0.0112,0.6998,1.7540,VERDE
2026-09-16T22:23:49.180Z,0.0882,0.0103,0.0069,0.0186,-1.0484,1.5278,0.0702,0.0078,0.0067,0.0198,-0.3733,1.8819,0.0336,0.0025,0.0019,0.0065,2.0925,3.0962,VERMELHO
2026-09-16T22:23:50.180Z,0.0987,0.0013,0.0052,0.0432,-1.1167,9.5948,0.0764,0.0040,0.0044,0.0365,0.3692,3.6555,0.0486,0.0073,0.0082,0.0161,0.3028,1.8542,VERMELHO
2026-09-16T22:23:51.149Z,0.0916,0.0047,0.0020,0.0362,-1.2641,2.0774,0.0675,0.0034,0.0058,0.0361,-0.5153,3.7719,0.0459,0.0040,0.0079,0.0089,-0.0636,2.3772,VERDE
2026-09-16T22:23:52.505Z,0.0967,0.0053,0.0068,0.0476,-0.7542,3.1739,0.0777,0.0023,0.0085,0.0412,-0.4641,7.3019,0.0426,0.0018,0.0043,0.0137,-0.3183,3.5468,VERDE
2026-09-16T22:23:53.332Z,0.0940,0.0109,0.0084,0.0387,-1.1107,1.3567,0.0667,0.0036,0.0046,0.0265,-0.4569,3.7723,0.0432,0.0014,0.0029,0.0101,0.3864,4.8754,VERDE
2026-09-16T22:23:54.180Z,0.1047,0.0138,0.0085,0.0520,-0.9621,1.3626,0.0777,0.0033,0.0081,0.0362,-0.1727,4.4664,0.0385,0.0037,0.0041,0.0100,-0.4301,2.0481,AMARELO
2026-09-16T22:23:55.220Z,0.0925,0.0058,0.0072,0.0384,-1.1119,3.1013,0.0631,0.0022,0.0020,0.0189,-0.3633,4.5695,0.0445,0.0048,0.0058,0.0075,-0.1022,1.7276,AMARELO
2026-09-16T22:23:56.225Z,0.1047,0.0054,0.0047,0.0486,-0.9596,2.4867,0.0735,0.0101,0.0095,0.0312,-0.1484,1.1765,0.0466,0.0055,0.0055,0.0104,0.4776,1.3781,AMARELO
2026-09-16T22:23:57.186Z,0.0919,0.0062,0.0087,0.0617,-0.7975,2.8432,0.0621,0.0052,0.0028,0.0305,0.0688,2.4683,0.0536,0.0025,0.0126,0.0128,-0.0261,5.7520,VERMELHO
2026-09-16T22:23:58.200Z,0.1019,0.0077,0.0055,0.0399,-1.1293,2.2243,0.0740,0.0063,0.0040,0.0412,-0.3239,1.8331,0.0520,0.0043,0.0026,0.0151,-0.3318,1.6018,AMARELO
2026-09-16T22:23:59.280Z,0.0926,0.0147,0.0008,0.0300,-1.1229,2.2076,0.0658,0.0010,0.0006,0.0188,-0.0992,16.8715,0.0437,0.0011,0.0019,0.0078,0.2128,5.6585,AMARELO
2026-09-16T22:24:00.301Z,0.0951,0.0074,0.0044,0.0347,-1.0515,2.5850,0.0705,0.0099,0.0010,0.0241,-0.0973,1.3068,0.0451,0.0041,0.0064,0.0102,0.1700,2.7913,AMARELO
2026-09-16T22:24:01.285Z,0.0911,0.0009,0.0078,0.0462,-0.8021,18.0271,0.0590,0.0068,0.0032,0.0318,-0.5950,1.3618,0.0517,0.0024,0.0053,0.0121,-0.6264,3.3041,VERMELHO
2026-09-16T22:24:02.301Z,0.0971,0.0098,0.0050,0.0458,-0.9115,2.7620,0.0674,0.0146,0.0048,0.0226,0.1572,0.8480,0.0376,0.0032,0.0004,0.0061,1.2517,1.9176,VERMELHO
2026-09-16T22:24:03.300Z,0.0900,0.0044,0.0115,0.0420,-1.0704,3.6095,0.0634,0.0030,0.0044,0.0253,-0.5509,3.9220,0.0418,0.0037,0.0032,0.0089,0.1915,1.2189,VERDE
2026-09-16T22:24:04.310Z,0.0886,0.0143,0.0039,0.0440,-1.1127,0.6447,0.0619,0.0034,0.0034,0.0294,0.5821,4.4167,0.0439,0.0045,0.0035,0.0078,0.0650,1.3055,VERMELHO
2026-09-16T22:24:05.373Z,0.1009,0.0012,0.0038,0.0549,-0.9674,14.9661,0.0690,0.0091,0.0041,0.0399,-0.4270,2.0493,0.0365,0.0010,0.0071,0.0131,0.4350,8.6689,VERMELHO
2026-09-16T22:24:06.346Z,0.0870,0.0165,0.0084,0.0362,-1.0300,1.0142,0.0613,0.0023,0.0035,0.0237,-0.2431,5.0079,0.0445,0.0095,0.0057,0.0094,-0.0696,1.1042,AMARELO
2026-09-16T22:24:07.380Z,0.0948,0.0070,0.0080,0.0399,-1.1543,2.5761,0.0698,0.0113,0.0043,0.0315,0.0386,1.1095,0.0378,0.0012,0.0020,0.0119,0.0903,6.0663,VERMELHO
2026-09-16T22:24:08.390Z,0.0988,0.0114,0.0027,0.0321,-0.9705,1.3635,0.0692,0.0064,0.0044,0.0275,-0.7260,1.6055,0.0361,0.0032,0.0006,0.0083,1.7172,1.4231,VERMELHO
2026-09-16T22:24:09.490Z,0.0932,0.0125,0.0069,0.0263,-1.0727,0.9118,0.0665,0.0035,0.0045,0.0252,0.2006,3.6129,0.0455,0.0050,0.0040,0.0122,0.5090,2.0752,VERMELHO
2026-09-16T22:24:10.495Z,0.1065,0.0060,0.0054,0.0564,-0.7741,2.9137,0.0729,0.0044,0.0045,0.0388,-0.2511,3.0124,0.0436,0.0027,0.0075,0.0145,1.5832,4.3368,VERMELHO
2026-09-16T22:24:11.781Z,0.0931,0.0138,0.0064,0.0363,-1.0594,0.8948,0.0650,0.0050,0.0040,0.0253,-0.4932,2.4097,0.0485,0.0040,0.0030,0.0159,-0.4601,2.7768,VERDE
2026-09-16T22:24:12.490Z,0.0996,0.0127,0.0061,0.0609,-0.9271,1.0971,0.0768,0.0074,0.0070,0.0390,-0.3221,1.8591,0.0483,0.0040,0.0063,0.0105,0.1057,3.1363,AMARELO
2026-09-16T22:24:13.489Z,0.0988,0.0153,0.0031,0.0331,-1.0021,1.0243,0.0743,0.0056,0.0082,0.0264,-0.3832,2.8131,0.0418,0.0026,0.0036,0.0105,0.9126,2.4214,AMARELO
2026-09-16T22:24:14.491Z,0.0978,0.0067,0.0027,0.0394,-1.1112,2.4263,0.0655,0.0074,0.0089,0.0255,0.3383,2.2645,0.0427,0.0015,0.0098,0.0090,0.7442,7.7457,VERMELHO
2026-09-16T22:24:15.540Z,0.1020,0.0134,0.0045,0.0420,-0.9865,1.4918,0.0711,0.0080,0.0059,0.0266,-0.3130,1.3268,0.0441,0.0016,0.0048,0.0130,0.4920,4.4775,AMARELO
2026-09-16T22:24:16.509Z,0.0990,0.0054,0.0040,0.0561,-0.9964,1.9238,0.0673,0.0091,0.0101,0.0325,-0.6014,2.4416,0.0448,0.0021,0.0067,0.0090,-0.2724,5.2799,VERDE
2026-09-16T22:24:17.545Z,0.0963,0.0139,0.0053,0.0603,-1.0835,0.9314,0.0637,0.0105,0.0056,0.0298,0.3431,0.9234,0.0482,0.0034,0.0037,0.0076,-0.1933,1.5739,VERMELHO
2026-09-16T22:24:18.540Z,0.1062,0.0178,0.0099,0.0339,-1.0957,1.5488,0.0739,0.0021,0.0043,0.0405,-0.5509,10.0249,0.0549,0.0057,0.0105,0.0180,-0.4158,2.4744,VERDE
2026-09-16T22:24:19.565Z,0.1000,0.0155,0.0078,0.0482,-0.9563,1.2309,0.0637,0.0031,0.0085,0.0243,0.2492,4.3965,0.0490,0.0033,0.0068,0.0112,-0.2250,2.4710,VERMELHO
2026-09-16T22:24:20.976Z,0.1035,0.0050,0.0080,0.0525,-0.9768,4.2306,0.0678,0.0120,0.0076,0.0366,-0.3155,0.7908,0.0573,0.0031,0.0033,0.0126,-0.5407,2.8981,AMARELO
2026-09-16T22:24:21.610Z,0.0943,0.0114,0.0026,0.0284,-1.2469,1.5838,0.0623,0.0102,0.0031,0.0254,-0.1990,1.1915,0.0426,0.0028,0.0048,0.0112,0.5038,2.9232,AMARELO
2026-09-16T22:24:22.579Z,0.0961,0.0091,0.0049,0.0475,-0.9199,2.1528,0.0713,0.0102,0.0035,0.0297,0.2422,0.8176,0.0463,0.0022,0.0091,0.0094,-0.3522,4.7802,VERMELHO
2026-09-16T22:24:23.614Z,0.0981,0.0151,0.0047,0.0373,-1.0571,1.1011,0.0638,0.0031,0.0022,0.0231,-0.8169,4.4884,0.0416,0.0008,0.0083,0.0113,0.4549,16.5618,VERDE
2026-09-16T22:24:24.620Z,0.0955,0.0179,0.0072,0.0425,-0.9574,1.1387,0.0711,0.0021,0.0062,0.0399,0.0701,5.8852,0.0410,0.0007,0.0019,0.0091,0.8145,10.9408,VERMELHO
2026-09-16T22:24:25.660Z,0.1025,0.0156,0.0053,0.0461,-0.9981,0.4062,0.0750,0.0037,0.0071,0.0369,-0.7246,4.7567,0.0477,0.0046,0.0059,0.0098,0.7826,2.1921,AMARELO
2026-09-16T22:24:26.660Z,0.0974,0.0058,0.0051,0.0515,-0.6867,3.0330,0.0775,0.0055,0.0049,0.0308,0.0161,2.0027,0.0624,0.0022,0.0103,0.0149,-0.4432,5.5314,VERMELHO
2026-09-16T22:24:27.700Z,0.1013,0.0024,0.0081,0.0522,-0.9507,7.5709,0.0659,0.0041,0.0035,0.0306,-0.9185,3.1520,0.0492,0.0066,0.0035,0.0105,-0.3181,1.2759,AMARELO
2026-09-16T22:24:28.780Z,0.0993,0.0141,0.0121,0.0252,-1.0335,1.3795,0.0723,0.0071,0.0049,0.0164,-0.3207,2.2450,0.0461,0.0009,0.0047,0.0089,0.4181,13.5657,AMARELO
2026-09-16T22:24:29.775Z,0.0940,0.0236,0.0104,0.0396,-1.1392,0.6970,0.0640,0.0038,0.0064,0.0338,-0.4259,3.7141,0.0398,0.0064,0.0043,0.0085,0.2363,1.1801,VERDE
2026-09-16T22:24:30.780Z,0.0970,0.0068,0.0029,0.0400,-0.9196,1.7834,0.0728,0.0036,0.0105,0.0337,0.1285,3.9286,0.0391,0.0035,0.0030,0.0086,0.2916,1.9488,VERMELHO
2026-09-16T22:24:31.780Z,0.0920,0.0130,0.0031,0.0489,-0.8518,1.4709,0.0597,0.0086,0.0019,0.0248,-0.3790,1.2796,0.0423,0.0068,0.0063,0.0119,1.4325,1.5951,VERMELHO
2026-09-16T22:24:32.780Z,0.1036,0.0032,0.0054,0.0590,-0.9784,7.6014,0.0704,0.0107,0.0085,0.0327,-0.0084,2.4643,0.0524,0.0048,0.0051,0.0127,0.4038,1.4173,VERMELHO
2026-09-16T22:24:33.780Z,0.0928,0.0047,0.0100,0.0434,-0.9307,4.6928,0.0544,0.0003,0.0035,0.0250,-0.4310,37.7792,0.0452,0.0029,0.0050,0.0094,0.6592,3.4867,VERMELHO
2026-09-16T22:24:34.779Z,0.0994,0.0198,0.0062,0.0607,-1.0011,1.1756,0.0686,0.0036,0.0079,0.0349,0.4274,4.4287,0.0429,0.0031,0.0103,0.0088,0.4142,4.7646,VERMELHO
2026-09-16T22:24:35.815Z,0.0905,0.0036,0.0032,0.0344,-0.8594,8.2031,0.0584,0.0071,0.0008,0.0172,-0.5983,1.7902,0.0528,0.0044,0.0037,0.0143,0.1437,2.1459,AMARELO
2026-09-16T22:24:36.824Z,0.0979,0.0046,0.0036,0.0518,-0.9590,3.5885,0.0636,0.0023,0.0074,0.0210,-0.0453,7.1613,0.0544,0.0036,0.0019,0.0104,-0.0835,2.0388,AMARELO
2026-09-16T22:24:37.945Z,0.0905,0.0211,0.0042,0.0346,-0.9843,0.3141,0.0653,0.0018,0.0055,0.0270,-0.6382,5.7480,0.0445,0.0012,0.0053,0.0089,0.6525,7.7549,VERDE
2026-09-16T22:24:38.944Z,0.0977,0.0028,0.0098,0.0538,-1.0436,7.1061,0.0701,0.0082,0.0089,0.0260,-0.1849,1.5677,0.0385,0.0038,0.0030,0.0099,1.2868,1.9681,AMARELO
2026-09-16T22:24:39.934Z,0.1167,0.0119,0.0115,0.0512,0.7525,1.5668,0.0684,0.0053,0.0109,0.0245,0.7587,3.1908,0.0534,0.0032,0.0053,0.0093,1.0852,2.7301,VERMELHO
2026-09-16T22:24:40.940Z,0.0972,0.0288,0.0044,0.0353,-0.9666,0.4238,0.0687,0.0040,0.0068,0.0300,0.0833,3.6609,0.0526,0.0026,0.0050,0.0114,0.0617,4.0057,VERMELHO
2026-09-16T22:24:42.181Z,0.1145,0.0083,0.0068,0.0415,-0.7377,1.6116,0.0757,0.0040,0.0047,0.0308,-0.7295,4.0756,0.0667,0.0097,0.0083,0.0138,0.1647,1.4895,VERDE
2026-09-16T22:24:42.940Z,0.1057,0.0058,0.0106,0.0458,-0.8438,3.8424,0.0842,0.0130,0.0034,0.0354,0.3920,1.5959,0.0612,0.0030,0.0091,0.0076,0.7029,4.0909,VERMELHO
2026-09-16T22:24:43.940Z,0.1123,0.0215,0.0097,0.0422,-0.9243,1.1403,0.0814,0.0068,0.0027,0.0517,-0.5308,3.6987,0.0453,0.0038,0.0016,0.0119,0.3470,2.5904,VERDE
2026-09-16T22:24:44.975Z,0.1092,0.0090,0.0050,0.0724,-0.9417,2.3828,0.0775,0.0014,0.0041,0.0362,-0.1321,15.4819,0.0640,0.0036,0.0083,0.0136,-0.8124,2.7093,AMARELO
2026-09-16T22:24:45.980Z,0.1127,0.0150,0.0093,0.0544,-0.9232,1.8694,0.0806,0.0196,0.0073,0.0435,-0.3092,0.9516,0.0632,0.0047,0.0032,0.0148,-0.2954,1.9432,AMARELO
2026-09-16T22:24:46.981Z,0.1023,0.0078,0.0019,0.0429,-1.2552,1.9469,0.0739,0.0064,0.0031,0.0434,-0.5624,2.3822,0.0468,0.0023,0.0048,0.0099,-0.1085,2.6203,VERDE
2026-09-16T22:24:48.061Z,0.0986,0.0055,0.0110,0.0337,-0.8922,4.9512,0.0740,0.0066,0.0053,0.0235,-0.2838,1.7402,0.0498,0.0037,0.0056,0.0111,-0.0767,2.0222,AMARELO
2026-09-16T22:24:49.021Z,0.0957,0.0030,0.0059,0.0392,-1.1146,6.6282,0.0633,0.0042,0.0036,0.0209,-0.4151,1.7613,0.0562,0.0049,0.0040,0.0129,-0.0412,2.2388,AMARELO
2026-09-16T22:24:50.061Z,0.0967,0.0111,0.0071,0.0501,-0.9429,0.9717,0.0712,0.0098,0.0042,0.0389,0.3848,1.7874,0.0387,0.0004,0.0066,0.0123,0.9549,29.0596,VERMELHO
2026-09-16T22:24:51.061Z,0.0890,0.0121,0.0087,0.0421,0.9580,2.2301,0.0727,0.0076,0.0133,0.0407,4.7774,4.0152,0.0748,0.0066,0.0169,0.0172,4.7231,4.2479,VERMELHO
2026-09-16T22:24:52.041Z,0.0183,0.0007,0.0021,0.0030,3.6767,6.3442,0.0187,0.0021,0.0004,0.0021,-0.0823,1.0197,0.0201,0.0038,0.0004,0.0030,5.7248,0.6667,VERMELHO
2026-09-16T22:24:53.060Z,0.0000,0.0000,0.0000,0.0000,0.0000,0.0000,0.0110,0.0014,0.0005,0.0008,5.6435,0.5100,0.0127,0.0012,0.0014,0.0007,8.7208,1.2907,VERMELHO
2026-09-16T22:24:54.061Z,0.0192,0.0014,0.0022,0.0016,18.8806,2.0246,0.0221,0.0005,0.0005,0.0007,24.0671,1.5430,0.0260,0.0019,0.0019,0.0017,5.5350,1.3071,VERMELHO
2026-09-16T22:24:55.110Z,0.0048,0.0009,0.0012,0.0011,63.4535,2.0054,0.0089,0.0004,0.0003,0.0003,14.5081,1.2805,0.0181,0.0025,0.0014,0.0014,0.8949,0.7396,VERMELHO
2026-09-16T22:24:56.104Z,0.0000,0.0000,0.0000,0.0000,0.0000,0.0000,0.0039,0.0000,0.0000,0.0000,0.0000,0.0000,0.0175,0.0003,0.0016,0.0022,9.8487,8.7144,VERMELHO
2026-09-16T22:24:57.140Z,0.0083,0.0007,0.0007,0.0013,19.0274,1.9025,0.0059,0.0000,0.0000,0.0000,45.0204,0.6573,0.0160,0.0010,0.0002,0.0021,3.9392,1.0625,VERMELHO
2026-09-16T22:24:58.235Z,0.0053,0.0001,0.0000,0.0000,63.5475,0.8004,0.0106,0.0014,0.0002,0.0008,7.8425,0.7625,0.0138,0.0001,0.0002,0.0003,10.6040,4.5991,VERMELHO
2026-09-16T22:24:59.220Z,0.0062,0.0020,0.0003,0.0009,35.7658,0.6016,0.0082,0.0030,0.0003,0.0008,8.9323,0.3557,0.0126,0.0005,0.0006,0.0005,24.4417,1.3993,VERMELHO
2026-09-16T22:25:00.220Z,0.0000,0.0000,0.0000,0.0000,0.0000,0.0000,0.0116,0.0022,0.0006,0.0010,4.4936,0.6743,0.0160,0.0022,0.0014,0.0011,4.0453,0.8010,VERMELHO
2026-09-16T22:25:01.215Z,0.0000,0.0000,0.0000,0.0000,0.0000,0.0000,0.0039,0.0000,0.0000,0.0000,0.0000,0.0000,0.0126,0.0012,0.0014,0.0009,36.3382,1.5483,VERMELHO
2026-09-16T22:25:02.220Z,0.0048,0.0012,0.0015,0.0010,63.4535,1.6433,0.0087,0.0012,0.0013,0.0010,14.7757,1.4796,0.0153,0.0025,0.0008,0.0023,5.4368,0.7155,VERMELHO
2026-09-16T22:25:03.215Z,0.0048,0.0000,0.0000,0.0000,61.6819,0.0000,0.0057,0.0000,0.0000,0.0000,52.1607,0.0000,0.0130,0.0000,0.0002,0.0014,24.9260,0.0000,VERMELHO
2026-09-16T22:25:04.259Z,0.0000,0.0000,0.0000,0.0000,0.0000,0.0000,0.0039,0.0000,0.0000,0.0000,0.0000,0.0000,0.0141,0.0003,0.0002,0.0004,5.1111,1.3892,VERMELHO
2026-09-16T22:25:05.259Z,0.0000,0.0000,0.0000,0.0000,0.0000,0.0000,0.0077,0.0028,0.0021,0.0012,22.8288,0.9569,0.0129,0.0016,0.0008,0.0009,24.5416,0.6956,VERMELHO
2026-09-16T22:25:06.295Z,0.0072,0.0001,0.0003,0.0003,29.5618,2.3997,0.0097,0.0008,0.0002,0.0004,7.9276,0.4374,0.0127,0.0001,0.0000,0.0000,25.0490,0.4535,VERMELHO
2026-09-16T22:25:07.295Z,0.0057,0.0004,0.0003,0.0006,24.0779,2.4089,0.0084,0.0006,0.0010,0.0010,13.2104,2.3048,0.0153,0.0020,0.0008,0.0031,6.4718,1.4268,VERMELHO
2026-09-16T22:25:08.415Z,0.0063,0.0003,0.0003,0.0004,25.9078,2.1295,0.0061,0.0015,0.0004,0.0004,39.4675,0.4459,0.0117,0.0000,0.0000,0.0000,0.0000,0.0000,VERMELHO
2026-09-16T22:25:09.420Z,0.0028,0.0000,0.0000,0.0000,195.0050,0.0000,0.0056,0.0000,0.0000,0.0000,77.9027,0.0000,0.0142,0.0020,0.0016,0.0016,6.0768,1.3604,VERMELHO
2026-09-16T22:25:10.414Z,0.0083,0.0008,0.0010,0.0009,19.1363,2.0521,0.0122,0.0022,0.0009,0.0010,2.3056,0.6279,0.0133,0.0002,0.0004,0.0005,17.0914,3.2540,VERMELHO
2026-09-16T22:25:11.421Z,0.0000,0.0000,0.0000,0.0000,0.0000,0.0000,0.0041,0.0000,0.0000,0.0000,95.0101,0.0000,0.0143,0.0021,0.0018,0.0009,8.1445,1.0114,VERMELHO
2026-09-16T22:25:12.414Z,0.0056,0.0003,0.0002,0.0005,29.3907,2.8768,0.0080,0.0003,0.0006,0.0014,34.4972,5.6401,0.0117,0.0000,0.0000,0.0000,0.0000,0.0000,VERMELHO
2026-09-16T22:25:13.421Z,0.0112,0.0026,0.0019,0.0028,9.1088,1.4049,0.0091,0.0004,0.0005,0.0012,10.3436,4.2916,0.0170,0.0019,0.0015,0.0015,0.5329,1.1402,VERMELHO
2026-09-16T22:25:14.420Z,0.0018,0.0003,0.0001,0.0001,13.2400,0.5266,0.0109,0.0009,0.0004,0.0004,4.5848,0.5266,0.0127,0.0010,0.0002,0.0008,21.7056,0.6583,VERMELHO
2026-09-16T22:25:15.454Z,0.0070,0.0008,0.0007,0.0006,28.1754,1.2526,0.0092,0.0001,0.0000,0.0007,9.8032,2.6596,0.0145,0.0015,0.0011,0.0005,6.0380,0.8381,VERMELHO
2026-09-16T22:25:16.822Z,0.0073,0.0005,0.0003,0.0003,34.6428,0.8789,0.0086,0.0014,0.0009,0.0004,16.5330,0.7487,0.0151,0.0022,0.0009,0.0008,1.9527,0.5354,VERMELHO
2026-09-16T22:25:17.580Z,0.0061,0.0007,0.0001,0.0003,31.3629,0.2776,0.0131,0.0007,0.0007,0.0009,1.3479,1.4876,0.0147,0.0018,0.0008,0.0016,3.0458,0.8966,VERMELHO
2026-09-16T22:25:18.581Z,0.0083,0.0010,0.0003,0.0003,19.0274,0.4784,0.0171,0.0010,0.0021,0.0012,0.5915,2.1385,0.0147,0.0024,0.0011,0.0014,5.4903,1.0124,VERMELHO
2026-09-16T22:25:19.580Z,0.0052,0.0000,0.0000,0.0002,54.1041,5.2944,0.0181,0.0010,0.0023,0.0015,-0.7216,2.7684,0.0185,0.0010,0.0041,0.0025,0.8384,4.5203,VERMELHO
2026-09-16T22:25:20.594Z,0.0073,0.0004,0.0001,0.0002,24.6142,0.7612,0.0173,0.0031,0.0018,0.0020,-0.2180,0.8675,0.0180,0.0023,0.0010,0.0032,2.6052,1.4939,VERMELHO
2026-09-16T22:25:21.581Z,0.0128,0.0035,0.0005,0.0015,6.3016,0.3630,0.0157,0.0038,0.0019,0.0012,1.7828,0.5349,0.0145,0.0015,0.0011,0.0024,3.9339,1.7842,VERMELHO
2026-09-16T22:25:22.579Z,0.0000,0.0000,0.0000,0.0000,0.0000,0.0000,0.0089,0.0032,0.0013,0.0013,42.9319,0.4973,0.0111,0.0003,0.0008,0.0013,17.4326,4.6116,VERMELHO
2026-09-16T22:25:23.585Z,0.0048,0.0002,0.0001,0.0002,62.8032,1.6423,0.0073,0.0013,0.0006,0.0005,19.8822,0.5941,0.0119,0.0010,0.0010,0.0010,7.0779,1.4194,VERMELHO
2026-09-16T22:25:24.580Z,0.0078,0.0001,0.0002,0.0008,22.0000,6.7097,0.0162,0.0014,0.0007,0.0020,-0.2335,0.8373,0.0126,0.0014,0.0016,0.0008,54.5932,1.3284,VERMELHO
2026-09-16T22:25:25.624Z,0.0062,0.0021,0.0018,0.0013,37.0000,1.1823,0.0116,0.0020,0.0002,0.0009,3.8582,0.4969,0.0143,0.0007,0.0009,0.0009,9.7716,1.5961,VERMELHO
2026-09-16T22:25:26.625Z,0.0078,0.0012,0.0008,0.0011,19.9472,1.4837,0.0098,0.0005,0.0001,0.0005,6.8150,0.4287,0.0089,0.0011,0.0015,0.0012,18.3837,1.7207,VERMELHO
2026-09-16T22:25:27.701Z,0.0088,0.0011,0.0012,0.0012,12.7141,1.3153,0.0132,0.0017,0.0003,0.0008,1.1244,0.4898,0.0155,0.0032,0.0017,0.0016,5.9443,0.6439,VERMELHO
2026-09-16T22:25:28.719Z,0.0091,0.0016,0.0014,0.0011,24.1713,1.1456,0.0039,0.0000,0.0000,0.0000,0.0000,0.0000,0.0121,0.0004,0.0004,0.0003,19.3211,1.1464,VERMELHO
2026-09-16T22:25:29.704Z,0.0099,0.0005,0.0008,0.0013,10.2535,3.0392,0.0039,0.0000,0.0000,0.0000,0.0000,0.0000,0.0155,0.0019,0.0030,0.0021,4.4381,1.9539,VERMELHO
2026-09-16T22:25:30.714Z,0.0121,0.0023,0.0020,0.0018,8.3166,1.1182,0.0039,0.0000,0.0000,0.0000,0.0000,0.0000,0.0150,0.0013,0.0025,0.0021,10.5414,2.7369,VERMELHO
2026-09-16T22:25:31.740Z,0.0421,0.0018,0.0009,0.0015,4.3075,0.5837,0.0694,0.0007,0.0014,0.0015,3.9069,2.6392,0.0209,0.0017,0.0017,0.0017,4.2057,1.3042,VERMELHO
2026-09-16T22:25:32.700Z,0.0198,0.0017,0.0002,0.0016,1.6983,1.0624,0.0515,0.0004,0.0014,0.0031,0.5895,7.4546,0.0343,0.0045,0.0025,0.0041,-0.2233,0.8827,VERMELHO
2026-09-16T22:25:33.719Z,0.0052,0.0008,0.0005,0.0016,54.1041,2.5825,0.0084,0.0006,0.0004,0.0004,15.3609,1.0887,0.0110,0.0006,0.0011,0.0018,22.2551,4.3963,VERMELHO
2026-09-16T22:25:34.721Z,0.0000,0.0000,0.0000,0.0000,0.0000,0.0000,0.0066,0.0002,0.0005,0.0006,34.4678,4.6874,0.0116,0.0018,0.0003,0.0006,5.0709,0.4674,VERMELHO
2026-09-16T22:25:35.740Z,0.0041,0.0009,0.0007,0.0007,63.5570,1.2032,0.0067,0.0011,0.0004,0.0018,13.8114,1.4442,0.0166,0.0018,0.0004,0.0014,0.9189,0.5637,VERMELHO
2026-09-16T22:25:36.730Z,0.0037,0.0003,0.0000,0.0001,-0.1725,0.4263,0.0046,0.0003,0.0002,0.0002,20.6061,0.7546,0.0130,0.0019,0.0002,0.0011,8.3008,0.7110,VERMELHO
2026-09-16T22:25:37.830Z,0.0020,0.0000,0.0000,0.0000,395.0025,0.0000,0.0057,0.0013,0.0009,0.0005,21.7574,0.8355,0.0096,0.0001,0.0001,0.0001,15.6338,2.4237,VERMELHO
2026-09-16T22:25:38.830Z,0.0000,0.0000,0.0000,0.0000,0.0000,0.0000,0.0066,0.0015,0.0018,0.0009,41.8737,1.3660,0.0146,0.0022,0.0010,0.0018,6.2123,0.9792,VERMELHO
2026-09-16T22:25:39.855Z,0.0085,0.0013,0.0007,0.0008,17.6567,0.7469,0.0062,0.0012,0.0008,0.0004,15.8613,0.8400,0.0148,0.0009,0.0011,0.0013,3.8221,1.4105,VERMELHO
2026-09-16T22:25:40.861Z,0.0096,0.0002,0.0005,0.0008,12.8093,5.3957,0.0052,0.0009,0.0008,0.0007,24.8555,1.4552,0.0131,0.0016,0.0006,0.0006,13.2400,0.5303,VERMELHO
2026-09-16T22:25:41.895Z,0.0000,0.0000,0.0000,0.0000,0.0000,0.0000,0.0074,0.0010,0.0007,0.0013,13.5116,1.7806,0.0135,0.0021,0.0007,0.0020,7.2228,0.7279,VERMELHO
2026-09-16T22:25:42.900Z,0.0000,0.0000,0.0000,0.0000,0.0000,0.0000,0.0039,0.0000,0.0000,0.0000,0.0000,0.0000,0.0142,0.0012,0.0018,0.0039,5.7159,2.7151,VERMELHO
2026-09-16T22:25:43.899Z,0.0094,0.0009,0.0004,0.0014,13.8355,1.4587,0.0079,0.0002,0.0004,0.0006,10.4591,5.9843,0.0164,0.0010,0.0005,0.0006,4.8183,0.5943,VERMELHO
2026-09-16T22:25:44.934Z,0.0042,0.0007,0.0007,0.0009,56.7766,2.2528,0.0042,0.0000,0.0000,0.0001,36.5815,1.9722,0.0165,0.0006,0.0010,0.0007,5.4073,2.4778,VERMELHO
2026-09-16T22:25:45.937Z,0.0140,0.0018,0.0006,0.0029,5.5931,0.7900,0.0063,0.0011,0.0004,0.0003,35.0256,0.5212,0.0139,0.0005,0.0001,0.0015,13.9073,2.5625,VERMELHO
2026-09-16T22:25:46.949Z,0.0000,0.0000,0.0000,0.0000,0.0000,0.0000,0.0052,0.0002,0.0002,0.0002,39.0864,1.5345,0.0127,0.0005,0.0024,0.0020,9.8301,5.6637,VERMELHO
2026-09-16T22:25:47.976Z,0.0048,0.0001,0.0001,0.0001,63.4535,1.4582,0.0039,0.0000,0.0000,0.0000,0.0000,0.0000,0.0126,0.0012,0.0012,0.0013,12.8328,1.1771,VERMELHO
2026-09-16T22:25:48.982Z,0.0050,0.0004,0.0002,0.0002,62.7808,0.6831,0.0077,0.0004,0.0019,0.0012,12.0751,4.8778,0.0164,0.0007,0.0002,0.0006,4.6237,1.0060,VERMELHO
2026-09-16T22:25:49.982Z,0.0068,0.0017,0.0007,0.0008,29.4958,0.7146,0.0078,0.0005,0.0004,0.0003,22.6092,1.0279,0.0167,0.0010,0.0007,0.0004,8.7526,1.0010,VERMELHO
2026-09-16T22:25:50.971Z,0.0068,0.0016,0.0006,0.0005,30.2827,0.4850,0.0039,0.0000,0.0000,0.0000,2.9893,0.7142,0.0152,0.0005,0.0005,0.0005,15.2955,1.7435,VERMELHO
2026-09-16T22:25:52.023Z,0.0000,0.0000,0.0000,0.0000,0.0000,0.0000,0.0058,0.0009,0.0013,0.0009,26.4303,1.8800,0.0195,0.0013,0.0002,0.0011,3.6460,0.7462,VERMELHO
2026-09-16T22:25:53.016Z,0.0052,0.0010,0.0008,0.0017,54.1041,2.4077,0.0039,0.0000,0.0000,0.0000,0.0000,0.0000,0.0198,0.0008,0.0013,0.0011,8.9663,2.4711,VERMELHO
2026-09-16T22:25:54.062Z,0.0000,0.0000,0.0000,0.0000,0.0000,0.0000,0.0062,0.0016,0.0007,0.0008,21.3564,0.7104,0.0203,0.0018,0.0026,0.0027,2.5131,2.1036,VERMELHO
2026-09-16T22:25:55.031Z,0.0020,0.0000,0.0000,0.0000,395.0025,0.0000,0.0073,0.0016,0.0010,0.0009,18.0005,0.9014,0.0195,0.0009,0.0009,0.0016,4.4629,1.8828,VERMELHO
2026-09-16T22:25:56.067Z,0.0000,0.0000,0.0000,0.0000,0.0000,0.0000,0.0042,0.0002,0.0001,0.0001,5.2826,0.5142,0.0194,0.0022,0.0016,0.0022,6.4931,0.8693,VERMELHO
2026-09-16T22:25:57.056Z,0.0036,0.0001,0.0001,0.0001,40.3925,1.7329,0.0058,0.0011,0.0005,0.0004,25.6000,0.5901,0.0155,0.0038,0.0009,0.0016,5.6041,0.4994,VERMELHO
2026-09-16T22:25:58.181Z,0.0080,0.0007,0.0009,0.0007,17.8470,1.6641,0.0045,0.0006,0.0004,0.0004,9.6492,1.2825,0.0173,0.0026,0.0026,0.0017,7.8715,1.1938,VERMELHO
2026-09-16T22:25:59.182Z,0.0086,0.0007,0.0007,0.0006,10.4898,1.3635,0.0039,0.0000,0.0000,0.0000,0.0000,0.0000,0.0198,0.0015,0.0007,0.0017,4.2055,1.2763,VERMELHO
2026-09-16T22:26:00.192Z,0.0094,0.0015,0.0003,0.0017,14.0576,1.3718,0.0070,0.0007,0.0009,0.0008,16.2614,1.5526,0.0128,0.0004,0.0009,0.0010,18.2161,3.3951,VERMELHO
2026-09-16T22:26:01.187Z,0.0055,0.0012,0.0017,0.0013,46.8821,1.8202,0.0063,0.0016,0.0003,0.0005,35.0256,0.4204,0.0148,0.0032,0.0032,0.0018,5.7413,1.2289,VERMELHO
2026-09-16T22:26:02.457Z,0.0000,0.0000,0.0000,0.0000,0.0000,0.0000,0.0064,0.0010,0.0002,0.0012,20.8299,1.2810,0.0124,0.0006,0.0002,0.0002,35.0256,0.5189,VERMELHO
2026-09-16T22:26:03.192Z,0.0068,0.0015,0.0012,0.0008,28.9986,1.0715,0.0045,0.0000,0.0000,0.0000,215.9269,1.4537,0.0165,0.0019,0.0008,0.0016,3.3163,0.6315,VERMELHO
2026-09-16T22:26:04.221Z,0.0061,0.0010,0.0002,0.0012,29.1571,1.8456,0.0078,0.0002,0.0004,0.0004,12.7176,2.6340,0.0152,0.0010,0.0009,0.0023,5.1877,1.6137,VERMELHO
2026-09-16T22:26:05.227Z,0.0034,0.0000,0.0000,0.0000,84.0670,1.4466,0.0082,0.0007,0.0002,0.0005,13.7645,0.7335,0.0098,0.0002,0.0001,0.0001,23.4392,0.7483,VERMELHO
2026-09-16T22:26:06.267Z,0.0069,0.0004,0.0004,0.0002,27.4049,1.3425,0.0048,0.0002,0.0001,0.0001,19.6907,0.6702,0.0117,0.0000,0.0000,0.0000,0.0000,0.0000,VERMELHO
2026-09-16T22:26:07.347Z,0.0063,0.0000,0.0000,0.0000,31.8587,0.8812,0.0039,0.0000,0.0000,0.0000,0.0000,0.0000,0.0139,0.0007,0.0006,0.0019,4.4769,3.0127,VERMELHO
2026-09-16T22:26:08.336Z,0.0048,0.0012,0.0017,0.0013,63.6667,1.8250,0.0106,0.0016,0.0005,0.0018,7.9867,1.2073,0.0149,0.0035,0.0016,0.0032,5.4973,0.8253,VERMELHO
2026-09-16T22:26:09.351Z,0.0000,0.0000,0.0000,0.0000,0.0000,0.0000,0.0039,0.0003,0.0001,0.0001,-1.6187,0.5054,0.0148,0.0015,0.0007,0.0015,3.9229,0.8138,VERMELHO
2026-09-16T22:26:10.341Z,0.0114,0.0041,0.0014,0.0025,8.4165,0.6062,0.0068,0.0002,0.0001,0.0002,27.5747,0.8730,0.0160,0.0021,0.0010,0.0022,5.4916,1.0587,VERMELHO
2026-09-16T22:26:11.380Z,0.0068,0.0001,0.0001,0.0001,28.3643,0.8023,0.0058,0.0011,0.0008,0.0005,21.4534,0.7830,0.0172,0.0021,0.0015,0.0012,3.7700,0.9835,VERMELHO
2026-09-16T22:26:12.380Z,0.0090,0.0014,0.0011,0.0008,16.0438,1.0383,0.0088,0.0012,0.0001,0.0007,12.5544,0.6550,0.0123,0.0003,0.0007,0.0017,13.3583,5.2694,VERMELHO
2026-09-16T22:26:13.420Z,0.0052,0.0005,0.0011,0.0018,53.7919,4.7616,0.0065,0.0020,0.0004,0.0005,15.7948,0.4007,0.0134,0.0014,0.0010,0.0007,9.3610,0.8452,VERMELHO
2026-09-16T22:26:14.434Z,0.0020,0.0000,0.0000,0.0000,395.0025,0.0000,0.0042,0.0002,0.0001,0.0002,32.1582,1.6148,0.0168,0.0025,0.0015,0.0011,3.3064,0.7533,VERMELHO
2026-09-16T22:26:15.460Z,0.0032,0.0001,0.0001,0.0001,70.3431,1.2669,0.0049,0.0001,0.0001,0.0001,23.9789,1.9180,0.0149,0.0009,0.0017,0.0015,4.9549,2.2843,VERMELHO
2026-09-16T22:26:16.454Z,0.0000,0.0000,0.0000,0.0000,0.0000,0.0000,0.0048,0.0007,0.0006,0.0006,19.2909,1.5396,0.0118,0.0004,0.0003,0.0005,25.2060,1.8387,VERMELHO
2026-09-16T22:26:17.580Z,0.0000,0.0000,0.0000,0.0000,0.0000,0.0000,0.0046,0.0007,0.0007,0.0007,14.1407,1.6936,0.0165,0.0023,0.0010,0.0020,1.8615,1.0306,VERMELHO
2026-09-16T22:26:18.549Z,0.0059,0.0015,0.0009,0.0012,40.2758,1.2052,0.0051,0.0011,0.0008,0.0004,30.5766,0.8900,0.0143,0.0028,0.0026,0.0015,25.0269,1.2201,VERMELHO
2026-09-16T22:26:19.545Z,0.0101,0.0009,0.0011,0.0009,11.0243,1.5686,0.0056,0.0002,0.0001,0.0001,21.5468,0.5660,0.0174,0.0021,0.0045,0.0031,3.0321,2.4018,VERMELHO
2026-09-16T22:26:20.580Z,0.0129,0.0056,0.0020,0.0023,7.0051,0.5573,0.0071,0.0005,0.0004,0.0009,15.9290,2.3754,0.0139,0.0016,0.0020,0.0026,14.7488,1.7981,VERMELHO
2026-09-16T22:26:21.574Z,0.0000,0.0000,0.0000,0.0000,0.0000,0.0000,0.0045,0.0000,0.0000,0.0000,244.9537,0.0000,0.0133,0.0005,0.0003,0.0005,50.0476,0.6983,VERMELHO
2026-09-16T22:26:22.614Z,0.0073,0.0005,0.0009,0.0014,25.4242,4.1326,0.0048,0.0004,0.0004,0.0004,24.7087,1.5315,0.0133,0.0023,0.0013,0.0007,8.4067,0.6331,VERMELHO
2026-09-16T22:26:23.620Z,0.0000,0.0000,0.0000,0.0000,0.0000,0.0000,0.0071,0.0010,0.0010,0.0016,18.7258,1.7874,0.0156,0.0009,0.0004,0.0017,3.0018,2.9019,VERMELHO
2026-09-16T22:26:24.640Z,0.0000,0.0000,0.0000,0.0000,0.0000,0.0000,0.0049,0.0002,0.0002,0.0002,34.0919,1.3622,0.0144,0.0003,0.0001,0.0010,7.7226,3.6312,VERMELHO
2026-09-16T22:26:25.660Z,0.0000,0.0000,0.0000,0.0000,0.0000,0.0000,0.0060,0.0006,0.0007,0.0005,19.1028,1.4507,0.0134,0.0028,0.0003,0.0008,15.9954,0.3598,VERMELHO
2026-09-16T22:26:26.780Z,0.0048,0.0001,0.0001,0.0001,63.6667,1.7553,0.0066,0.0002,0.0000,0.0001,30.2632,0.6702,0.0153,0.0019,0.0004,0.0008,3.2968,0.4191,VERMELHO
2026-09-16T22:26:27.780Z,0.0048,0.0000,0.0001,0.0002,63.6667,4.5452,0.0057,0.0001,0.0002,0.0001,14.0071,2.5067,0.0130,0.0013,0.0011,0.0013,14.2642,1.4142,VERMELHO
2026-09-16T22:26:28.750Z,0.0096,0.0010,0.0010,0.0010,13.2395,1.6508,0.0059,0.0013,0.0009,0.0007,23.8881,0.9641,0.0147,0.0019,0.0013,0.0010,4.1412,0.9127,VERMELHO
2026-09-16T22:26:29.749Z,0.0055,0.0000,0.0000,0.0000,46.8821,1.9569,0.0057,0.0001,0.0002,0.0003,34.6686,2.9483,0.0101,0.0002,0.0001,0.0001,38.1634,0.6882,VERMELHO
2026-09-16T22:26:30.785Z,0.0000,0.0000,0.0000,0.0000,0.0000,0.0000,0.0050,0.0002,0.0002,0.0003,34.2342,2.8706,0.0091,0.0010,0.0020,0.0016,20.6012,2.2322,VERMELHO
2026-09-16T22:26:31.814Z,0.0000,0.0000,0.0000,0.0000,0.0000,0.0000,0.0051,0.0004,0.0006,0.0005,20.8134,2.0393,0.0135,0.0011,0.0012,0.0007,12.8809,1.3216,VERMELHO
2026-09-16T22:26:32.814Z,0.0052,0.0005,0.0008,0.0011,26.4750,2.7321,0.0051,0.0009,0.0007,0.0008,22.7213,1.2812,0.0165,0.0036,0.0017,0.0022,1.1608,0.6672,VERMELHO
2026-09-16T22:26:33.844Z,0.0000,0.0000,0.0000,0.0000,0.0000,0.0000,0.0042,0.0001,0.0002,0.0003,5.1693,2.1562,0.0126,0.0010,0.0014,0.0011,54.5932,1.8366,VERMELHO
2026-09-16T22:26:34.904Z,0.0073,0.0020,0.0012,0.0010,25.5348,0.8135,0.0072,0.0013,0.0000,0.0004,21.7056,0.4121,0.0133,0.0018,0.0014,0.0020,19.9607,1.2910,VERMELHO
2026-09-16T22:26:35.869Z,0.0101,0.0008,0.0007,0.0028,24.1360,3.8186,0.0097,0.0007,0.0007,0.0006,7.2111,1.5736,0.0133,0.0006,0.0003,0.0029,5.8774,2.6061,VERMELHO
2026-09-16T22:26:36.945Z,0.0133,0.0007,0.0012,0.0011,10.9203,2.3341,0.0039,0.0001,0.0001,0.0001,-1.5594,1.1095,0.0111,0.0022,0.0003,0.0009,16.3238,0.5420,VERMELHO
2026-09-16T22:26:37.944Z,0.0066,0.0020,0.0002,0.0010,24.9006,0.4511,0.0120,0.0008,0.0005,0.0004,3.3506,0.6751,0.0142,0.0010,0.0001,0.0004,6.8053,0.4763,VERMELHO
2026-09-16T22:26:38.984Z,0.0095,0.0030,0.0001,0.0014,13.9674,0.5275,0.0103,0.0014,0.0010,0.0009,6.8761,1.1286,0.0192,0.0027,0.0021,0.0033,2.4386,1.3921,VERMELHO
2026-09-16T22:26:39.960Z,0.0100,0.0046,0.0011,0.0017,11.5242,0.3911,0.0197,0.0022,0.0017,0.0019,0.3322,1.1383,0.0135,0.0011,0.0002,0.0018,5.3924,1.8294,VERMELHO
2026-09-16T22:26:40.964Z,0.0078,0.0024,0.0007,0.0007,21.8893,0.3167,0.0145,0.0021,0.0004,0.0007,0.1922,0.3350,0.0155,0.0015,0.0009,0.0011,3.2588,0.6823,VERMELHO
2026-09-16T22:26:41.990Z,0.0000,0.0000,0.0000,0.0000,0.0000,0.0000,0.0161,0.0015,0.0012,0.0006,0.0575,0.8447,0.0146,0.0027,0.0026,0.0028,7.0495,1.1989,VERMELHO
2026-09-16T22:26:42.990Z,0.0235,0.0020,0.0027,0.0017,4.3339,1.6358,0.0336,0.0040,0.0028,0.0027,-0.7421,0.7831,0.0219,0.0038,0.0026,0.0017,0.6866,0.8415,VERMELHO
2026-09-16T22:26:44.004Z,0.0124,0.0045,0.0017,0.0013,30.6160,0.5593,0.0161,0.0005,0.0016,0.0010,2.2366,3.9771,0.0164,0.0032,0.0014,0.0028,2.2241,0.8957,VERMELHO
2026-09-16T22:26:45.019Z,0.0234,0.0023,0.0052,0.0043,4.8817,2.7437,0.0228,0.0039,0.0006,0.0027,1.6724,0.4215,0.0205,0.0026,0.0031,0.0026,1.0195,1.6117,VERMELHO
2026-09-16T22:26:46.015Z,0.0167,0.0030,0.0014,0.0021,2.4797,0.8425,0.0179,0.0028,0.0002,0.0023,6.2526,0.8260,0.0295,0.0004,0.0031,0.0044,5.4135,11.9741,VERMELHO
2026-09-16T22:26:47.140Z,0.0112,0.0024,0.0004,0.0012,8.5819,0.3990,0.0168,0.0021,0.0004,0.0016,-0.8193,0.6758,0.0184,0.0011,0.0009,0.0020,1.1389,2.0547,VERMELHO
2026-09-16T22:26:48.145Z,0.0089,0.0021,0.0006,0.0008,14.1046,0.4079,0.0098,0.0004,0.0001,0.0001,6.8576,0.5382,0.0126,0.0013,0.0003,0.0007,7.6557,0.5282,VERMELHO
2026-09-16T22:26:49.140Z,0.0067,0.0010,0.0007,0.0009,30.0913,1.1034,0.0122,0.0027,0.0012,0.0009,2.6920,0.5012,0.0207,0.0061,0.0003,0.0023,0.1007,0.2489,VERMELHO
2026-09-16T22:26:50.154Z,0.0101,0.0016,0.0023,0.0023,79.8422,2.4282,0.0118,0.0013,0.0005,0.0008,2.8846,0.8479,0.0109,0.0026,0.0004,0.0013,9.3315,0.5677,VERMELHO
2026-09-16T22:26:51.139Z,0.0670,0.0152,0.0066,0.0264,0.6948,0.5698,0.0479,0.0044,0.0026,0.0185,3.1102,3.2242,0.0581,0.0065,0.0098,0.0090,10.3956,1.7960,VERMELHO
2026-09-16T22:26:52.139Z,0.0791,0.0108,0.0033,0.0243,-0.5936,1.2356,0.0463,0.0050,0.0015,0.0131,0.7944,1.8307,0.0342,0.0051,0.0036,0.0114,1.1919,1.0868,VERMELHO
2026-09-16T22:26:53.139Z,0.0739,0.0183,0.0050,0.0285,-0.9431,0.7069,0.0535,0.0043,0.0011,0.0199,-0.6287,1.5547,0.0421,0.0021,0.0032,0.0160,-0.1859,3.1924,VERDE
2026-09-16T22:26:54.134Z,0.0802,0.0046,0.0095,0.0373,-0.7325,3.7195,0.0579,0.0122,0.0066,0.0199,-0.2887,0.7051,0.0414,0.0085,0.0019,0.0132,-0.1735,0.7177,AMARELO
2026-09-16T22:26:55.380Z,0.0788,0.0019,0.0039,0.0426,-0.7791,4.3823,0.0611,0.0070,0.0047,0.0324,-0.0684,1.4512,0.0585,0.0049,0.0063,0.0149,-0.1612,1.8351,AMARELO
2026-09-16T22:26:56.139Z,0.0883,0.0094,0.0053,0.0475,-0.6191,0.9849,0.0673,0.0030,0.0005,0.0337,-0.3664,2.4863,0.0612,0.0034,0.0032,0.0153,-0.3623,1.4978,AMARELO
2026-09-16T22:26:57.149Z,0.0838,0.0041,0.0077,0.0513,-1.2778,2.9397,0.0564,0.0057,0.0039,0.0265,-0.7695,1.4435,0.0416,0.0021,0.0042,0.0085,0.0459,2.9439,VERDE
2026-09-16T22:26:59.539Z,0.0860,0.0089,0.0072,0.0409,-1.1260,2.2495,0.0690,0.0027,0.0039,0.0191,-0.4590,5.6386,0.0569,0.0013,0.0085,0.0225,-0.1129,7.2629,VERDE
2026-09-16T22:26:59.539Z,0.0854,0.0056,0.0062,0.0422,-0.8432,2.3473,0.0776,0.0060,0.0032,0.0435,0.0416,1.2674,0.0505,0.0017,0.0049,0.0234,-0.0113,3.3364,VERMELHO
2026-09-16T22:27:00.939Z,0.0897,0.0174,0.0048,0.0434,-0.5202,0.6627,0.0736,0.0049,0.0048,0.0338,-0.3861,1.4157,0.0439,0.0040,0.0065,0.0169,-0.2214,2.9499,VERDE
2026-09-16T22:27:01.379Z,0.0918,0.0099,0.0071,0.0451,-0.5749,0.8954,0.0668,0.0031,0.0023,0.0393,-0.6032,2.7806,0.0424,0.0034,0.0061,0.0102,0.6923,2.9631,VERDE
2026-09-16T22:27:02.180Z,0.0836,0.0050,0.0028,0.0326,-1.0659,2.7483,0.0585,0.0067,0.0114,0.0266,0.3534,1.9440,0.0361,0.0030,0.0029,0.0062,0.7568,2.2460,VERMELHO
2026-09-16T22:27:03.180Z,0.0800,0.0089,0.0035,0.0361,-0.8986,1.2898,0.0651,0.0039,0.0027,0.0377,-0.7841,1.6134,0.0360,0.0032,0.0022,0.0162,0.1993,2.5633,VERDE
2026-09-16T22:27:04.180Z,0.0862,0.0096,0.0033,0.0440,-1.1083,1.6986,0.0782,0.0082,0.0016,0.0481,-0.2003,0.7043,0.0497,0.0025,0.0027,0.0269,0.1953,4.1764,AMARELO
2026-09-16T22:27:05.175Z,0.0873,0.0090,0.0072,0.0425,-0.7890,1.2679,0.0768,0.0020,0.0063,0.0433,-0.3049,4.8055,0.0495,0.0048,0.0032,0.0225,-0.3477,1.2018,AMARELO
2026-09-16T22:27:06.215Z,0.0908,0.0091,0.0107,0.0445,-0.9883,1.9328,0.0621,0.0055,0.0072,0.0300,0.0503,1.7137,0.0340,0.0022,0.0041,0.0065,0.0491,2.7701,VERMELHO
2026-09-16T22:27:07.294Z,0.0829,0.0100,0.0047,0.0307,-1.3237,0.8596,0.0573,0.0042,0.0038,0.0112,0.1104,1.7230,0.0361,0.0030,0.0012,0.0056,-0.0076,2.6082,VERMELHO
2026-09-16T22:27:08.295Z,0.0842,0.0101,0.0067,0.0321,-1.2814,2.6111,0.0699,0.0058,0.0024,0.0307,-0.2298,1.6642,0.0516,0.0047,0.0064,0.0178,-0.0967,2.2044,AMARELO
2026-09-16T22:27:09.448Z,0.0909,0.0135,0.0044,0.0356,-1.0329,1.5000,0.0716,0.0081,0.0049,0.0368,0.0214,1.1701,0.0532,0.0036,0.0096,0.0222,-0.0324,3.6270,VERMELHO
2026-09-16T22:27:10.334Z,0.0914,0.0102,0.0062,0.0565,-0.5636,1.2469,0.0729,0.0054,0.0024,0.0372,-0.7196,1.2086,0.0478,0.0046,0.0071,0.0179,-0.2409,2.9190,VERDE
2026-09-16T22:27:11.909Z,0.0846,0.0018,0.0033,0.0378,-1.0492,5.5282,0.0644,0.0047,0.0045,0.0340,0.0689,1.3463,0.0390,0.0016,0.0037,0.0095,0.9744,3.7926,VERMELHO
2026-09-16T22:27:12.550Z,0.0797,0.0082,0.0036,0.0317,-1.1414,2.2790,0.0578,0.0057,0.0026,0.0230,-0.2451,1.8353,0.0413,0.0020,0.0011,0.0069,0.9692,3.7197,AMARELO
2026-09-16T22:27:13.480Z,0.0850,0.0129,0.0080,0.0354,-1.3075,1.5734,0.0649,0.0064,0.0030,0.0323,-0.3031,1.2448,0.0450,0.0014,0.0045,0.0199,-0.3447,4.1247,AMARELO
2026-09-16T22:27:14.595Z,0.0879,0.0199,0.0046,0.0470,-0.6612,0.6937,0.0709,0.0119,0.0041,0.0345,-0.1174,0.8454,0.0487,0.0085,0.0040,0.0192,-0.0781,1.0970,AMARELO
2026-09-16T22:27:15.489Z,0.0886,0.0063,0.0008,0.0613,-0.6970,1.1543,0.0681,0.0055,0.0036,0.0366,-0.2570,2.2134,0.0395,0.0018,0.0036,0.0089,0.6289,4.7598,AMARELO
2026-09-16T22:27:16.429Z,0.0852,0.0050,0.0047,0.0425,-1.0553,2.3499,0.0675,0.0022,0.0051,0.0249,-0.2626,4.3055,0.0411,0.0008,0.0027,0.0069,0.2912,10.7297,AMARELO
2026-09-16T22:27:17.495Z,0.0862,0.0031,0.0041,0.0239,-1.3375,6.0001,0.0667,0.0040,0.0040,0.0235,-0.8314,2.2055,0.0411,0.0036,0.0057,0.0087,0.3980,2.9413,AMARELO
2026-09-16T22:27:18.375Z,0.0897,0.0151,0.0089,0.0476,-0.9333,1.5575,0.0767,0.0031,0.0045,0.0394,-0.3755,2.5408,0.0437,0.0025,0.0033,0.0163,-0.3767,2.3038,AMARELO
2026-09-16T22:27:19.554Z,0.0987,0.0089,0.0058,0.0609,-0.7441,1.6591,0.0789,0.0017,0.0047,0.0402,-0.3777,5.4701,0.0517,0.0059,0.0027,0.0158,-0.0390,1.7315,AMARELO
2026-09-16T22:27:20.434Z,0.0838,0.0135,0.0035,0.0424,-1.1214,1.6202,0.0699,0.0032,0.0022,0.0372,-0.2783,1.6975,0.0366,0.0024,0.0036,0.0080,0.4169,3.0921,AMARELO
2026-09-16T22:27:21.474Z,0.0880,0.0110,0.0022,0.0486,-1.0434,1.0535,0.0671,0.0029,0.0074,0.0321,-0.4790,5.8816,0.0397,0.0031,0.0009,0.0151,0.3668,1.8545,VERDE
2026-09-16T22:27:22.370Z,0.0903,0.0030,0.0034,0.0428,-1.2251,4.0937,0.0708,0.0055,0.0044,0.0419,-0.4107,1.7507,0.0403,0.0034,0.0031,0.0174,-0.1177,1.5795,VERDE
2026-09-16T22:27:23.610Z,0.0954,0.0048,0.0051,0.0452,-0.8500,3.0900,0.0721,0.0029,0.0025,0.0284,-0.7565,6.5661,0.0334,0.0012,0.0043,0.0126,0.0713,6.7873,VERDE
2026-09-16T22:27:24.822Z,0.0864,0.0115,0.0028,0.0467,-1.1158,0.4599,0.0683,0.0101,0.0031,0.0284,0.0640,0.8347,0.0343,0.0016,0.0028,0.0062,1.6557,3.0243,VERMELHO
2026-09-16T22:27:25.520Z,0.0911,0.0062,0.0034,0.0525,-1.1469,1.0814,0.0846,0.0028,0.0062,0.0359,-0.2469,3.5201,0.0353,0.0079,0.0018,0.0093,0.8015,0.5754,AMARELO
2026-09-16T22:27:26.620Z,0.0894,0.0058,0.0097,0.0364,-1.1972,3.8631,0.0690,0.0066,0.0052,0.0235,-0.5111,2.8805,0.0333,0.0020,0.0016,0.0097,1.2946,3.4917,AMARELO
2026-09-16T22:27:27.440Z,0.0988,0.0115,0.0044,0.0212,-1.0433,1.8110,0.0736,0.0112,0.0023,0.0293,-0.5614,0.7108,0.0405,0.0042,0.0055,0.0106,-0.2054,1.7458,VERDE
2026-09-16T22:27:28.579Z,0.0961,0.0128,0.0066,0.0532,-0.7449,0.8129,0.0750,0.0067,0.0070,0.0401,-0.5973,1.8289,0.0326,0.0029,0.0031,0.0057,0.0914,1.7606,VERDE
2026-09-16T22:27:29.674Z,0.0919,0.0056,0.0034,0.0432,-1.1804,2.3828,0.0727,0.0082,0.0051,0.0343,0.2484,1.1167,0.0446,0.0021,0.0018,0.0112,0.9322,2.1960,VERMELHO
2026-09-16T22:27:30.604Z,0.0941,0.0145,0.0060,0.0655,-0.8542,1.4016,0.0710,0.0055,0.0039,0.0395,-0.7986,1.9969,0.0452,0.0026,0.0036,0.0148,0.1515,4.2374,VERDE
2026-09-16T22:27:31.420Z,0.1000,0.0047,0.0047,0.0501,-1.1178,5.0528,0.0668,0.0031,0.0057,0.0362,-0.4997,3.6809,0.0362,0.0058,0.0033,0.0158,1.2837,1.6277,AMARELO
2026-09-16T22:27:32.679Z,0.1011,0.0050,0.0065,0.0542,-0.5459,4.4805,0.0724,0.0046,0.0005,0.0429,0.1668,1.4969,0.0460,0.0025,0.0076,0.0122,0.4118,3.3373,VERMELHO
2026-09-16T22:27:33.434Z,0.0986,0.0093,0.0027,0.0483,-1.0169,1.1327,0.0789,0.0053,0.0044,0.0493,-0.7082,2.0868,0.0392,0.0061,0.0037,0.0114,0.8399,1.6794,AMARELO
2026-09-16T22:27:34.440Z,0.0995,0.0185,0.0113,0.0501,-1.0343,0.8717,0.0794,0.0073,0.0042,0.0429,-0.8283,0.7938,0.0395,0.0064,0.0003,0.0090,0.1337,0.6094,VERDE
2026-09-16T22:27:35.460Z,0.0875,0.0053,0.0044,0.0413,-1.2342,1.3801,0.0726,0.0061,0.0019,0.0377,0.2080,1.2942,0.0442,0.0043,0.0034,0.0170,0.3835,1.5032,VERMELHO
2026-09-16T22:27:36.489Z,0.0916,0.0058,0.0069,0.0342,-1.0630,3.6434,0.0725,0.0010,0.0048,0.0227,-0.4182,11.4838,0.0368,0.0069,0.0006,0.0071,0.2710,0.9991,VERDE
2026-09-16T22:27:37.470Z,0.0884,0.0164,0.0030,0.0474,-0.7939,0.7228,0.0723,0.0110,0.0022,0.0396,-0.8545,0.7463,0.0374,0.0078,0.0083,0.0086,0.3070,1.2027,VERDE
2026-09-16T22:27:38.470Z,0.1002,0.0090,0.0059,0.0431,-1.0614,1.3256,0.0760,0.0127,0.0046,0.0326,-0.6491,0.9320,0.0408,0.0027,0.0059,0.0091,-0.4203,3.3194,VERDE
2026-09-16T22:27:39.475Z,0.1000,0.0135,0.0107,0.0516,-1.0168,1.2794,0.0736,0.0039,0.0035,0.0460,-0.6299,3.0134,0.0499,0.0029,0.0090,0.0131,-0.2160,3.1444,VERDE
2026-09-16T22:27:40.469Z,0.0982,0.0101,0.0090,0.0593,-0.9374,1.6852,0.0759,0.0029,0.0085,0.0447,-0.7399,4.0155,0.0491,0.0036,0.0012,0.0167,-0.4666,2.1864,VERDE
2026-09-16T22:27:41.931Z,0.0908,0.0090,0.0043,0.0513,-1.0316,1.5575,0.0740,0.0119,0.0050,0.0250,-0.2278,1.4150,0.0448,0.0011,0.0054,0.0130,0.3152,8.2833,AMARELO
2026-09-16T22:27:42.489Z,0.0914,0.0062,0.0031,0.0556,-1.0531,1.9353,0.0713,0.0049,0.0025,0.0359,-0.1873,3.0431,0.0339,0.0025,0.0018,0.0072,2.6233,3.4120,VERMELHO
2026-09-16T22:27:43.470Z,0.0981,0.0127,0.0043,0.0621,-0.9283,1.2505,0.0747,0.0017,0.0070,0.0394,-0.9273,9.2254,0.0426,0.0032,0.0047,0.0109,0.6195,2.4000,VERDE
2026-09-16T22:27:44.540Z,0.0982,0.0024,0.0039,0.0549,-1.0614,5.0847,0.0751,0.0061,0.0028,0.0370,-0.3558,1.5671,0.0404,0.0023,0.0041,0.0130,0.5618,3.4561,AMARELO
2026-09-16T22:27:45.469Z,0.0978,0.0040,0.0084,0.0292,-0.9847,2.6840,0.0776,0.0014,0.0032,0.0436,-0.6660,5.6744,0.0376,0.0047,0.0009,0.0150,0.9961,1.3988,AMARELO
2026-09-16T22:27:46.585Z,0.0984,0.0062,0.0030,0.0606,-0.8775,5.1466,0.0773,0.0043,0.0034,0.0310,-0.6226,4.2107,0.0342,0.0033,0.0075,0.0082,1.1372,3.6459,AMARELO
2026-09-16T22:27:47.574Z,0.0953,0.0085,0.0097,0.0551,-1.1363,1.5565,0.0817,0.0001,0.0063,0.0369,-0.1862,135.3661,0.0397,0.0043,0.0009,0.0107,0.3638,1.5182,VERMELHO
2026-09-16T22:27:48.592Z,0.0917,0.0062,0.0129,0.0485,-1.0339,2.4158,0.0780,0.0016,0.0008,0.0324,-0.1139,5.6845,0.0425,0.0040,0.0030,0.0086,0.5856,1.4959,AMARELO
2026-09-16T22:27:49.589Z,0.1006,0.0076,0.0079,0.0664,-0.7206,2.6875,0.0813,0.0105,0.0051,0.0371,-0.8168,1.4062,0.0518,0.0054,0.0048,0.0133,-0.2307,1.4830,VERDE
2026-09-16T22:27:50.554Z,0.0957,0.0118,0.0032,0.0544,-0.7088,1.2198,0.0741,0.0042,0.0011,0.0381,-0.7370,1.7065,0.0516,0.0048,0.0085,0.0121,-0.0241,1.9129,VERDE
2026-09-16T22:27:51.590Z,0.0999,0.0035,0.0038,0.0593,-0.5109,5.0949,0.0788,0.0039,0.0049,0.0387,-0.7096,3.4730,0.0402,0.0035,0.0038,0.0064,1.2019,2.2053,AMARELO
2026-09-16T22:27:52.590Z,0.1105,0.0137,0.0038,0.0583,-0.4003,1.2228,0.0773,0.0090,0.0065,0.0280,0.4695,1.3831,0.0405,0.0069,0.0076,0.0076,0.8577,1.4209,VERMELHO
2026-09-16T22:27:53.580Z,0.1032,0.0224,0.0057,0.0534,-1.0408,0.8448,0.0741,0.0053,0.0033,0.0403,-0.1510,2.4605,0.0473,0.0038,0.0037,0.0082,-0.4482,1.5565,AMARELO
2026-09-16T22:27:54.584Z,0.1022,0.0047,0.0069,0.0546,-1.0153,3.0058,0.0766,0.0084,0.0083,0.0337,0.2391,2.2011,0.0337,0.0016,0.0013,0.0047,1.9928,2.7661,VERMELHO
2026-09-16T22:27:55.574Z,0.1140,0.0015,0.0015,0.0481,0.4230,9.0042,0.0886,0.0046,0.0098,0.0423,2.8231,2.8199,0.0591,0.0011,0.0061,0.0104,4.0808,9.7804,VERMELHO
2026-09-16T22:27:56.594Z,0.0191,0.0039,0.0039,0.0028,1.1995,1.1136,0.0177,0.0032,0.0030,0.0028,3.9161,1.3000,0.0287,0.0045,0.0040,0.0044,0.5153,1.2729,VERMELHO
2026-09-16T22:27:57.660Z,0.0063,0.0001,0.0001,0.0000,25.0930,0.7153,0.0059,0.0007,0.0008,0.0007,21.2919,1.9181,0.0085,0.0006,0.0009,0.0013,18.4001,2.1900,VERMELHO
2026-09-16T22:27:58.674Z,0.0075,0.0012,0.0006,0.0010,19.0064,0.7612,0.0039,0.0000,0.0000,0.0000,0.0000,0.0000,0.0052,0.0004,0.0004,0.0003,18.8238,1.2542,VERMELHO
2026-09-16T22:27:59.659Z,0.0064,0.0002,0.0001,0.0001,16.8868,0.7163,0.0039,0.0000,0.0000,0.0000,0.0000,0.0000,0.0090,0.0019,0.0020,0.0016,17.9691,1.3780,VERMELHO
2026-09-16T22:28:00.649Z,0.0089,0.0003,0.0006,0.0013,15.5508,6.3510,0.0039,0.0000,0.0000,0.0000,0.0000,0.0000,0.0114,0.0023,0.0040,0.0032,7.6638,1.8279,VERMELHO
2026-09-16T22:28:01.660Z,0.0064,0.0004,0.0004,0.0004,27.7056,1.6727,0.0075,0.0011,0.0006,0.0004,31.3919,0.6761,0.0131,0.0011,0.0007,0.0016,5.3815,0.9490,VERMELHO
2026-09-16T22:28:02.669Z,0.0000,0.0000,0.0000,0.0000,0.0000,0.0000,0.0039,0.0000,0.0000,0.0000,0.0000,0.0000,0.0124,0.0000,0.0001,0.0006,8.4144,5.6438,VERMELHO
2026-09-16T22:28:03.678Z,0.0055,0.0016,0.0011,0.0009,46.5239,1.0222,0.0068,0.0004,0.0002,0.0002,41.9580,0.8981,0.0081,0.0016,0.0001,0.0006,20.6202,0.4117,VERMELHO
2026-09-16T22:28:04.669Z,0.0055,0.0005,0.0008,0.0021,46.8821,5.9567,0.0039,0.0000,0.0000,0.0000,0.0000,0.0000,0.0086,0.0010,0.0009,0.0017,15.6619,1.6982,VERMELHO
2026-09-16T22:28:05.774Z,0.0000,0.0000,0.0000,0.0000,0.0000,0.0000,0.0039,0.0000,0.0000,0.0000,0.0000,0.0000,0.0103,0.0009,0.0010,0.0015,11.5760,2.1204,VERMELHO
2026-09-16T22:28:06.774Z,0.0088,0.0012,0.0013,0.0009,13.8216,1.5405,0.0039,0.0000,0.0000,0.0000,0.0000,0.0000,0.0098,0.0004,0.0008,0.0016,20.3802,6.0787,VERMELHO
2026-09-16T22:28:07.775Z,0.0070,0.0011,0.0007,0.0010,27.4988,1.2465,0.0085,0.0004,0.0003,0.0005,21.7056,1.9382,0.0109,0.0002,0.0002,0.0003,7.9296,1.8122,VERMELHO
2026-09-16T22:28:08.774Z,0.0000,0.0000,0.0000,0.0000,0.0000,0.0000,0.0039,0.0000,0.0000,0.0000,0.0000,0.0000,0.0091,0.0006,0.0018,0.0018,12.4033,4.7359,VERMELHO
2026-09-16T22:28:09.789Z,0.0000,0.0000,0.0000,0.0000,0.0000,0.0000,0.0058,0.0000,0.0000,0.0000,61.6819,0.5714,0.0054,0.0005,0.0002,0.0001,61.6819,0.5243,VERMELHO
2026-09-16T22:28:10.819Z,0.0052,0.0007,0.0009,0.0005,54.1041,1.4070,0.0039,0.0000,0.0000,0.0000,0.0000,0.0000,0.0105,0.0006,0.0010,0.0022,11.4521,3.9955,VERMELHO
2026-09-16T22:28:11.864Z,0.0037,0.0003,0.0001,0.0001,-0.2652,0.5574,0.0048,0.0004,0.0004,0.0003,153.3573,1.8346,0.0101,0.0019,0.0013,0.0017,16.7932,1.3889,VERMELHO
2026-09-16T22:28:12.820Z,0.0048,0.0004,0.0005,0.0005,63.4535,2.0071,0.0039,0.0000,0.0000,0.0000,0.0000,0.0000,0.0116,0.0007,0.0008,0.0014,10.0734,2.6565,VERMELHO
2026-09-16T22:28:13.813Z,0.0000,0.0000,0.0000,0.0000,0.0000,0.0000,0.0039,0.0000,0.0000,0.0000,0.0000,0.0000,0.0060,0.0000,0.0000,0.0000,64.3740,0.0000,VERMELHO
