timestamp,rms_x,h1x_x,h2x_x,b3x5_x,kurt_x,thd_x,rms_y,h1x_y,h2x_y,b3x5_y,kurt_y,thd_y,rms_z,h1x_z,h2x_z,b3x5_z,kurt_z,thd_z
2026-09-16T19:52:31.185Z,0.2757,0.0244,0.0231,0.1519,-0.1060,1.2531,0.4024,0.0123,0.0190,0.3091,-0.5780,4.5263,0.2637,0.0271,0.0198,0.1623,-0.7096,1.2734
2026-09-16T19:52:32.186Z,0.2719,0.0119,0.0300,0.1673,0.0293,3.7662,0.3924,0.0250,0.0042,0.2666,-0.0345,1.2254,0.2657,0.0156,0.0158,0.1415,-0.5043,2.2363
2026-09-16T19:52:33.186Z,0.2453,0.0051,0.0332,0.1508,0.2362,7.8510,0.3871,0.0119,0.0309,0.2425,-0.4321,5.0812,0.2509,0.0217,0.0108,0.1819,-0.4783,1.0162
2026-09-16T19:52:34.187Z,0.2601,0.0150,0.0174,0.1448,0.2066,2.1675,0.3858,0.0318,0.0286,0.2825,-0.5063,2.0086,0.2633,0.0132,0.0085,0.1513,-0.7470,3.5540
2026-09-16T19:52:35.185Z,0.2566,0.0104,0.0071,0.1578,-0.1748,2.0732,0.3858,0.0291,0.0322,0.2951,-0.3159,2.4479,0.2666,0.0181,0.0095,0.1744,-0.6082,1.5702
2026-09-16T19:52:36.186Z,0.2578,0.0130,0.0181,0.1350,-0.0524,2.0447,0.3655,0.0208,0.0133,0.2301,-0.5083,3.2708,0.2473,0.0134,0.0103,0.1688,-0.6596,2.6574
2026-09-16T19:52:37.185Z,0.2600,0.0171,0.0182,0.1456,0.3257,1.9045,0.4025,0.0352,0.0272,0.2748,-0.4294,1.7451,0.2528,0.0197,0.0127,0.1796,-0.3303,1.7194
2026-09-16T19:52:38.207Z,0.2436,0.0154,0.0283,0.1105,-0.0896,2.7339,0.3459,0.0155,0.0136,0.2145,-0.5037,6.5173,0.2511,0.0199,0.0182,0.1616,-0.6659,1.2117
2026-09-16T19:52:39.246Z,0.2548,0.0046,0.0389,0.1053,-0.1025,12.3076,0.3526,0.0083,0.0381,0.2013,-0.2235,7.2189,0.2419,0.0211,0.0079,0.0859,-0.6565,0.5321
2026-09-16T19:52:40.245Z,0.2558,0.0091,0.0299,0.1367,-0.0214,4.1736,0.3927,0.0100,0.0242,0.2581,-0.3465,3.3932,0.2611,0.0131,0.0167,0.1451,-0.3729,3.4843
2026-09-16T19:52:41.245Z,0.2676,0.0076,0.0163,0.1492,-0.1854,4.1315,0.3915,0.0191,0.0295,0.3180,-0.4848,2.4084,0.2504,0.0157,0.0060,0.1414,-0.6911,2.0209
2026-09-16T19:52:42.245Z,0.2750,0.0132,0.0070,0.1478,-0.0142,1.6258,0.3999,0.0179,0.0222,0.3196,-0.4272,3.5525,0.2700,0.0106,0.0244,0.1445,-0.6705,3.2197
2026-09-16T19:52:43.246Z,0.2545,0.0170,0.0176,0.1338,0.5572,1.9443,0.4062,0.0273,0.0029,0.3103,-0.3562,2.6830,0.2527,0.0070,0.0132,0.1740,-0.4708,3.7067
2026-09-16T19:52:44.246Z,0.2614,0.0084,0.0308,0.1551,-0.1505,4.9001,0.3465,0.0205,0.0345,0.2512,-0.1972,3.2753,0.2461,0.0215,0.0107,0.1355,-0.6109,1.6100
2026-09-16T19:52:45.246Z,0.2591,0.0121,0.0202,0.1568,-0.3155,3.5831,0.3916,0.0044,0.0058,0.3009,-0.4356,14.5344,0.2510,0.0127,0.0212,0.1626,-0.6904,1.8553
2026-09-16T19:52:46.245Z,0.2695,0.0254,0.0347,0.1717,-0.2398,1.9779,0.3856,0.0296,0.0083,0.2951,-0.4272,2.7711,0.2637,0.0129,0.0108,0.1550,-0.6050,2.2732
2026-09-16T19:52:47.245Z,0.2548,0.0162,0.0173,0.1420,0.1119,3.3568,0.3532,0.0420,0.0124,0.2552,-0.3942,1.6482,0.2497,0.0171,0.0142,0.1713,-0.3888,2.3514
2026-09-16T19:52:48.246Z,0.2686,0.0098,0.0034,0.1440,-0.1861,2.2706,0.3910,0.0224,0.0256,0.3218,-0.4174,3.9920,0.2555,0.0047,0.0078,0.1439,-0.3927,3.9830
2026-09-16T19:52:49.265Z,0.2541,0.0232,0.0135,0.1015,-0.1809,2.3052,0.3724,0.0310,0.0390,0.1852,-0.4217,1.7677,0.2498,0.0254,0.0104,0.0889,-0.6536,1.3490
2026-09-16T19:52:50.267Z,0.2572,0.0047,0.0171,0.1308,0.0682,12.0149,0.3709,0.0128,0.0131,0.2338,-0.6022,5.7111,0.2578,0.0180,0.0100,0.1635,-0.4992,2.0544
2026-09-16T19:52:51.286Z,0.2657,0.0147,0.0358,0.1477,-0.0670,2.9006,0.4042,0.0119,0.0147,0.3021,-0.5991,5.4576,0.2554,0.0093,0.0098,0.1428,-0.7022,4.7019
2026-09-16T19:52:52.287Z,0.2910,0.0047,0.0276,0.1857,-0.1319,11.3506,0.4438,0.0208,0.0221,0.3916,-0.2747,2.8625,0.2714,0.0258,0.0049,0.1854,-0.3186,0.7741
2026-09-16T19:52:53.286Z,0.2605,0.0141,0.0145,0.1587,-0.3659,2.8063,0.3898,0.0205,0.0111,0.3201,-0.1162,3.2270,0.2639,0.0239,0.0109,0.1829,-0.6216,1.4927
2026-09-16T19:52:54.286Z,0.2687,0.0069,0.0390,0.1492,-0.1071,7.8723,0.3562,0.0111,0.0281,0.2704,-0.4242,6.4364,0.2642,0.0224,0.0011,0.1691,-0.5534,0.7280
2026-09-16T19:52:55.285Z,0.2467,0.0065,0.0173,0.1470,0.1394,5.9456,0.4090,0.0118,0.0339,0.3405,-0.2823,6.2198,0.2694,0.0118,0.0178,0.1786,-0.5084,2.5209
2026-09-16T19:52:56.285Z,0.2613,0.0278,0.0317,0.1513,-0.4153,1.4111,0.3805,0.0049,0.0242,0.2878,-0.5454,13.3973,0.2526,0.0292,0.0068,0.1814,-0.7644,0.5994
2026-09-16T19:52:57.285Z,0.2554,0.0055,0.0329,0.1513,0.3086,10.8512,0.3852,0.0236,0.0076,0.2999,-0.5488,2.5550,0.2511,0.0215,0.0140,0.1585,-0.2435,2.4791
2026-09-16T19:52:58.325Z,0.2533,0.0340,0.0366,0.1460,-0.6417,1.2934,0.3664,0.0083,0.0436,0.2553,-0.3937,6.8677,0.2591,0.0266,0.0037,0.1500,-0.9328,1.0469
2026-09-16T19:52:59.345Z,0.2444,0.0050,0.0362,0.0832,0.5451,17.3639,0.3436,0.0102,0.0305,0.1668,-0.3503,6.9996,0.2499,0.0307,0.0378,0.0931,-0.4279,1.8986
2026-09-16T19:53:00.346Z,0.2579,0.0193,0.0362,0.1715,-0.2752,2.1963,0.3924,0.0231,0.0178,0.3084,-0.4888,2.5694,0.2576,0.0018,0.0165,0.1794,-0.5894,20.3892
2026-09-16T19:53:01.345Z,0.2774,0.0332,0.0554,0.1733,-0.2860,1.8899,0.4008,0.0385,0.0170,0.3062,-0.4191,1.5831,0.2574,0.0023,0.0116,0.1545,-0.9468,15.4377
2026-09-16T19:53:02.345Z,0.2648,0.0278,0.0433,0.1354,0.1878,2.2967,0.4112,0.0226,0.0189,0.3188,-0.2550,3.5291,0.2551,0.0308,0.0106,0.1489,-0.2177,0.9295
2026-09-16T19:53:03.366Z,0.2406,0.0190,0.0211,0.1135,-0.3079,3.9064,0.3541,0.0032,0.0358,0.2038,-0.1932,21.8430,0.2616,0.0241,0.0215,0.1404,-0.7303,1.2708
2026-09-16T19:53:04.366Z,0.2473,0.0224,0.0255,0.1439,-0.5035,1.7782,0.3344,0.0128,0.0313,0.2316,-0.5626,7.4124,0.2423,0.0176,0.0180,0.1322,-0.9597,2.3521
2026-09-16T19:53:05.366Z,0.2608,0.0109,0.0325,0.1589,0.4900,4.9747,0.4040,0.0090,0.0254,0.3319,-0.4257,5.4478,0.2542,0.0148,0.0151,0.1449,-0.1988,2.3132
2026-09-16T19:53:06.365Z,0.2611,0.0187,0.0056,0.1356,-0.4989,1.2748,0.3924,0.0357,0.0049,0.3224,-0.5218,2.1795,0.2568,0.0185,0.0254,0.1604,-0.6684,1.8469
2026-09-16T19:53:07.365Z,0.2559,0.0047,0.0314,0.1467,0.1548,12.1477,0.3514,0.0150,0.0323,0.2481,-0.2389,4.7037,0.2535,0.0113,0.0145,0.1683,-0.5794,2.8264
2026-09-16T19:53:08.387Z,0.2443,0.0362,0.0165,0.1183,-0.1082,1.6779,0.3871,0.0341,0.0221,0.2641,-0.5921,3.1141,0.2598,0.0167,0.0082,0.0967,-0.5538,2.4782
2026-09-16T19:53:09.405Z,0.2593,0.0085,0.0043,0.1421,-0.0978,10.1683,0.3768,0.0122,0.0245,0.2944,-0.6286,8.7096,0.2512,0.0137,0.0072,0.1393,-0.8673,2.5507
2026-09-16T19:53:10.405Z,0.2520,0.0083,0.0107,0.1469,0.4330,3.3337,0.3916,0.0099,0.0320,0.3041,-0.2023,7.4619,0.2634,0.0263,0.0076,0.1808,-0.4821,1.1678
2026-09-16T19:53:11.404Z,0.2556,0.0205,0.0234,0.1401,-0.6785,2.0726,0.3336,0.0179,0.0185,0.2574,-0.5437,2.8014,0.2527,0.0317,0.0056,0.1642,-1.0396,1.0884
2026-09-16T19:53:12.405Z,0.2715,0.0104,0.0210,0.1609,0.3482,5.0744,0.4175,0.0081,0.0202,0.3416,-0.5639,9.8285,0.2672,0.0119,0.0036,0.1861,-0.3881,1.1958
2026-09-16T19:53:13.407Z,0.2706,0.0039,0.0227,0.1685,0.2993,14.2055,0.4490,0.0349,0.0230,0.3857,-0.4559,2.4235,0.2761,0.0121,0.0082,0.1937,-0.3348,1.7271
2026-09-16T19:53:14.407Z,0.2704,0.0122,0.0196,0.1527,-0.4787,4.4919,0.4370,0.0260,0.0304,0.3621,-0.4256,2.9568,0.2674,0.0220,0.0016,0.1568,-0.7051,1.7357
2026-09-16T19:53:15.406Z,0.2758,0.0076,0.0278,0.2021,0.2920,5.1753,0.4306,0.0232,0.0151,0.3972,-0.5206,2.3878,0.2649,0.0167,0.0134,0.1687,-0.1773,1.8737
2026-09-16T19:53:16.405Z,0.2696,0.0128,0.0244,0.1788,-0.1520,2.7001,0.4202,0.0223,0.0212,0.3266,-0.5028,2.0821,0.2709,0.0112,0.0130,0.1638,-0.6087,3.1133
2026-09-16T19:53:17.405Z,0.2763,0.0218,0.0287,0.1582,-0.6409,2.3169,0.4134,0.0110,0.0211,0.3277,-0.6514,6.2953,0.2587,0.0165,0.0138,0.1669,-0.9395,1.3859
2026-09-16T19:53:18.425Z,0.2667,0.0194,0.0179,0.1288,0.0883,5.0346,0.3898,0.0197,0.0168,0.2792,-0.4219,3.9199,0.2464,0.0144,0.0164,0.1022,-0.2757,2.3871
2026-09-16T19:53:19.445Z,0.2506,0.0411,0.0298,0.1212,-0.0748,1.1875,0.3972,0.0246,0.0362,0.2204,-0.4775,2.7884,0.2536,0.0242,0.0262,0.1108,-0.4509,2.1914
2026-09-16T19:53:20.446Z,0.2588,0.0047,0.0104,0.1492,-0.6715,8.2882,0.3815,0.0269,0.0260,0.3522,-0.6912,2.9887,0.2532,0.0279,0.0109,0.1384,-0.8968,1.4223
2026-09-16T19:53:21.445Z,0.2825,0.0186,0.0247,0.1337,-0.5590,2.2950,0.4126,0.0194,0.0088,0.3079,-0.4728,3.7845,0.2496,0.0060,0.0129,0.1084,-0.8464,11.2180
2026-09-16T19:53:22.446Z,0.2673,0.0162,0.0535,0.1615,0.4881,4.7801,0.4222,0.0177,0.0304,0.3117,-0.3579,5.4389,0.2522,0.0124,0.0153,0.1706,0.1334,3.6721
2026-09-16T19:53:23.446Z,0.2642,0.0081,0.0278,0.1497,0.0979,6.0592,0.3962,0.0216,0.0187,0.3322,-0.6067,3.2286,0.2456,0.0298,0.0192,0.1313,-0.1021,1.1510
2026-09-16T19:53:24.445Z,0.2705,0.0188,0.0319,0.1674,-0.4106,2.0547,0.4080,0.0178,0.0051,0.3262,-0.3904,2.1519,0.2650,0.0029,0.0106,0.1449,-0.8636,9.0937
2026-09-16T19:53:25.445Z,0.2632,0.0133,0.0264,0.1599,-0.4901,3.8114,0.3664,0.0241,0.0385,0.2242,-0.3379,3.1044,0.2511,0.0250,0.0123,0.1575,-0.8745,1.0662
2026-09-16T19:53:26.446Z,0.2610,0.0099,0.0265,0.1387,0.2535,5.8488,0.3890,0.0084,0.0193,0.2508,-0.3878,12.2608,0.2531,0.0243,0.0253,0.1788,-0.1951,1.2666
2026-09-16T19:53:27.446Z,0.2460,0.0102,0.0199,0.1292,-0.1002,3.1639,0.3330,0.0102,0.0102,0.2870,-0.5228,4.4222,0.2575,0.0032,0.0189,0.1697,-0.5278,11.7603
2026-09-16T19:53:28.445Z,0.2521,0.0150,0.0312,0.1348,-0.5064,3.1971,0.3615,0.0106,0.0162,0.2467,-0.4833,5.1639,0.2537,0.0074,0.0046,0.1506,-0.9366,2.2856
2026-09-16T19:53:29.465Z,0.2655,0.0169,0.0286,0.1623,-0.4360,2.0478,0.4040,0.0157,0.0299,0.2788,-0.6927,3.7728,0.2568,0.0167,0.0151,0.1825,-0.9036,2.1191
2026-09-16T19:53:30.465Z,0.2698,0.0364,0.0251,0.1146,-0.3454,1.5854,0.4103,0.0273,0.0242,0.3047,-0.5119,1.8524,0.2604,0.0115,0.0034,0.1198,-0.7768,3.1401
2026-09-16T19:53:31.466Z,0.2599,0.0253,0.0365,0.1610,-0.1476,2.3056,0.4088,0.0214,0.0241,0.2858,-0.4977,2.8190,0.2598,0.0298,0.0186,0.1665,-0.7380,1.2924
2026-09-16T19:53:32.466Z,0.2722,0.0198,0.0362,0.1610,-0.0929,2.1437,0.4110,0.0199,0.0139,0.3957,-0.7473,2.7688,0.2601,0.0085,0.0131,0.1689,-0.3764,2.2583
2026-09-16T19:53:33.465Z,0.2533,0.0026,0.0244,0.1499,0.0066,14.9169,0.3761,0.0227,0.0524,0.2914,-0.4316,4.3033,0.2472,0.0107,0.0120,0.1409,-0.7077,4.1646
2026-09-16T19:53:34.466Z,0.2689,0.0077,0.0230,0.1420,-0.2268,4.4852,0.4086,0.0175,0.0370,0.3472,-0.6464,3.6036,0.2655,0.0329,0.0110,0.1756,-0.5300,0.9463
2026-09-16T19:53:35.465Z,0.2571,0.0088,0.0366,0.1527,-0.4024,5.6243,0.3699,0.0480,0.0259,0.2751,-0.7465,1.5295,0.2531,0.0086,0.0114,0.1804,-0.8859,4.6343
2026-09-16T19:53:36.466Z,0.2466,0.0227,0.0368,0.1428,-0.6936,2.3395,0.3779,0.0157,0.0288,0.2473,-0.3780,4.3158,0.2521,0.0256,0.0110,0.1403,-1.0973,0.9175
2026-09-16T19:53:37.467Z,0.2558,0.0317,0.0195,0.1481,-0.6797,1.0603,0.3907,0.0085,0.0287,0.3776,-0.6418,9.9519,0.2726,0.0202,0.0188,0.1678,-0.8947,1.6334
2026-09-16T19:53:38.485Z,0.2512,0.0059,0.0329,0.1214,-0.0518,11.4683,0.4501,0.0104,0.0050,0.3238,-0.5443,4.8235,0.2518,0.0129,0.0143,0.1441,-0.2648,2.6139
2026-09-16T19:53:39.505Z,0.2546,0.0156,0.0380,0.1208,0.4393,4.5731,0.3706,0.0206,0.0176,0.2760,-0.2588,4.4256,0.2625,0.0068,0.0072,0.1155,-0.2531,7.3936
2026-09-16T19:53:40.506Z,0.2583,0.0047,0.0095,0.1194,0.4825,7.8033,0.3920,0.0120,0.0155,0.2511,-0.2689,6.6272,0.2571,0.0209,0.0153,0.1599,-0.3149,2.0233
2026-09-16T19:53:41.506Z,0.2550,0.0103,0.0371,0.1671,0.2381,5.9722,0.4068,0.0167,0.0455,0.3419,-0.5324,4.8831,0.2515,0.0237,0.0054,0.1772,-0.0422,1.3179
2026-09-16T19:53:42.506Z,0.2773,0.0137,0.0091,0.1483,0.0926,2.0021,0.4225,0.0166,0.0136,0.3046,-0.2436,3.5325,0.2645,0.0051,0.0124,0.1781,-0.2425,3.8828
2026-09-16T19:53:43.506Z,0.2587,0.0152,0.0141,0.1655,-0.6644,2.2397,0.4021,0.0451,0.0193,0.4016,-0.4090,1.6827,0.2687,0.0303,0.0128,0.1603,-0.8270,0.9016
2026-09-16T19:53:44.526Z,0.2512,0.0017,0.0166,0.0961,-0.4589,36.9572,0.4051,0.0183,0.0364,0.2050,-0.6895,6.0891,0.2476,0.0346,0.0185,0.1524,-0.6447,1.2675
2026-09-16T19:53:45.525Z,0.2565,0.0110,0.0208,0.1217,0.5671,4.1747,0.4094,0.0097,0.0261,0.2928,-0.5159,6.4154,0.2505,0.0260,0.0217,0.1740,-0.0979,1.4030
2026-09-16T19:53:46.525Z,0.2763,0.0240,0.0011,0.1458,-0.3124,2.0753,0.4439,0.0237,0.0145,0.3834,-0.5014,2.5677,0.2762,0.0247,0.0231,0.1742,-0.6869,1.1972
2026-09-16T19:53:47.526Z,0.2626,0.0176,0.0146,0.1786,-0.7353,2.0112,0.4116,0.0130,0.0182,0.3888,-0.5606,4.9997,0.2817,0.0399,0.0180,0.1592,-0.8410,0.7970
2026-09-16T19:53:48.545Z,0.2676,0.0076,0.0459,0.1612,0.0569,10.4918,0.4039,0.0238,0.0311,0.2827,-0.5803,2.1981,0.2656,0.0189,0.0100,0.1550,-0.5195,1.7428
2026-09-16T19:53:49.566Z,0.2829,0.0144,0.0088,0.1719,-0.3810,6.0358,0.4036,0.0487,0.0063,0.3326,-0.4993,1.9457,0.2692,0.0240,0.0058,0.1551,-0.7128,1.6484
2026-09-16T19:53:50.566Z,0.2620,0.0074,0.0291,0.1710,-0.5367,4.7021,0.4063,0.0261,0.0103,0.4021,-0.5208,1.9606,0.2681,0.0030,0.0111,0.1485,-0.6158,14.5769
2026-09-16T19:53:51.565Z,0.2469,0.0281,0.0027,0.1514,0.1317,1.3859,0.3696,0.0171,0.0071,0.3344,-0.5062,1.1441,0.2626,0.0044,0.0156,0.1807,-0.4419,5.6945
2026-09-16T19:53:52.566Z,0.2741,0.0170,0.0158,0.1673,-0.0545,1.9823,0.3909,0.0088,0.0163,0.3408,-0.4033,6.3535,0.2544,0.0213,0.0096,0.1537,-0.4229,0.5872
2026-09-16T19:53:53.566Z,0.2415,0.0209,0.0223,0.1523,-0.7541,1.5772,0.3564,0.0137,0.0200,0.3132,-0.5460,3.1963,0.2530,0.0141,0.0092,0.1460,-0.8838,1.5361
2026-09-16T19:53:54.566Z,0.2458,0.0117,0.0312,0.1198,0.9619,3.1305,0.3653,0.0122,0.0269,0.2557,-0.4056,4.8565,0.2576,0.0068,0.0135,0.1348,-0.2741,2.7084
2026-09-16T19:53:55.566Z,0.2681,0.0297,0.0039,0.1137,-0.6088,0.9567,0.3715,0.0233,0.0342,0.2665,-0.4746,2.5764,0.2613,0.0434,0.0146,0.1807,-0.8903,0.6703
2026-09-16T19:53:56.586Z,0.2658,0.0106,0.0432,0.0981,-0.5208,7.4572,0.3986,0.0139,0.0243,0.2027,-0.7315,5.1471,0.2730,0.0136,0.0093,0.1504,-0.8272,3.0751
2026-09-16T19:53:57.585Z,0.2642,0.0208,0.0061,0.1546,0.7863,0.8055,0.3941,0.0338,0.0041,0.2654,-0.3097,1.6174,0.2703,0.0373,0.0191,0.1941,-0.2206,0.9435
2026-09-16T19:53:58.586Z,0.2768,0.0141,0.0237,0.1730,-0.4020,3.3140,0.3701,0.0251,0.0313,0.2596,-0.3499,2.0311,0.2713,0.0236,0.0158,0.1957,-0.6872,1.3238
2026-09-16T19:53:59.606Z,0.2468,0.0027,0.0306,0.1334,-0.4312,21.5037,0.4064,0.0141,0.0108,0.3050,-0.7150,5.3323,0.2628,0.0147,0.0050,0.1201,-0.7439,2.1545
2026-09-16T19:54:00.605Z,0.2629,0.0126,0.0148,0.1205,0.1269,2.5566,0.3653,0.0198,0.0287,0.2799,-0.0927,2.4739,0.2398,0.0165,0.0078,0.1353,-0.3627,2.1029
2026-09-16T19:54:01.606Z,0.2608,0.0214,0.0323,0.1545,-0.5131,1.9643,0.3210,0.0343,0.0471,0.1754,-0.6350,1.6895,0.2608,0.0207,0.0090,0.1524,-1.0005,1.6697
2026-09-16T19:54:02.606Z,0.2535,0.0380,0.0132,0.1508,-0.3955,0.8199,0.3962,0.0242,0.0342,0.3930,-0.7391,1.7728,0.2649,0.0345,0.0109,0.1540,-0.6674,1.1941
2026-09-16T19:54:03.606Z,0.2600,0.0172,0.0203,0.1392,0.2464,2.1335,0.3770,0.0245,0.0145,0.2893,-0.6987,1.9371,0.2523,0.0118,0.0019,0.1519,-0.4303,1.5926
2026-09-16T19:54:04.606Z,0.2706,0.0145,0.0303,0.1693,-0.2101,2.8177,0.3571,0.0032,0.0441,0.2367,-0.4701,22.5479,0.2680,0.0192,0.0105,0.1932,-0.7131,1.4299
2026-09-16T19:54:05.605Z,0.2513,0.0328,0.0123,0.1323,-0.5441,0.7969,0.3814,0.0059,0.0328,0.3455,-0.6625,7.8361,0.2531,0.0163,0.0092,0.1226,-0.8723,1.9374
2026-09-16T19:54:06.606Z,0.2643,0.0104,0.0137,0.1532,-0.4273,3.1209,0.3902,0.0197,0.0290,0.3152,-0.7584,2.5042,0.2567,0.0208,0.0190,0.1421,-0.7389,1.8076
2026-09-16T19:54:07.605Z,0.2800,0.0033,0.0417,0.1841,-0.0158,14.8408,0.3886,0.0130,0.0054,0.2535,-0.1631,4.8215,0.2889,0.0231,0.0115,0.2014,-0.5177,1.4247
2026-09-16T19:54:08.606Z,0.2767,0.0137,0.0112,0.1615,-0.4146,2.0196,0.4310,0.0106,0.0196,0.4482,-0.8177,3.9476,0.2516,0.0201,0.0059,0.1487,-0.5903,1.5935
2026-09-16T19:54:09.625Z,0.2630,0.0098,0.0190,0.0818,-0.6228,5.0140,0.3577,0.0183,0.0766,0.1744,-0.5733,4.7835,0.2793,0.0075,0.0142,0.1079,-0.9749,8.4126
2026-09-16T19:54:10.645Z,0.2785,0.0030,0.0089,0.1847,0.1277,18.4591,0.4535,0.0014,0.0487,0.3521,-0.5504,53.5570,0.2666,0.0050,0.0179,0.1753,-0.0097,7.9814
2026-09-16T19:54:11.646Z,0.2653,0.0198,0.0252,0.1745,-0.4720,1.3720,0.3162,0.0147,0.0164,0.1707,-0.7113,3.0334,0.2675,0.0282,0.0112,0.1954,-0.5871,1.0283
2026-09-16T19:54:12.645Z,0.2380,0.0194,0.0250,0.1443,-0.3435,1.5815,0.4014,0.0213,0.0094,0.3987,-0.9128,2.0977,0.2432,0.0008,0.0132,0.1402,-0.7061,52.8908
2026-09-16T19:54:13.646Z,0.2650,0.0007,0.0260,0.1622,-0.4941,64.8752,0.3169,0.0208,0.0304,0.2092,-0.3181,1.7444,0.2759,0.0324,0.0074,0.1659,-0.9867,1.4330
2026-09-16T19:54:14.647Z,0.2469,0.0108,0.0094,0.1340,-0.1380,2.6917,0.3042,0.0096,0.0252,0.2129,-0.1000,3.4654,0.2510,0.0198,0.0232,0.1595,-0.6047,1.7972
2026-09-16T19:54:15.646Z,0.2437,0.0177,0.0257,0.1462,1.3569,2.7823,0.4234,0.0412,0.0252,0.3722,-1.0977,2.1300,0.2216,0.0031,0.0042,0.1387,-0.0019,11.4617
2026-09-16T19:54:16.645Z,0.2768,0.0091,0.0044,0.1653,-0.6283,1.8313,0.3817,0.0155,0.0350,0.3141,-0.3550,2.6259,0.2834,0.0159,0.0178,0.2145,-0.8020,1.5292
2026-09-16T19:54:17.646Z,0.2678,0.0204,0.0295,0.1660,-0.6378,2.2133,0.3459,0.0116,0.0105,0.2899,-1.0804,3.5185,0.2704,0.0040,0.0150,0.1829,-0.9370,5.6097
2026-09-16T19:54:18.646Z,0.2735,0.0157,0.0177,0.2082,-0.6543,2.3350,0.4588,0.0065,0.0213,0.4819,-0.9260,6.2633,0.2518,0.0172,0.0252,0.1558,-0.5589,2.4605
2026-09-16T19:54:19.667Z,0.2667,0.0062,0.0265,0.1540,-0.5276,8.9166,0.3762,0.0095,0.0248,0.2335,-0.3266,4.5537,0.2876,0.0258,0.0175,0.1460,-1.1238,1.5036
2026-09-16T19:54:20.665Z,0.2472,0.0241,0.0216,0.1226,-0.5525,1.9370,0.3610,0.0188,0.0202,0.3116,-0.9043,2.5446,0.2525,0.0112,0.0228,0.1467,-0.6733,3.3860
2026-09-16T19:54:21.666Z,0.2658,0.0191,0.0219,0.1925,-0.3136,1.7019,0.4256,0.0118,0.0151,0.4044,-0.7578,1.7827,0.2545,0.0217,0.0049,0.1810,-0.3766,1.2116
2026-09-16T19:54:22.666Z,0.2508,0.0082,0.0281,0.1501,0.3608,5.7019,0.3266,0.0211,0.0251,0.2056,-0.1757,2.1838,0.2892,0.0081,0.0206,0.1990,-0.4238,3.7232
2026-09-16T19:54:23.667Z,0.2499,0.0141,0.0083,0.1468,1.0265,3.4006,0.4418,0.0343,0.0136,0.4119,-0.9824,1.1401,0.2362,0.0272,0.0142,0.1256,-0.4778,1.5881
2026-09-16T19:54:24.666Z,0.2707,0.0308,0.0437,0.1601,0.3045,1.7112,0.3735,0.0287,0.0363,0.2470,-0.3951,2.1647,0.2854,0.0353,0.0042,0.1931,-0.5068,1.3284
2026-09-16T19:54:25.665Z,0.2771,0.0126,0.0432,0.1497,-0.0333,4.0099,0.4610,0.0213,0.0302,0.4113,-0.4097,2.2276,0.2630,0.0146,0.0117,0.1587,-0.7177,1.5729
2026-09-16T19:54:26.666Z,0.2892,0.0123,0.0070,0.2063,-0.8368,2.2368,0.4739,0.0182,0.0172,0.3487,-0.6023,3.8112,0.2789,0.0201,0.0076,0.1708,-0.9376,1.8410
2026-09-16T19:54:27.666Z,0.2709,0.0178,0.0150,0.1307,-0.9098,2.2442,0.4080,0.0389,0.0112,0.2922,-0.8612,1.4201,0.2762,0.0159,0.0173,0.1720,-1.0805,2.9812
2026-09-16T19:54:28.687Z,0.2971,0.0170,0.0128,0.2393,-0.5290,1.7582,0.5762,0.0137,0.0205,0.5496,-1.0849,3.3946,0.2485,0.0073,0.0064,0.1642,-0.0637,3.5449
2026-09-16T19:54:29.725Z,0.3135,0.0117,0.0174,0.1222,0.0188,6.3080,0.5160,0.0215,0.0193,0.2496,-0.5625,3.7994,0.3089,0.0197,0.0221,0.1419,-0.3644,3.0137
2026-09-16T19:54:30.727Z,0.2830,0.0152,0.0151,0.1534,-0.2939,2.2622,0.3619,0.0095,0.0217,0.2492,-0.6771,3.1906,0.2849,0.0116,0.0134,0.1892,-0.6856,2.5378
2026-09-16T19:54:31.725Z,0.2576,0.0315,0.0287,0.1359,0.4160,1.3919,0.3765,0.0282,0.0174,0.3439,-0.8277,2.0175,0.2258,0.0079,0.0142,0.1237,-0.6760,2.3539
2026-09-16T19:54:32.725Z,0.2693,0.0183,0.0382,0.1935,-0.8165,2.7496,0.4481,0.0230,0.0095,0.4404,-0.7252,0.6810,0.2615,0.0226,0.0137,0.1269,-1.1101,1.4114
2026-09-16T19:54:33.726Z,0.2831,0.0281,0.0420,0.1558,-0.6098,2.5571,0.3602,0.0111,0.0455,0.2043,-0.3276,4.9243,0.3067,0.0472,0.0145,0.1988,-1.1526,0.7774
2026-09-16T19:54:34.726Z,0.2954,0.0101,0.0385,0.1499,-0.4733,5.7251,0.4036,0.0202,0.0246,0.3098,-0.5142,2.6831,0.3295,0.0274,0.0165,0.2160,-0.8435,2.1690
2026-09-16T19:54:35.726Z,0.2568,0.0242,0.0215,0.1515,0.0119,1.7858,0.3108,0.0119,0.0251,0.2286,0.0787,3.6471,0.2855,0.0241,0.0071,0.2135,-0.6773,0.9915
2026-09-16T19:54:36.746Z,0.2553,0.0079,0.0331,0.1334,0.4910,8.7159,0.3442,0.0222,0.0277,0.2373,-0.8186,2.7357,0.2446,0.0060,0.0192,0.1234,-0.6572,8.7380
2026-09-16T19:54:37.746Z,0.2861,0.0066,0.0325,0.2201,0.7324,5.8366,0.5051,0.0599,0.0317,0.4830,-1.1351,0.7855,0.2470,0.0069,0.0170,0.1524,0.0230,5.0152
2026-09-16T19:54:38.766Z,0.2633,0.0139,0.0174,0.1740,0.5957,2.3047,0.4455,0.0211,0.0028,0.4125,-0.7635,2.0428,0.2311,0.0027,0.0226,0.1547,0.0614,10.5556
2026-09-16T19:54:39.786Z,0.2343,0.0090,0.0304,0.0794,0.0849,3.6887,0.3954,0.0162,0.0101,0.2173,-0.7874,3.9161,0.2277,0.0274,0.0134,0.0847,-0.5529,1.9599
2026-09-16T19:54:40.785Z,0.2690,0.0044,0.0070,0.1598,-0.4676,9.1406,0.4588,0.0292,0.0351,0.4416,-0.7695,2.8781,0.2285,0.0052,0.0102,0.1401,-0.6855,4.4256
2026-09-16T19:54:41.786Z,0.2534,0.0088,0.0181,0.1742,-0.9212,2.7903,0.3945,0.0402,0.0130,0.3537,-0.6116,1.2846,0.2369,0.0590,0.0105,0.1120,-1.0087,0.4512
2026-09-16T19:54:42.785Z,0.2469,0.0065,0.0266,0.1640,-1.0005,4.5894,0.3619,0.0219,0.0397,0.2882,-0.2956,2.4713,0.2408,0.0125,0.0142,0.1165,-0.7987,2.5143
2026-09-16T19:54:43.785Z,0.2522,0.0075,0.0188,0.1784,-0.9299,4.1282,0.4225,0.0123,0.0338,0.3578,-0.5239,4.6146,0.2474,0.0138,0.0199,0.1341,-0.9799,2.4165
2026-09-16T19:54:44.785Z,0.2553,0.0055,0.0260,0.1624,-0.8791,7.4658,0.3902,0.0131,0.0171,0.3164,-0.5542,3.1433,0.2472,0.0265,0.0236,0.1083,-1.2830,1.9713
2026-09-16T19:54:45.785Z,0.2693,0.0026,0.0265,0.1751,-0.8991,18.5460,0.3597,0.0211,0.0221,0.1627,0.0705,3.0898,0.2731,0.0191,0.0198,0.1407,-0.9741,2.6244
2026-09-16T19:54:46.787Z,0.2732,0.0184,0.0403,0.1728,-0.4376,2.3734,0.3606,0.0201,0.0373,0.2735,-0.1766,2.8738,0.2747,0.0340,0.0098,0.1716,-0.7687,0.5563
2026-09-16T19:54:47.787Z,0.2664,0.0148,0.0234,0.1650,-0.0386,2.1679,0.3528,0.0254,0.0182,0.2329,-0.1942,2.0079,0.2695,0.0076,0.0066,0.1923,-0.4256,2.8347
2026-09-16T19:54:48.806Z,0.2606,0.0125,0.0286,0.1780,0.5669,3.1967,0.4289,0.0236,0.0344,0.3536,-0.5812,2.2652,0.2563,0.0250,0.0169,0.1537,0.1440,1.9999
2026-09-16T19:54:49.826Z,0.2535,0.0152,0.0222,0.1474,0.2038,3.9048,0.4216,0.0334,0.0357,0.2548,-0.5651,3.1513,0.2428,0.0174,0.0067,0.1395,0.1041,1.9283
2026-09-16T19:54:50.825Z,0.2649,0.0219,0.0261,0.2013,-0.2350,1.9771,0.4298,0.0228,0.0571,0.3588,-0.4277,3.0723,0.2474,0.0039,0.0251,0.1559,-0.2940,10.2935
2026-09-16T19:54:51.825Z,0.2799,0.0012,0.0153,0.1928,-0.9617,33.1049,0.4192,0.0223,0.0302,0.3487,-0.4621,3.1538,0.2484,0.0203,0.0211,0.1019,-0.6945,1.5096
2026-09-16T19:54:52.847Z,0.2746,0.0046,0.0467,0.1841,-0.7870,11.4117,0.4264,0.0062,0.0143,0.4022,-0.6807,6.0866,0.2244,0.0180,0.0154,0.1536,-0.5980,2.0875
2026-09-16T19:54:53.846Z,0.2500,0.0076,0.0295,0.1511,-0.8648,5.0761,0.3908,0.0098,0.0283,0.3862,-1.0652,3.8626,0.2244,0.0090,0.0051,0.1466,-0.8288,2.1664
2026-09-16T19:54:54.846Z,0.2494,0.0160,0.0165,0.1261,-0.8455,1.6664,0.3303,0.0131,0.0290,0.2881,-1.1495,3.5274,0.2337,0.0179,0.0093,0.1201,-0.7002,2.2327
2026-09-16T19:54:55.846Z,0.2489,0.0139,0.0214,0.1458,-0.9112,2.1696,0.3524,0.0084,0.0165,0.3397,-1.1852,4.3337,0.2240,0.0360,0.0084,0.1305,-0.7852,0.7551
2026-09-16T19:54:56.845Z,0.2503,0.0153,0.0246,0.1672,-0.7622,2.3262,0.4151,0.0281,0.0438,0.4051,-1.0481,2.1726,0.2301,0.0273,0.0230,0.1360,-0.7403,1.1933
2026-09-16T19:54:57.846Z,0.2758,0.0143,0.0336,0.1836,-0.6731,3.2711,0.4279,0.0187,0.0140,0.3916,-0.6760,2.4718,0.2400,0.0146,0.0047,0.1343,-0.7407,1.7103
2026-09-16T19:54:58.846Z,0.2732,0.0159,0.0363,0.1762,-0.8679,2.8318,0.3560,0.0225,0.0645,0.2138,-0.1549,3.5675,0.2625,0.0223,0.0087,0.1793,-0.8628,1.3986
2026-09-16T19:54:59.888Z,0.2627,0.0025,0.0251,0.1050,-1.1347,18.8191,0.2844,0.0471,0.0344,0.1226,0.1348,1.3007,0.2578,0.0200,0.0220,0.1216,-1.1509,3.4893
2026-09-16T19:55:00.885Z,0.2599,0.0094,0.0168,0.1612,-0.8533,2.8011,0.2974,0.0225,0.0282,0.1589,-0.0029,2.4645,0.2647,0.0237,0.0208,0.1739,-1.2406,1.8380
2026-09-16T19:55:01.885Z,0.2512,0.0271,0.0138,0.1663,-0.1250,1.1332,0.3659,0.0393,0.0403,0.2729,-0.0898,1.4484,0.2650,0.0185,0.0025,0.1391,-0.4351,1.4687
2026-09-16T19:55:02.886Z,0.2795,0.0079,0.0263,0.1994,0.1204,5.3294,0.4156,0.0084,0.0233,0.3399,-0.3597,5.8379,0.2531,0.0141,0.0118,0.1737,0.1835,1.9087
2026-09-16T19:55:03.886Z,0.2733,0.0080,0.0140,0.1886,-0.5208,4.6526,0.4591,0.0098,0.0149,0.4670,-0.8367,3.2973,0.2324,0.0052,0.0004,0.1584,-0.3687,2.8345
2026-09-16T19:55:04.887Z,0.2627,0.0190,0.0159,0.1751,-0.4607,2.1073,0.4239,0.0107,0.0257,0.4053,-0.9639,3.9152,0.2316,0.0191,0.0177,0.1479,-0.5225,2.0153
2026-09-16T19:55:05.906Z,0.2513,0.0201,0.0094,0.1327,0.2804,2.0282,0.3339,0.0067,0.0011,0.2146,-0.7135,4.9162,0.2343,0.0095,0.0099,0.1631,-0.6363,2.0350
2026-09-16T19:55:06.907Z,0.2484,0.0151,0.0247,0.1535,-0.5821,3.8827,0.3146,0.0093,0.0532,0.1815,-0.0886,8.6035,0.2538,0.0259,0.0048,0.1608,-0.9272,1.5652
2026-09-16T19:55:07.906Z,0.2554,0.0104,0.0136,0.1865,0.4535,3.4891,0.4169,0.0193,0.0174,0.3605,-0.4521,2.6625,0.2431,0.0082,0.0188,0.1637,-0.0986,2.9578
2026-09-16T19:55:08.906Z,0.2411,0.0174,0.0129,0.1285,-0.2892,3.6855,0.3213,0.0057,0.0194,0.2381,-0.5676,10.9509,0.2465,0.0107,0.0092,0.1288,-0.7584,4.2560
2026-09-16T19:55:09.927Z,0.2714,0.0025,0.0178,0.1898,0.0113,26.4973,0.4354,0.0148,0.0325,0.3859,-0.4128,6.5867,0.2628,0.0022,0.0128,0.1906,0.0592,14.1737
2026-09-16T19:55:10.926Z,0.2512,0.0093,0.0255,0.1241,-0.1456,5.2330,0.3281,0.0167,0.0293,0.2812,-0.8068,3.1920,0.2355,0.0120,0.0143,0.1253,-0.5946,2.1727
2026-09-16T19:55:11.924Z,0.2499,0.0100,0.0229,0.1601,0.2027,3.7425,0.3571,0.0169,0.0217,0.2581,0.0689,3.6065,0.2527,0.0088,0.0131,0.1100,-0.1497,4.9218
2026-09-16T19:55:12.925Z,0.2801,0.0157,0.0165,0.2034,0.1637,3.2620,0.4284,0.0156,0.0140,0.4181,-0.7380,2.3647,0.2329,0.0037,0.0055,0.1288,-0.2899,7.4205
2026-09-16T19:55:13.926Z,0.2562,0.0042,0.0217,0.1444,-0.5723,13.2014,0.3388,0.0016,0.0347,0.1991,-0.3976,33.3550,0.2781,0.0234,0.0169,0.1760,-0.8171,1.3203
2026-09-16T19:55:14.926Z,0.2736,0.0127,0.0333,0.1830,0.2966,5.7970,0.4523,0.0163,0.0055,0.4402,-0.8142,3.4603,0.2465,0.0050,0.0010,0.1395,-0.4789,4.3253
2026-09-16T19:55:15.925Z,0.2556,0.0079,0.0175,0.1717,-0.1074,4.9557,0.3542,0.0340,0.0505,0.2711,-0.2840,2.2381,0.2732,0.0145,0.0116,0.1590,-0.6669,1.8962
2026-09-16T19:55:16.926Z,0.2709,0.0057,0.0172,0.1858,-0.0253,6.5456,0.4111,0.0257,0.0501,0.3332,-0.6646,2.5068,0.2302,0.0161,0.0108,0.1482,0.1063,2.0712
2026-09-16T19:55:17.926Z,0.2446,0.0067,0.0237,0.1383,-0.5431,5.3005,0.3494,0.0068,0.0283,0.3239,-0.8133,7.1534,0.2372,0.0181,0.0172,0.1243,-0.4705,1.7121
2026-09-16T19:55:18.926Z,0.2752,0.0067,0.0223,0.1750,-0.7313,4.2343,0.3719,0.0199,0.0226,0.2856,-0.5149,3.0028,0.2490,0.0263,0.0164,0.1473,-0.5920,0.8874
2026-09-16T19:55:19.940Z,0.2597,0.0160,0.0566,0.1068,0.1779,5.6774,0.3747,0.0215,0.0686,0.2518,-0.8685,3.7935,0.2264,0.0289,0.0022,0.0800,-0.5194,1.2454
2026-09-16T19:55:20.940Z,0.2610,0.0167,0.0347,0.1503,-0.5971,3.4335,0.2917,0.0234,0.0071,0.1476,-0.4365,2.7818,0.2621,0.0279,0.0124,0.1260,-0.8819,1.3760
2026-09-16T19:55:21.940Z,0.2748,0.0188,0.0252,0.2159,0.1024,2.3733,0.3996,0.0237,0.0437,0.3527,-0.7041,3.1287,0.2476,0.0158,0.0096,0.1780,-0.0600,1.1078
2026-09-16T19:55:22.946Z,0.2559,0.0061,0.0152,0.1219,-0.5075,6.3190,0.3682,0.0230,0.0260,0.3185,-0.8819,2.4086,0.2504,0.0162,0.0218,0.1443,-0.7506,1.7273
2026-09-16T19:55:23.946Z,0.2726,0.0223,0.0089,0.1847,-0.5909,1.1931,0.3609,0.0150,0.0235,0.2748,-0.2841,4.4380,0.2667,0.0177,0.0214,0.1608,-0.7667,2.8476
2026-09-16T19:55:24.946Z,0.2461,0.0016,0.0135,0.1402,-0.0649,36.9693,0.3263,0.0193,0.0146,0.2408,-0.8030,3.5046,0.2491,0.0129,0.0137,0.1330,-0.4370,2.2756
2026-09-16T19:55:25.945Z,0.2753,0.0122,0.0101,0.1942,-0.5174,2.2070,0.4225,0.0129,0.0107,0.4092,-0.8032,3.2446,0.2393,0.0124,0.0084,0.1539,-0.1640,2.3792
2026-09-16T19:55:26.967Z,0.2704,0.0140,0.0336,0.1394,-0.4063,4.6530,0.3619,0.0039,0.0408,0.2168,-0.3006,21.5212,0.2558,0.0088,0.0064,0.1790,-0.6785,4.4330
2026-09-16T19:55:27.967Z,0.2674,0.0209,0.0300,0.1517,0.0530,2.1960,0.3797,0.0216,0.0143,0.3364,-0.5754,2.4463,0.2453,0.0042,0.0081,0.1475,-0.5555,5.5625
2026-09-16T19:55:28.985Z,0.2691,0.0254,0.0155,0.1819,-0.2332,1.1943,0.3487,0.0185,0.0261,0.2351,-0.4570,2.3312,0.2622,0.0148,0.0272,0.1455,-0.3793,2.3702
2026-09-16T19:55:30.007Z,0.2451,0.0137,0.0104,0.1314,-0.4587,4.5232,0.3109,0.0046,0.0376,0.1767,-0.5966,16.3453,0.2487,0.0343,0.0136,0.1437,-0.3933,0.9662
2026-09-16T19:55:31.006Z,0.2554,0.0044,0.0183,0.1479,-0.7197,14.6681,0.3404,0.0238,0.0329,0.3118,-0.5117,2.5289,0.2362,0.0224,0.0126,0.1407,-0.4632,1.4085
2026-09-16T19:55:32.005Z,0.2730,0.0377,0.0246,0.1804,-0.6624,1.0682,0.3948,0.0099,0.0262,0.3824,-0.6873,7.4452,0.2518,0.0073,0.0134,0.1480,-0.7275,5.3520
2026-09-16T19:55:33.006Z,0.2656,0.0152,0.0265,0.1494,-0.4233,2.7819,0.3594,0.0224,0.0237,0.2057,-0.4277,2.5288,0.2690,0.0133,0.0053,0.1789,-0.6877,1.8796
2026-09-16T19:55:34.006Z,0.2515,0.0047,0.0477,0.1393,-0.5888,12.1830,0.3520,0.0082,0.0296,0.2628,-0.3391,7.4466,0.2354,0.0040,0.0139,0.1375,-0.4252,9.4192
2026-09-16T19:55:35.005Z,0.2810,0.0071,0.0229,0.1493,-0.9281,3.9420,0.3478,0.0256,0.0099,0.2279,-0.1952,2.6345,0.2594,0.0125,0.0100,0.1763,-0.9240,2.1705
2026-09-16T19:55:36.001Z,0.2438,0.0092,0.0276,0.1529,-0.3623,3.9164,0.3880,0.0083,0.0206,0.4064,-0.9616,5.6393,0.2266,0.0133,0.0221,0.1493,-0.5450,2.0827
2026-09-16T19:55:37.004Z,0.2663,0.0035,0.0297,0.1556,-0.7724,14.2540,0.3295,0.0118,0.0053,0.1901,-0.2946,5.5690,0.2516,0.0084,0.0079,0.1460,-0.7610,5.1112
2026-09-16T19:55:38.006Z,0.2517,0.0040,0.0230,0.1426,-0.3181,11.3664,0.3568,0.0248,0.0367,0.3312,-0.5729,2.6031,0.2332,0.0271,0.0039,0.1418,-0.5985,1.5999
2026-09-16T19:55:39.001Z,0.2640,0.0158,0.0249,0.1456,-0.7225,3.2770,0.3490,0.0154,0.0281,0.2903,-0.5749,3.2283,0.2506,0.0229,0.0190,0.1753,-1.0454,1.4876
2026-09-16T19:55:40.039Z,0.2764,0.0279,0.0640,0.1099,-0.7327,2.8456,0.3676,0.0057,0.0202,0.1541,-0.1520,13.7062,0.2620,0.0362,0.0182,0.1053,-0.8308,1.1884
2026-09-16T19:55:41.040Z,0.2473,0.0069,0.0248,0.1275,0.0133,6.1904,0.3391,0.0116,0.0092,0.2393,-0.4937,5.0055,0.2679,0.0189,0.0047,0.1852,-0.8764,1.7764
2026-09-16T19:55:42.040Z,0.3182,0.0111,0.0224,0.2822,-0.2133,3.6780,0.5340,0.0381,0.0276,0.4974,-0.7110,1.7687,0.2858,0.0119,0.0128,0.1918,0.2810,1.4593
2026-09-16T19:55:43.041Z,0.2884,0.0168,0.0172,0.2204,-0.1196,2.7164,0.5035,0.0332,0.0105,0.4969,-1.0727,0.7259,0.2568,0.0083,0.0040,0.1903,-0.5695,2.4440
2026-09-16T19:55:44.043Z,0.2857,0.0163,0.0284,0.2005,-0.7166,2.1941,0.3790,0.0241,0.0165,0.2323,-0.1118,2.3869,0.2965,0.0137,0.0172,0.2140,-0.8691,2.6245
2026-09-16T19:55:45.044Z,0.2864,0.0176,0.0316,0.2022,-0.2853,3.2696,0.4298,0.0110,0.0297,0.4221,-0.8469,5.9863,0.2479,0.0300,0.0116,0.1464,-0.3975,1.1466
2026-09-16T19:55:46.044Z,0.2726,0.0193,0.0159,0.1888,-0.5650,1.6944,0.3917,0.0284,0.0274,0.3271,-0.4003,2.6361,0.2575,0.0295,0.0143,0.1882,-0.4544,1.7754
2026-09-16T19:55:47.046Z,0.2563,0.0055,0.0078,0.1613,-0.0609,7.3582,0.3370,0.0055,0.0273,0.2153,-0.5304,16.6127,0.2557,0.0130,0.0163,0.1736,-0.6634,2.0187
2026-09-16T19:55:48.046Z,0.2619,0.0163,0.0240,0.1747,-0.3050,3.2535,0.4082,0.0242,0.0094,0.4297,-0.8040,1.8097,0.2452,0.0244,0.0089,0.1306,-0.5762,0.9855
2026-09-16T19:55:49.046Z,0.2787,0.0029,0.0261,0.2031,-0.4536,15.5335,0.4155,0.0308,0.0331,0.3962,-0.6473,2.3726,0.2564,0.0183,0.0163,0.1284,-0.6394,1.5324
2026-09-16T19:55:50.065Z,0.2644,0.0088,0.0165,0.1434,-0.1056,4.8499,0.3842,0.0443,0.0153,0.2180,-0.5917,1.6861,0.2541,0.0220,0.0234,0.1178,-0.4754,1.8215
2026-09-16T19:55:51.065Z,0.2627,0.0093,0.0437,0.1765,-0.4678,6.7218,0.3538,0.0218,0.0309,0.2343,-0.6218,3.5621,0.2528,0.0165,0.0031,0.1832,-0.5334,2.4611
2026-09-16T19:55:52.067Z,0.2592,0.0110,0.0177,0.1595,-0.4240,3.2952,0.3796,0.0197,0.0158,0.3417,-0.7777,2.4802,0.2421,0.0160,0.0131,0.1612,-0.6389,1.3058
2026-09-16T19:55:53.066Z,0.2519,0.0077,0.0147,0.1743,0.0885,4.9424,0.3895,0.0204,0.0289,0.3352,-0.3301,5.3974,0.2498,0.0036,0.0210,0.1536,-0.1393,8.1394
2026-09-16T19:55:54.066Z,0.2743,0.0240,0.0556,0.1670,-0.5440,3.3547,0.3482,0.0227,0.0324,0.2350,-0.5605,4.0149,0.2691,0.0185,0.0197,0.1818,-0.7195,2.3272
2026-09-16T19:55:55.064Z,0.2472,0.0054,0.0061,0.1353,-0.6727,7.2660,0.3105,0.0045,0.0027,0.2455,-0.1856,9.4339,0.2361,0.0075,0.0251,0.1368,-0.9811,4.3338
2026-09-16T19:55:56.066Z,0.2706,0.0115,0.0189,0.2049,-0.3680,3.5195,0.3863,0.0079,0.0193,0.3298,-0.6722,5.0604,0.2495,0.0126,0.0091,0.1527,-0.4259,2.4655
2026-09-16T19:55:57.066Z,0.2625,0.0019,0.0167,0.1680,-0.4514,20.1817,0.3564,0.0195,0.0292,0.2331,-0.1366,3.5690,0.2751,0.0169,0.0066,0.1761,-0.6541,2.2111
2026-09-16T19:55:58.066Z,0.2865,0.0166,0.0115,0.2208,-0.2798,2.9149,0.4569,0.0364,0.0410,0.4171,-0.8454,1.7661,0.2546,0.0039,0.0036,0.1606,-0.4247,4.7788
2026-09-16T19:55:59.055Z,0.2572,0.0125,0.0230,0.1587,-0.4553,4.7865,0.3571,0.0327,0.0427,0.2692,-0.3823,1.7241,0.2533,0.0087,0.0152,0.1702,-0.4975,3.2234
2026-09-16T19:56:00.103Z,0.2428,0.0144,0.0357,0.1005,-0.4699,4.4686,0.2720,0.0269,0.0137,0.0750,-0.1700,1.1060,0.2472,0.0085,0.0227,0.0745,-0.6131,6.3885
2026-09-16T19:56:01.103Z,0.2605,0.0096,0.0191,0.1751,-0.1671,4.5483,0.4038,0.0210,0.0253,0.3228,-0.8022,2.3472,0.2441,0.0084,0.0172,0.1589,-0.6441,3.2966
2026-09-16T19:56:02.105Z,0.2312,0.0136,0.0310,0.1552,-0.4682,3.2906,0.3193,0.0102,0.0331,0.1715,-0.6979,6.0064,0.2496,0.0296,0.0154,0.1555,-0.8788,1.4506
2026-09-16T19:56:03.106Z,0.2586,0.0052,0.0127,0.1742,-0.2285,7.9186,0.4273,0.0064,0.0495,0.3823,-0.7762,13.3810,0.2406,0.0109,0.0046,0.1342,-0.1642,2.5385
2026-09-16T19:56:04.106Z,0.2469,0.0224,0.0080,0.1377,0.0426,2.6412,0.3422,0.0239,0.0098,0.2102,-0.2316,2.0497,0.2712,0.0219,0.0067,0.1663,-0.5738,2.5269
2026-09-16T19:56:05.125Z,0.2674,0.0013,0.0210,0.1779,-0.2988,31.7910,0.4292,0.0092,0.0270,0.4170,-0.7202,4.0961,0.2373,0.0091,0.0204,0.1326,-0.3372,2.7537
2026-09-16T19:56:06.118Z,0.2612,0.0109,0.0176,0.1789,-0.1802,3.1905,0.3924,0.0065,0.0244,0.2908,-0.3657,11.5147,0.2628,0.0628,0.0210,0.1615,-0.6153,0.9214
2026-09-16T19:56:07.122Z,0.2394,0.0014,0.0271,0.1329,-0.3428,41.5640,0.3628,0.0166,0.0314,0.2784,-0.7823,4.2009,0.2409,0.0055,0.0106,0.1676,-0.7126,3.5452
2026-09-16T19:56:08.119Z,0.2528,0.0076,0.0029,0.1743,-0.2128,6.7902,0.4045,0.0294,0.0453,0.4365,-0.6109,1.8136,0.2362,0.0150,0.0191,0.1127,-0.4957,2.3339
2026-09-16T19:56:09.127Z,0.2509,0.0258,0.0043,0.1548,-0.0753,0.6520,0.3881,0.0127,0.0122,0.2977,-0.2936,7.2348,0.2499,0.0048,0.0068,0.1652,-0.6737,7.7860
2026-09-16T19:56:10.147Z,0.2519,0.0245,0.0404,0.1181,-0.1622,3.5339,0.3687,0.0150,0.0259,0.1871,-0.5972,7.8352,0.2477,0.0254,0.0051,0.1613,-0.5183,0.9476
2026-09-16T19:56:11.145Z,0.2369,0.0095,0.0189,0.1488,-0.4414,4.1884,0.3512,0.0184,0.0209,0.3073,-0.7371,4.6690,0.2251,0.0140,0.0090,0.1400,-0.7115,1.5064
2026-09-16T19:56:12.133Z,0.2397,0.0237,0.0250,0.1339,-0.1276,2.6300,0.3924,0.0309,0.0107,0.3615,-0.6763,1.8332,0.2402,0.0148,0.0090,0.1407,-0.8189,1.2264
2026-09-16T19:56:13.146Z,0.2675,0.0099,0.0439,0.1835,-0.4175,6.0527,0.3918,0.0350,0.0261,0.3241,-0.3714,1.7282,0.2549,0.0265,0.0146,0.1719,-0.3398,1.5836
2026-09-16T19:56:14.131Z,0.2579,0.0175,0.0242,0.1519,-0.8920,2.4300,0.3710,0.0242,0.0184,0.2487,-0.6079,3.1184,0.2470,0.0172,0.0328,0.1711,-0.6823,2.1820
2026-09-16T19:56:15.135Z,0.2528,0.0165,0.0181,0.1405,-0.1629,2.3402,0.3730,0.0172,0.0082,0.2379,-0.5275,3.7533,0.2474,0.0075,0.0121,0.1420,-0.8889,3.2749
2026-09-16T19:56:16.141Z,0.2572,0.0235,0.0284,0.1641,-0.1048,2.0486,0.3709,0.0138,0.0336,0.2724,-0.4931,4.8936,0.2479,0.0100,0.0091,0.1576,-0.6307,1.7919
2026-09-16T19:56:17.138Z,0.2620,0.0246,0.0253,0.1443,-0.1701,2.6896,0.3740,0.0142,0.0179,0.2647,-0.6501,2.5840,0.2529,0.0418,0.0193,0.1413,-0.3473,0.9025
2026-09-16T19:56:18.145Z,0.2552,0.0217,0.0091,0.1241,-0.0318,1.8589,0.3577,0.0129,0.0112,0.2479,-0.3071,2.6138,0.2551,0.0273,0.0112,0.1375,-0.3311,1.4433
2026-09-16T19:56:19.146Z,0.2666,0.0144,0.0237,0.1477,-0.1911,3.0758,0.3831,0.0162,0.0347,0.2527,-0.4515,4.4137,0.2524,0.0236,0.0177,0.1500,-0.3844,1.2095
2026-09-16T19:56:20.185Z,0.2538,0.0252,0.0466,0.0820,-0.0185,2.8975,0.3760,0.0195,0.0491,0.1371,-0.6901,4.4099,0.2527,0.0317,0.0055,0.0960,-0.4232,1.2914
2026-09-16T19:56:21.184Z,0.2532,0.0068,0.0282,0.1620,0.2667,7.2897,0.3512,0.0211,0.0107,0.2285,-0.6114,3.1029,0.2467,0.0232,0.0219,0.1539,-0.4539,1.5947
2026-09-16T19:56:22.185Z,0.2480,0.0228,0.0216,0.1371,0.2087,2.1380,0.3419,0.0020,0.0092,0.2430,-0.6895,40.9646,0.2522,0.0218,0.0218,0.1785,-0.5478,1.3066
2026-09-16T19:56:23.185Z,0.2591,0.0146,0.0099,0.1751,-0.0575,2.0253,0.3543,0.0225,0.0265,0.3254,-0.5367,1.6591,0.2512,0.0093,0.0253,0.1321,-0.4543,3.2248
2026-09-16T19:56:24.185Z,0.2498,0.0128,0.0162,0.1464,0.0145,2.7698,0.3508,0.0111,0.0229,0.3030,-0.6023,3.4931,0.2524,0.0199,0.0175,0.1406,-0.6233,2.3193
2026-09-16T19:56:25.186Z,0.2569,0.0167,0.0264,0.1452,0.2541,3.1870,0.3680,0.0193,0.0193,0.2439,-0.5530,3.7915,0.2593,0.0264,0.0010,0.1678,-0.5368,1.0538
2026-09-16T19:56:26.185Z,0.2501,0.0102,0.0106,0.1475,0.2264,2.4186,0.3239,0.0021,0.0196,0.2142,-0.5913,32.9301,0.2453,0.0144,0.0224,0.1660,-0.5882,2.2175
2026-09-16T19:56:27.185Z,0.2694,0.0064,0.0301,0.1839,0.1303,5.6554,0.3827,0.0246,0.0354,0.3448,-0.6349,2.0462,0.2555,0.0263,0.0214,0.1615,-0.4530,1.6618
2026-09-16T19:56:28.185Z,0.2811,0.0072,0.0155,0.2080,-0.1934,6.7166,0.4132,0.0309,0.0157,0.3906,-0.4718,1.2279,0.2717,0.0138,0.0039,0.1676,-0.4043,1.9318
2026-09-16T19:56:29.206Z,0.2830,0.0106,0.0167,0.1779,-0.3342,7.1200,0.3846,0.0082,0.0228,0.3381,-0.5583,7.6708,0.2675,0.0186,0.0059,0.1655,-0.4458,1.7127
2026-09-16T19:56:30.225Z,0.2600,0.0033,0.0398,0.0984,-0.5555,16.4826,0.3641,0.0055,0.0286,0.1648,-0.7321,12.2351,0.2433,0.0062,0.0217,0.1085,-0.5415,8.1558
2026-09-16T19:56:31.225Z,0.2668,0.0109,0.0111,0.1682,-0.6027,2.8892,0.3351,0.0323,0.0269,0.2605,-0.5418,1.6104,0.2536,0.0230,0.0041,0.1359,-0.7788,1.9665
2026-09-16T19:56:32.225Z,0.2788,0.0239,0.0162,0.1723,-0.6335,2.0784,0.3675,0.0107,0.0265,0.3221,-0.4681,5.7981,0.2678,0.0125,0.0055,0.1706,-0.8422,1.8125
2026-09-16T19:56:33.225Z,0.2553,0.0178,0.0100,0.1725,-0.1100,1.0489,0.3371,0.0311,0.0112,0.2200,-0.6054,2.3954,0.2362,0.0099,0.0058,0.1623,-0.7779,3.2354
2026-09-16T19:56:34.225Z,0.2531,0.0152,0.0066,0.1472,0.0057,2.4049,0.3347,0.0197,0.0153,0.2629,-0.2005,3.1268,0.2617,0.0114,0.0080,0.1697,-0.4683,1.8042
2026-09-16T19:56:35.213Z,0.2648,0.0123,0.0265,0.1615,-0.2180,4.3402,0.3830,0.0045,0.0070,0.2901,-0.5462,15.9740,0.2554,0.0101,0.0212,0.1908,-0.3126,4.8248
2026-09-16T19:56:36.215Z,0.2654,0.0121,0.0126,0.1636,-0.5701,2.5943,0.3419,0.0160,0.0214,0.2623,-0.6392,2.4423,0.2610,0.0055,0.0076,0.1952,-0.5699,4.1572
2026-09-16T19:56:37.219Z,0.2622,0.0118,0.0246,0.1661,-0.5121,4.6226,0.3848,0.0227,0.0125,0.2815,-0.6504,3.4786,0.2458,0.0245,0.0326,0.1514,-0.7368,2.3473
2026-09-16T19:56:38.225Z,0.2717,0.0082,0.0135,0.1866,-0.6064,4.9437,0.3639,0.0050,0.0119,0.3193,-0.4570,10.2350,0.2596,0.0076,0.0084,0.1634,-0.6272,4.8871
2026-09-16T19:56:39.216Z,0.2792,0.0176,0.0172,0.1601,-0.6982,2.1047,0.3803,0.0111,0.0333,0.2195,-0.6535,5.6735,0.2586,0.0065,0.0128,0.1558,-0.9924,4.0397
2026-09-16T19:56:40.251Z,0.2590,0.0128,0.0399,0.1394,-0.5454,4.6246,0.3503,0.0117,0.0138,0.1913,-0.6952,3.9908,0.2597,0.0063,0.0047,0.1032,-1.0616,4.8346
2026-09-16T19:56:41.253Z,0.2744,0.0108,0.0083,0.1636,-0.3674,4.6133,0.3970,0.0067,0.0353,0.2843,-0.6690,12.1461,0.2667,0.0161,0.0023,0.1691,-0.8214,1.7679
2026-09-16T19:56:42.263Z,0.2724,0.0152,0.0431,0.1621,-0.5879,4.2149,0.3256,0.0036,0.0205,0.2580,-0.4240,8.1176,0.2623,0.0115,0.0153,0.1538,-1.0441,1.9211
2026-09-16T19:56:43.275Z,0.2725,0.0175,0.0323,0.1563,-0.6468,2.7198,0.3964,0.0076,0.0246,0.2770,-0.4995,9.0783,0.2499,0.0189,0.0220,0.1567,-0.9102,2.5432
2026-09-16T19:56:44.278Z,0.2858,0.0254,0.0211,0.1648,-0.4976,1.4719,0.4220,0.0128,0.0369,0.3592,-0.7564,5.1106,0.2735,0.0108,0.0207,0.1333,-0.7784,2.2122
2026-09-16T19:56:45.280Z,0.2597,0.0141,0.0121,0.1473,-0.2956,2.2680,0.3873,0.0167,0.0090,0.3067,-0.7465,2.0748,0.2645,0.0168,0.0039,0.1677,-0.6921,1.7682
2026-09-16T19:56:46.283Z,0.2796,0.0054,0.0213,0.1648,0.1032,7.6055,0.4011,0.0182,0.0247,0.2862,-0.7378,3.6132,0.2609,0.0109,0.0087,0.1776,-0.4993,1.8747
2026-09-16T19:56:47.285Z,0.2723,0.0199,0.0148,0.1477,-0.3960,3.1046,0.3752,0.0055,0.0253,0.3433,-0.5578,7.6242,0.2724,0.0084,0.0063,0.1802,-0.8978,3.1257
2026-09-16T19:56:48.282Z,0.2795,0.0081,0.0160,0.1521,-0.3778,4.1706,0.4065,0.0167,0.0196,0.3167,-0.5376,4.1543,0.2503,0.0161,0.0043,0.1205,-0.7788,2.8739
2026-09-16T19:56:49.276Z,0.2869,0.0122,0.0178,0.1479,-0.5860,3.1498,0.4321,0.0200,0.0276,0.3242,-0.8017,3.4604,0.2578,0.0183,0.0161,0.1727,-0.7376,2.7478
2026-09-16T19:56:50.318Z,0.2825,0.0097,0.0251,0.1353,-0.2952,4.7877,0.4110,0.0240,0.0178,0.2058,-0.6749,3.6312,0.2719,0.0079,0.0110,0.0975,-0.5289,5.3921
2026-09-16T19:56:51.318Z,0.2760,0.0125,0.0150,0.1497,-0.8411,3.6037,0.3670,0.0083,0.0088,0.2918,-0.6895,6.7864,0.2458,0.0387,0.0323,0.1349,-0.9458,1.4373
2026-09-16T19:56:52.325Z,0.2675,0.0093,0.0105,0.1508,-0.2748,7.0845,0.3652,0.0194,0.0184,0.2756,-0.4099,2.5670,0.2643,0.0018,0.0131,0.1363,-0.4945,32.5710
2026-09-16T19:56:53.311Z,0.2674,0.0127,0.0188,0.1725,-0.3267,2.1605,0.3673,0.0101,0.0192,0.3001,-0.6995,5.1644,0.2636,0.0126,0.0027,0.1934,-0.7352,1.6371
2026-09-16T19:56:54.326Z,0.2801,0.0145,0.0294,0.1890,-0.0953,3.0783,0.4019,0.0067,0.0394,0.3114,-0.7186,11.3791,0.2600,0.0121,0.0092,0.1982,-0.4721,1.7639
2026-09-16T19:56:55.326Z,0.2763,0.0085,0.0279,0.1686,-0.1582,5.7824,0.3833,0.0427,0.0197,0.3070,-0.6840,0.9889,0.2692,0.0083,0.0097,0.1624,-0.5434,4.4960
2026-09-16T19:56:56.316Z,0.2841,0.0094,0.0273,0.1644,-0.0831,6.3447,0.3919,0.0037,0.0110,0.3124,-0.7662,19.2766,0.2595,0.0249,0.0018,0.1841,-0.5670,0.7887
2026-09-16T19:56:57.325Z,0.2814,0.0149,0.0270,0.1627,-0.2209,3.6156,0.3533,0.0121,0.0111,0.2661,-0.4869,4.6679,0.2623,0.0156,0.0093,0.1652,-0.5804,1.6837
2026-09-16T19:56:58.326Z,0.2700,0.0243,0.0190,0.1740,-0.3735,1.7847,0.3553,0.0164,0.0421,0.2989,-0.4684,3.4418,0.2592,0.0251,0.0255,0.1482,-0.8408,1.9697
2026-09-16T19:56:59.326Z,0.2617,0.0217,0.0193,0.1820,-0.2755,1.5370,0.3487,0.0079,0.0224,0.2480,-0.7807,9.0209,0.2494,0.0120,0.0141,0.1395,-0.8618,2.3503
2026-09-16T19:57:00.334Z,0.2666,0.0069,0.0454,0.1391,-0.1728,14.3140,0.3406,0.0222,0.0385,0.1680,-0.4011,4.2540,0.2461,0.0074,0.0018,0.0963,-0.6913,5.6625
2026-09-16T19:57:01.339Z,0.2627,0.0266,0.0222,0.1711,-0.5406,2.1537,0.3320,0.0050,0.0198,0.2437,-0.4741,5.7208,0.2559,0.0146,0.0193,0.1320,-0.9311,4.1236
2026-09-16T19:57:02.339Z,0.2687,0.0198,0.0194,0.1465,-0.4476,2.3250,0.3745,0.0092,0.0281,0.2826,-0.6894,7.9407,0.2584,0.0155,0.0084,0.1351,-1.0115,2.9848
2026-09-16T19:57:03.341Z,0.2740,0.0078,0.0289,0.1582,-0.5718,5.7991,0.3623,0.0065,0.0311,0.2394,-0.5647,9.1989,0.2576,0.0104,0.0139,0.1549,-0.9358,3.5671
2026-09-16T19:57:04.343Z,0.2850,0.0280,0.0271,0.1504,-0.8248,1.7056,0.3914,0.0255,0.0314,0.2486,-0.5841,2.7811,0.2587,0.0102,0.0046,0.1570,-0.9912,3.6969
2026-09-16T19:57:05.331Z,0.2675,0.0159,0.0184,0.1437,-0.5558,2.2428,0.3589,0.0188,0.0199,0.2895,-0.6076,2.2924,0.2620,0.0246,0.0114,0.1668,-0.9380,1.4947
2026-09-16T19:57:06.345Z,0.2719,0.0142,0.0225,0.1702,-0.7819,2.8916,0.3745,0.0084,0.0239,0.2477,-0.6957,7.1197,0.2537,0.0386,0.0086,0.1336,-0.7630,1.2717
2026-09-16T19:57:07.345Z,0.2784,0.0237,0.0225,0.1629,-0.4006,1.4381,0.3860,0.0126,0.0285,0.2651,-0.5845,3.2067,0.2639,0.0175,0.0230,0.1515,-0.6158,3.3430
2026-09-16T19:57:08.338Z,0.2738,0.0212,0.0196,0.1801,-0.0890,2.2409,0.3617,0.0259,0.0072,0.2545,-0.6718,1.7957,0.2623,0.0148,0.0143,0.1450,-0.4330,2.9772
2026-09-16T19:57:09.340Z,0.2768,0.0190,0.0240,0.1694,-0.5941,3.3607,0.4112,0.0205,0.0166,0.3468,-0.6676,3.5571,0.2644,0.0049,0.0095,0.1726,-0.6328,7.8743
2026-09-16T19:57:10.354Z,0.2638,0.0133,0.0313,0.1491,-0.4078,3.1264,0.3756,0.0074,0.0180,0.2557,-0.6829,7.7233,0.2527,0.0329,0.0059,0.1509,-0.9082,1.0109
2026-09-16T19:57:11.356Z,0.2706,0.0153,0.0224,0.1478,-0.5954,2.5643,0.3799,0.0168,0.0270,0.2875,-0.7698,3.0197,0.2549,0.0193,0.0143,0.1334,-0.6027,2.7102
2026-09-16T19:57:12.353Z,0.2854,0.0051,0.0306,0.1588,-0.3467,7.4910,0.3909,0.0276,0.0211,0.2995,-0.7931,1.9274,0.2670,0.0084,0.0095,0.1826,-0.7138,2.5438
2026-09-16T19:57:13.361Z,0.2870,0.0120,0.0124,0.1693,-0.1743,4.9122,0.4279,0.0362,0.0374,0.3332,-0.6955,1.3551,0.2683,0.0259,0.0193,0.1781,-0.4992,1.5934
2026-09-16T19:57:14.363Z,0.2667,0.0176,0.0309,0.1602,-0.2595,3.0516,0.3808,0.0146,0.0132,0.2746,-0.6316,4.6146,0.2596,0.0386,0.0060,0.1538,-0.7645,0.9250
2026-09-16T19:57:15.356Z,0.2654,0.0169,0.0291,0.1526,-0.5909,3.3124,0.3680,0.0273,0.0091,0.2714,-0.4025,2.4172,0.2482,0.0125,0.0131,0.1450,-0.8654,3.2556
2026-09-16T19:57:16.362Z,0.2855,0.0153,0.0243,0.1696,-0.7228,2.3246,0.4001,0.0136,0.0398,0.3371,-0.5976,3.8477,0.2653,0.0100,0.0191,0.1781,-0.7855,2.1159
2026-09-16T19:57:17.351Z,0.2715,0.0216,0.0215,0.1288,-0.6052,2.5575,0.3832,0.0063,0.0256,0.2916,-0.6646,11.1528,0.2575,0.0131,0.0202,0.1422,-0.6267,2.6338
2026-09-16T19:57:18.353Z,0.2733,0.0219,0.0146,0.1461,-0.4821,2.0802,0.3629,0.0184,0.0067,0.2266,-0.7688,2.0434,0.2625,0.0150,0.0081,0.1674,-0.6206,1.9848
2026-09-16T19:57:19.356Z,0.2537,0.0163,0.0170,0.1664,-0.2492,2.1786,0.3292,0.0077,0.0219,0.2153,-0.7175,6.6745,0.2503,0.0197,0.0043,0.1419,-0.4599,1.5193
2026-09-16T19:57:20.404Z,0.2812,0.0095,0.0497,0.0955,-0.2423,7.7215,0.4004,0.0621,0.0088,0.1683,-0.9531,1.4881,0.2658,0.0258,0.0043,0.0932,-0.5612,2.6664
2026-09-16T19:57:21.392Z,0.2752,0.0294,0.0176,0.1533,0.0670,1.5516,0.4109,0.0513,0.0220,0.2771,-1.0188,0.6184,0.2732,0.0067,0.0202,0.1582,-0.6633,6.7099
2026-09-16T19:57:22.398Z,0.2865,0.0310,0.0134,0.1553,-0.1449,1.6678,0.4113,0.0218,0.0312,0.3384,-0.8558,3.1642,0.2740,0.0064,0.0145,0.1738,-0.6413,6.5227
2026-09-16T19:57:23.405Z,0.2645,0.0284,0.0236,0.1780,-0.3993,1.8511,0.3564,0.0065,0.0169,0.2491,-0.6539,6.5961,0.2551,0.0097,0.0141,0.1643,-0.8351,3.2378
2026-09-16T19:57:24.400Z,0.2755,0.0043,0.0382,0.1934,-0.4239,10.9660,0.3825,0.0273,0.0283,0.2974,-0.6842,2.0525,0.2601,0.0138,0.0096,0.1729,-0.5609,1.7685
2026-09-16T19:57:25.406Z,0.2781,0.0078,0.0200,0.1866,-0.6517,4.0665,0.3845,0.0074,0.0161,0.3187,-0.7022,8.6017,0.2650,0.0195,0.0053,0.1858,-0.7314,1.9235
2026-09-16T19:57:26.405Z,0.2674,0.0188,0.0419,0.1777,-0.6819,3.2868,0.3341,0.0360,0.0419,0.1788,-0.5093,1.8385,0.2500,0.0181,0.0133,0.1587,-0.9336,1.5275
2026-09-16T19:57:27.399Z,0.2922,0.0202,0.0358,0.1862,-0.6917,3.3758,0.3801,0.0144,0.0197,0.2496,-0.5498,3.0750,0.2603,0.0077,0.0066,0.1551,-0.8716,3.6306
2026-09-16T19:57:28.405Z,0.2950,0.0219,0.0380,0.1622,-0.3038,2.8689,0.4544,0.0171,0.0340,0.3448,-0.8509,4.2157,0.2743,0.0306,0.0119,0.1405,-0.6027,2.0098
2026-09-16T19:57:29.405Z,0.2783,0.0100,0.0114,0.1709,-0.1168,3.9475,0.3956,0.0125,0.0361,0.2763,-0.8293,5.0293,0.2610,0.0274,0.0059,0.1708,-0.5077,0.5989
2026-09-16T19:57:30.426Z,0.2921,0.0137,0.0136,0.1144,-0.4275,6.0720,0.4142,0.0325,0.0332,0.1807,-0.7982,3.4418,0.2673,0.0098,0.0240,0.1118,-0.6390,5.2761
2026-09-16T19:57:31.425Z,0.2792,0.0065,0.0065,0.1619,-0.4382,6.9770,0.3946,0.0151,0.0175,0.2991,-0.7794,3.3417,0.2641,0.0058,0.0037,0.1713,-0.6213,4.0867
2026-09-16T19:57:32.413Z,0.2671,0.0325,0.0086,0.1629,-0.8132,1.2322,0.3519,0.0061,0.0107,0.2281,-0.5942,6.6262,0.2574,0.0245,0.0174,0.1588,-0.6850,1.7464
2026-09-16T19:57:33.422Z,0.2747,0.0298,0.0174,0.1651,-0.7810,1.5791,0.3924,0.0187,0.0137,0.3180,-0.7137,3.6141,0.2692,0.0227,0.0159,0.1784,-0.8794,1.1138
2026-09-16T19:57:34.426Z,0.2805,0.0005,0.0266,0.1627,-0.8693,83.6883,0.3819,0.0108,0.0225,0.3149,-0.6495,5.7707,0.2552,0.0209,0.0057,0.1574,-0.8374,1.7099
2026-09-16T19:57:35.413Z,0.2685,0.0353,0.0067,0.1721,-0.5954,0.7047,0.3530,0.0095,0.0145,0.2557,-0.4476,4.9378,0.2525,0.0102,0.0040,0.1672,-0.9818,3.1394
2026-09-16T19:57:36.415Z,0.2638,0.0208,0.0175,0.1578,-0.3732,1.5329,0.4052,0.0058,0.0479,0.3124,-0.6603,15.8373,0.2594,0.0114,0.0037,0.1771,-0.7034,3.8656
2026-09-16T19:57:37.410Z,0.2776,0.0176,0.0213,0.1741,-0.4028,2.8376,0.3608,0.0095,0.0029,0.2568,-0.6788,4.3636,0.2591,0.0192,0.0154,0.1668,-0.8062,1.5177
2026-09-16T19:57:38.422Z,0.2767,0.0054,0.0255,0.1740,-0.3714,9.8817,0.3625,0.0146,0.0133,0.2818,-0.8087,4.9222,0.2599,0.0217,0.0077,0.1672,-0.8412,1.5164
2026-09-16T19:57:39.424Z,0.2799,0.0171,0.0335,0.1816,-0.2236,3.8928,0.3965,0.0311,0.0386,0.3100,-0.8027,2.6421,0.2604,0.0114,0.0066,0.1820,-0.6741,2.0434
2026-09-16T19:57:40.443Z,0.2767,0.0104,0.0121,0.1191,-0.4676,6.2727,0.3902,0.0535,0.0181,0.2029,-0.8123,1.2355,0.2602,0.0121,0.0072,0.1027,-0.5535,4.3920
2026-09-16T19:57:41.444Z,0.2900,0.0245,0.0148,0.1474,-0.5263,1.9381,0.4294,0.0212,0.0335,0.3193,-0.8335,3.0189,0.2791,0.0131,0.0046,0.1712,-0.5299,4.2330
2026-09-16T19:57:42.433Z,0.2810,0.0246,0.0224,0.1561,-0.5710,2.5159,0.3670,0.0216,0.0292,0.2553,-0.7136,2.7483,0.2652,0.0147,0.0124,0.1629,-0.6860,2.1030
2026-09-16T19:57:43.446Z,0.2752,0.0166,0.0236,0.1655,-0.6787,2.4506,0.3797,0.0503,0.0071,0.2525,-0.7954,1.2270,0.2647,0.0090,0.0071,0.1558,-0.6088,5.1467
2026-09-16T19:57:44.442Z,0.2814,0.0350,0.0217,0.1556,-0.6718,1.8364,0.4043,0.0475,0.0083,0.2639,-0.7943,0.8505,0.2720,0.0175,0.0109,0.1729,-0.6914,2.0356
2026-09-16T19:57:45.440Z,0.2836,0.0019,0.0291,0.1845,-0.6923,20.5678,0.4071,0.0156,0.0321,0.3439,-0.5101,5.5604,0.2693,0.0092,0.0056,0.1756,-0.5305,3.6213
2026-09-16T19:57:46.441Z,0.2858,0.0277,0.0053,0.1847,-0.5926,1.3368,0.3946,0.0166,0.0465,0.3078,-0.8125,3.4162,0.2590,0.0227,0.0174,0.1816,-0.5908,1.8001
2026-09-16T19:57:47.445Z,0.2841,0.0252,0.0051,0.1664,-0.6400,1.4208,0.3750,0.0083,0.0168,0.2883,-0.6703,4.8627,0.2565,0.0297,0.0119,0.1435,-0.7232,1.2005
2026-09-16T19:57:48.446Z,0.2664,0.0074,0.0198,0.1889,-0.4563,5.8283,0.3302,0.0099,0.0193,0.2278,-0.7580,6.0054,0.2479,0.0446,0.0059,0.1547,-0.6325,0.9287
2026-09-16T19:57:49.444Z,0.2765,0.0184,0.0223,0.1937,-0.2441,2.2187,0.3786,0.0278,0.0183,0.2681,-0.6453,1.0459,0.2606,0.0240,0.0150,0.1295,-0.9284,1.4631
2026-09-16T19:57:50.451Z,0.2553,0.0286,0.0363,0.1217,-0.0062,1.5647,0.3618,0.0134,0.0238,0.2203,-0.3470,4.0248,0.2539,0.0249,0.0230,0.1279,-0.5569,1.2870
2026-09-16T19:57:51.464Z,0.2506,0.0047,0.0469,0.1501,-0.2270,11.8579,0.3503,0.0341,0.0429,0.2461,-0.2979,1.9743,0.2446,0.0184,0.0165,0.1214,-0.9533,1.8343
2026-09-16T19:57:52.466Z,0.2661,0.0180,0.0158,0.1759,-0.5939,2.0963,0.3433,0.0161,0.0534,0.2259,-0.4555,4.0734,0.2338,0.0068,0.0116,0.1444,-0.9326,4.6371
2026-09-16T19:57:53.467Z,0.2675,0.0300,0.0218,0.1639,-0.6933,1.1997,0.3692,0.0279,0.0309,0.2734,-0.7013,1.8646,0.2407,0.0142,0.0069,0.1500,-0.5306,1.9546
2026-09-16T19:57:54.460Z,0.2800,0.0152,0.0108,0.1629,-0.4726,2.1005,0.3653,0.0393,0.0209,0.2858,-0.4890,0.8147,0.2516,0.0283,0.0160,0.1532,-0.4603,1.6151
2026-09-16T19:57:55.458Z,0.2815,0.0060,0.0222,0.1877,-0.4852,7.2692,0.3672,0.0259,0.0296,0.2375,-0.3723,2.5750,0.2532,0.0115,0.0126,0.1412,-0.3140,2.7519
2026-09-16T19:57:56.458Z,0.2786,0.0141,0.0206,0.1757,-0.2826,2.4683,0.3982,0.0075,0.0183,0.3569,-0.7330,5.9180,0.2642,0.0187,0.0149,0.1689,-0.6048,1.9118
2026-09-16T19:57:57.458Z,0.2650,0.0129,0.0146,0.1700,-0.2298,2.6284,0.3611,0.0263,0.0124,0.2490,-0.7311,1.6680,0.2472,0.0279,0.0059,0.1297,-0.5999,1.0004
2026-09-16T19:57:58.466Z,0.2589,0.0242,0.0341,0.1663,0.1049,2.5209,0.3770,0.0203,0.0047,0.2317,-0.8305,2.3113,0.2459,0.0025,0.0232,0.1295,-0.4680,10.7669
2026-09-16T19:57:59.465Z,0.2600,0.0175,0.0192,0.1399,0.0397,3.2274,0.3829,0.0254,0.0071,0.3470,-0.7057,2.8102,0.2463,0.0056,0.0269,0.1531,-0.6909,5.8537
2026-09-16T19:58:00.485Z,0.2736,0.0209,0.0091,0.0939,-0.4959,4.5167,0.3741,0.0051,0.0148,0.1759,-0.6067,18.2431,0.2533,0.0159,0.0186,0.0828,-0.8869,2.2047
2026-09-16T19:58:01.485Z,0.2665,0.0163,0.0180,0.1711,-0.3408,2.6710,0.3432,0.0133,0.0242,0.2464,-0.1300,4.6517,0.2478,0.0207,0.0081,0.1348,-0.9354,1.9610
2026-09-16T19:58:02.485Z,0.2581,0.0213,0.0192,0.1570,-0.4884,2.1004,0.3610,0.0133,0.0169,0.2787,-0.6122,3.9432,0.2425,0.0184,0.0230,0.1504,-0.7942,2.2140
2026-09-16T19:58:03.485Z,0.2765,0.0203,0.0109,0.1555,-0.6940,1.9895,0.3463,0.0188,0.0313,0.2431,-0.4977,3.5388,0.2425,0.0075,0.0102,0.1348,-0.9162,4.3160
2026-09-16T19:58:04.484Z,0.2636,0.0164,0.0191,0.1629,-0.6372,3.6750,0.3611,0.0209,0.0256,0.2683,-0.5125,4.6989,0.2498,0.0254,0.0092,0.1590,-0.7731,1.2716
2026-09-16T19:58:05.485Z,0.2646,0.0067,0.0127,0.1811,-0.7380,4.0284,0.3258,0.0260,0.0305,0.1880,-0.3118,2.5303,0.2459,0.0159,0.0074,0.1461,-0.6692,1.9989
2026-09-16T19:58:06.485Z,0.2719,0.0057,0.0293,0.1873,-0.6451,6.6233,0.3888,0.0015,0.0301,0.3188,-0.6641,37.7678,0.2588,0.0316,0.0213,0.1493,-0.7269,1.3722
2026-09-16T19:58:07.486Z,0.2698,0.0118,0.0310,0.1717,-0.1859,3.8425,0.3853,0.0204,0.0202,0.3491,-0.6154,2.5140,0.2576,0.0187,0.0135,0.1614,-0.5126,1.5970
2026-09-16T19:58:08.484Z,0.2770,0.0168,0.0086,0.1885,-0.3860,2.6993,0.3513,0.0116,0.0050,0.2589,-0.6864,5.6564,0.2517,0.0295,0.0115,0.1718,-0.4906,1.0675
2026-09-16T19:58:09.485Z,0.2723,0.0074,0.0058,0.1859,-0.3619,5.6833,0.3463,0.0209,0.0084,0.2723,-0.5809,3.0403,0.2475,0.0054,0.0085,0.1589,-0.5870,5.5796
2026-09-16T19:58:10.519Z,0.2731,0.0258,0.0226,0.1450,-0.2091,2.7063,0.3752,0.0239,0.0668,0.2163,-0.8299,4.1069,0.2482,0.0084,0.0223,0.0960,-0.8217,6.1220
2026-09-16T19:58:11.524Z,0.2761,0.0098,0.0174,0.1237,-0.4131,4.4215,0.3457,0.0383,0.0323,0.2440,-0.1598,1.6566,0.2496,0.0115,0.0197,0.1314,-0.8279,3.5713
2026-09-16T19:58:12.525Z,0.2813,0.0173,0.0240,0.1984,-0.6175,2.3221,0.4177,0.0120,0.0453,0.3297,-0.6181,5.8308,0.2640,0.0127,0.0279,0.1641,-0.5101,2.9421
2026-09-16T19:58:13.526Z,0.2789,0.0113,0.0298,0.1918,-0.3218,3.9645,0.3957,0.0124,0.0190,0.2999,-0.4704,4.4539,0.2605,0.0236,0.0216,0.1642,-0.5459,1.2908
2026-09-16T19:58:14.525Z,0.2690,0.0153,0.0251,0.1702,-0.0375,2.3096,0.3770,0.0179,0.0216,0.2803,-0.7952,2.6498,0.2416,0.0112,0.0098,0.1500,-0.6752,2.8961
2026-09-16T19:58:15.525Z,0.2629,0.0259,0.0034,0.1361,-0.5257,2.0036,0.3676,0.0189,0.0030,0.2874,-0.6129,2.4863,0.2524,0.0250,0.0051,0.1507,-0.7201,1.3342
2026-09-16T19:58:16.522Z,0.2872,0.0004,0.0482,0.1780,-0.6641,156.1354,0.4081,0.0172,0.0146,0.3140,-0.6659,3.2376,0.2584,0.0179,0.0205,0.1750,-0.4205,1.9032
2026-09-16T19:58:17.525Z,0.2687,0.0071,0.0308,0.1695,-0.3168,6.2579,0.3726,0.0193,0.0200,0.2609,-0.5731,1.8896,0.2561,0.0157,0.0077,0.1408,-0.8022,1.8480
2026-09-16T19:58:18.525Z,0.2741,0.0021,0.0169,0.1846,-0.4672,16.4180,0.4000,0.0205,0.0183,0.3322,-0.6422,3.1383,0.2460,0.0284,0.0246,0.1045,-0.5191,1.8246
2026-09-16T19:58:19.516Z,0.2748,0.0170,0.0159,0.1720,-0.3256,2.3685,0.3837,0.0178,0.0104,0.2911,-0.7173,1.9002,0.2437,0.0288,0.0144,0.1557,-0.6360,1.5098
2026-09-16T19:58:20.565Z,0.2862,0.0166,0.0085,0.0938,-0.7399,2.9076,0.4043,0.0024,0.0202,0.1804,-0.4947,37.6110,0.2564,0.0230,0.0133,0.0685,-0.7229,3.2693
2026-09-16T19:58:21.558Z,0.2791,0.0104,0.0156,0.1696,-0.1600,3.1982,0.3952,0.0383,0.0207,0.2882,-0.6210,1.5065,0.2586,0.0187,0.0163,0.1462,-0.5249,2.3237
2026-09-16T19:58:22.560Z,0.2770,0.0134,0.0223,0.1894,-0.2472,3.8188,0.3910,0.0127,0.0200,0.2824,-0.6771,4.0536,0.2579,0.0187,0.0085,0.1687,-0.7985,1.7865
2026-09-16T19:58:23.563Z,0.2816,0.0119,0.0073,0.1761,-0.5455,2.6015,0.3964,0.0097,0.0219,0.2908,-0.6219,5.3209,0.2490,0.0333,0.0170,0.1729,-0.5354,0.8185
2026-09-16T19:58:24.558Z,0.2998,0.0133,0.0273,0.2179,-0.5352,4.2278,0.4528,0.0289,0.0181,0.3267,-0.7636,3.2319,0.2685,0.0148,0.0124,0.1858,-0.3659,1.8434
2026-09-16T19:58:25.558Z,0.2845,0.0187,0.0308,0.1896,-0.1689,2.2803,0.4281,0.0145,0.0178,0.3572,-0.7830,5.1226,0.2756,0.0177,0.0061,0.1845,-0.5450,1.3871
2026-09-16T19:58:26.561Z,0.2817,0.0161,0.0069,0.1866,-0.2293,2.4516,0.4191,0.0400,0.0265,0.3212,-0.5709,1.6715,0.2618,0.0125,0.0017,0.1561,-0.6903,2.8434
2026-09-16T19:58:27.565Z,0.2841,0.0136,0.0165,0.1693,-0.5158,2.9836,0.4181,0.0140,0.0174,0.3334,-0.6343,3.8012,0.2547,0.0147,0.0100,0.1768,-0.4086,1.6671
2026-09-16T19:58:28.566Z,0.2690,0.0347,0.0235,0.1605,-0.6314,1.3128,0.3722,0.0239,0.0250,0.2944,-0.5705,2.1795,0.2488,0.0250,0.0153,0.1499,-0.6104,1.0456
2026-09-16T19:58:29.564Z,0.2707,0.0094,0.0410,0.1820,-0.3524,5.3257,0.3552,0.0098,0.0304,0.2747,-0.6313,6.5842,0.2419,0.0080,0.0164,0.1570,-0.6058,3.3525
2026-09-16T19:58:30.584Z,0.2690,0.0261,0.0129,0.1431,-0.0517,1.6643,0.3913,0.0186,0.0230,0.2972,-0.8164,2.5715,0.2547,0.0112,0.0314,0.1287,-0.5616,5.1237
2026-09-16T19:58:31.603Z,0.2769,0.0201,0.0205,0.1594,-0.4193,2.0973,0.4022,0.0232,0.0073,0.3036,-0.7362,1.8712,0.2577,0.0306,0.0137,0.1340,-0.6467,1.4620
2026-09-16T19:58:32.601Z,0.2705,0.0223,0.0074,0.1831,-0.6153,1.8353,0.3798,0.0438,0.0468,0.2507,-0.6667,1.5868,0.2533,0.0278,0.0152,0.1240,-0.7727,1.4394
2026-09-16T19:58:33.606Z,0.2736,0.0051,0.0190,0.1740,-0.6120,7.8280,0.3497,0.0064,0.0171,0.2404,-0.2320,12.7709,0.2521,0.0238,0.0135,0.1516,-0.5809,1.3950
2026-09-16T19:58:34.604Z,0.2804,0.0089,0.0030,0.1811,-0.3813,3.7155,0.3554,0.0238,0.0286,0.2091,-0.4466,2.5249,0.2481,0.0043,0.0080,0.1622,-0.5252,5.3460
2026-09-16T19:58:35.604Z,0.2592,0.0054,0.0275,0.1793,0.1202,7.1742,0.3477,0.0136,0.0219,0.2703,-0.4591,3.1795,0.2492,0.0289,0.0045,0.1339,-0.6690,0.7267
2026-09-16T19:58:36.605Z,0.2722,0.0093,0.0152,0.1621,-0.3622,4.2185,0.3750,0.0158,0.0206,0.2636,-0.5541,2.6432,0.2551,0.0187,0.0190,0.1427,-0.8218,2.6376
2026-09-16T19:58:37.605Z,0.2757,0.0021,0.0280,0.1926,-0.8131,15.9373,0.3312,0.0473,0.0209,0.2151,-0.4685,1.1249,0.2454,0.0023,0.0058,0.1501,-0.5175,14.5988
2026-09-16T19:58:38.607Z,0.2795,0.0018,0.0152,0.1910,-0.5113,17.9523,0.3692,0.0318,0.0095,0.2321,-0.6036,1.1807,0.2435,0.0162,0.0059,0.1430,-0.6287,2.1465
2026-09-16T19:58:39.605Z,0.2670,0.0016,0.0300,0.2105,-0.2277,25.0962,0.3530,0.0143,0.0142,0.2501,-0.7659,4.6127,0.2500,0.0148,0.0051,0.1370,-0.5385,1.9878
2026-09-16T19:58:40.640Z,0.2563,0.0066,0.0238,0.0976,-0.1288,7.7962,0.3798,0.0008,0.0150,0.2191,-0.5966,65.7462,0.2590,0.0003,0.0134,0.1005,-0.7621,90.7851
2026-09-16T19:58:41.640Z,0.2825,0.0300,0.0297,0.1591,-0.6075,1.7879,0.3750,0.0105,0.0240,0.2445,-0.4760,8.1446,0.2476,0.0152,0.0167,0.1408,-0.5783,1.9704
2026-09-16T19:58:42.640Z,0.2847,0.0156,0.0219,0.1788,-0.2588,2.4337,0.3525,0.0137,0.0408,0.2376,-0.5664,3.8179,0.2570,0.0357,0.0190,0.1376,-0.6428,0.8951
2026-09-16T19:58:43.640Z,0.2701,0.0074,0.0198,0.1718,-0.3324,5.5920,0.3859,0.0480,0.0162,0.2794,-0.7547,1.1432,0.2626,0.0198,0.0190,0.1407,-0.7517,1.8867
2026-09-16T19:58:44.645Z,0.2880,0.0176,0.0121,0.1673,-0.5328,2.1319,0.4518,0.0101,0.0226,0.3878,-0.7921,6.4907,0.2605,0.0217,0.0070,0.1472,-0.7697,0.5720
2026-09-16T19:58:45.646Z,0.2820,0.0116,0.0360,0.1775,-0.7453,4.0889,0.3978,0.0170,0.0408,0.2583,-0.6598,2.6892,0.2541,0.0223,0.0109,0.1594,-0.7232,1.0955
2026-09-16T19:58:46.640Z,0.2793,0.0237,0.0344,0.1810,-0.4168,2.2006,0.4096,0.0056,0.0540,0.3095,-0.6303,13.5577,0.2574,0.0224,0.0133,0.1618,-0.4378,1.0869
2026-09-16T19:58:47.639Z,0.2815,0.0041,0.0308,0.1514,-0.1521,11.3511,0.4337,0.0144,0.0094,0.3663,-0.8240,4.0833,0.2662,0.0288,0.0213,0.1626,-0.7167,1.3653
2026-09-16T19:58:48.645Z,0.2821,0.0017,0.0130,0.1852,-0.6799,21.2904,0.3984,0.0132,0.0088,0.3188,-0.5602,4.7302,0.2601,0.0220,0.0124,0.1594,-0.8591,2.1597
2026-09-16T19:58:49.644Z,0.2823,0.0217,0.0137,0.1662,-0.4305,2.0419,0.3837,0.0186,0.0059,0.3282,-0.5433,2.8701,0.2578,0.0268,0.0128,0.1640,-0.7172,1.3712
2026-09-16T19:58:50.685Z,0.2714,0.0326,0.0025,0.1069,-0.2633,1.3144,0.3800,0.0323,0.0126,0.1778,-0.6183,1.1662,0.2582,0.0262,0.0042,0.1098,-0.7221,1.7420
2026-09-16T19:58:51.684Z,0.2651,0.0033,0.0275,0.1670,-0.2227,15.9282,0.3665,0.0145,0.0026,0.2510,-0.4910,2.2069,0.2562,0.0097,0.0065,0.1474,-1.0387,5.6035
2026-09-16T19:58:52.686Z,0.2752,0.0157,0.0229,0.1767,-0.8476,2.8638,0.3739,0.0196,0.0200,0.2832,-0.5630,2.4243,0.2631,0.0101,0.0116,0.1570,-0.8901,1.8331
2026-09-16T19:58:53.685Z,0.2723,0.0152,0.0138,0.1593,-0.5718,2.5621,0.3997,0.0233,0.0196,0.2806,-0.7786,2.2439,0.2609,0.0258,0.0134,0.1778,-0.6526,1.3612
2026-09-16T19:58:54.684Z,0.2783,0.0083,0.0152,0.1803,-0.3940,4.1230,0.3774,0.0138,0.0259,0.2946,-0.5514,3.5614,0.2632,0.0128,0.0151,0.1784,-0.5258,2.4545
2026-09-16T19:58:55.685Z,0.2725,0.0133,0.0216,0.1603,-0.0774,2.3791,0.3942,0.0216,0.0134,0.3029,-0.7015,2.7287,0.2663,0.0178,0.0195,0.1727,-0.5418,1.9299
2026-09-16T19:58:56.684Z,0.2686,0.0341,0.0160,0.1611,-0.1476,1.3163,0.4049,0.0354,0.0301,0.3022,-0.6555,1.7723,0.2531,0.0079,0.0207,0.1682,-0.8154,4.1273
2026-09-16T19:58:57.683Z,0.2712,0.0201,0.0425,0.1749,-0.1795,2.6696,0.3973,0.0170,0.0340,0.3254,-0.6900,3.3103,0.2599,0.0096,0.0058,0.1729,-0.8071,2.0867
2026-09-16T19:58:58.684Z,0.2642,0.0123,0.0192,0.1457,-0.8234,4.8962,0.3659,0.0256,0.0285,0.2660,-0.4315,1.8713,0.2482,0.0124,0.0183,0.1372,-0.5458,2.3527
2026-09-16T19:58:59.679Z,0.2784,0.0051,0.0135,0.1846,-0.4497,3.8587,0.3815,0.0105,0.0134,0.3087,-0.3822,6.6466,0.2699,0.0065,0.0226,0.1875,-0.5505,4.3187
2026-09-16T19:59:00.699Z,0.2808,0.0140,0.0302,0.1395,-0.2860,4.4710,0.3848,0.0136,0.0199,0.2454,-0.7386,3.9116,0.2595,0.0328,0.0053,0.1336,-0.7257,1.4129
2026-09-16T19:59:01.704Z,0.2873,0.0207,0.0126,0.1646,-0.2152,3.1339,0.3909,0.0123,0.0282,0.2778,-0.7361,5.0158,0.2622,0.0152,0.0123,0.1750,-0.6003,2.5898
2026-09-16T19:59:02.705Z,0.2760,0.0076,0.0185,0.1823,-0.1746,6.5015,0.3792,0.0129,0.0265,0.2531,-0.5429,4.0709,0.2682,0.0416,0.0167,0.1461,-0.8076,0.6317
2026-09-16T19:59:03.706Z,0.2819,0.0083,0.0179,0.1660,-0.0647,6.0339,0.4317,0.0260,0.0267,0.3475,-0.7628,2.2603,0.2671,0.0125,0.0065,0.1514,-0.7114,1.4791
2026-09-16T19:59:04.704Z,0.2697,0.0090,0.0140,0.1546,-0.3121,4.6257,0.4158,0.0244,0.0270,0.3814,-0.6480,2.4824,0.2674,0.0087,0.0121,0.1901,-0.8360,2.7132
2026-09-16T19:59:05.701Z,0.2906,0.0036,0.0410,0.1740,-0.4819,16.1479,0.4315,0.0124,0.0245,0.3619,-0.7091,4.4813,0.2643,0.0144,0.0255,0.1710,-0.6984,2.2686
2026-09-16T19:59:06.700Z,0.2824,0.0102,0.0150,0.1937,-0.6695,2.6080,0.4175,0.0180,0.0250,0.2957,-0.5174,2.6601,0.2659,0.0235,0.0062,0.1738,-0.6274,1.6643
2026-09-16T19:59:07.706Z,0.2832,0.0053,0.0082,0.1851,-0.6592,5.2355,0.4236,0.0336,0.0345,0.3393,-0.8269,2.1719,0.2573,0.0153,0.0081,0.1507,-0.4371,1.9917
2026-09-16T19:59:08.705Z,0.2905,0.0026,0.0312,0.1870,-0.2194,15.1888,0.4375,0.0232,0.0381,0.3712,-0.7426,3.0329,0.2758,0.0333,0.0266,0.1735,-0.4553,1.2737
2026-09-16T19:59:09.700Z,0.2818,0.0042,0.0292,0.1511,-0.1156,10.9685,0.4369,0.0090,0.0239,0.3740,-0.6509,9.5611,0.2766,0.0131,0.0101,0.1751,-0.6705,3.1325
2026-09-16T19:59:10.725Z,0.2730,0.0221,0.0193,0.1531,-0.3923,2.3559,0.3757,0.0183,0.0212,0.2683,-0.5888,2.4234,0.2591,0.0090,0.0163,0.1270,-0.6792,5.5081
2026-09-16T19:59:11.735Z,0.2658,0.0127,0.0226,0.1284,-0.8386,3.2063,0.3957,0.0187,0.0461,0.2940,-0.5572,2.8538,0.2571,0.0199,0.0201,0.1357,-0.5937,1.9928
2026-09-16T19:59:12.737Z,0.3082,0.0268,0.0024,0.1905,-0.4049,2.0506,0.4577,0.0298,0.0184,0.3603,-0.7431,2.6558,0.2755,0.0231,0.0083,0.1663,-0.4269,1.3455
2026-09-16T19:59:13.745Z,0.2617,0.0146,0.0187,0.1602,-0.0151,2.2183,0.3846,0.0130,0.0093,0.2898,-0.6698,2.3246,0.2638,0.0196,0.0042,0.1645,-0.7676,1.2865
2026-09-16T19:59:14.744Z,0.2780,0.0227,0.0271,0.1780,-0.4650,2.0913,0.4105,0.0277,0.0236,0.3459,-0.6256,1.2157,0.2628,0.0357,0.0070,0.1546,-0.8864,0.9362
2026-09-16T19:59:15.744Z,0.2799,0.0092,0.0273,0.1811,-0.7243,3.9340,0.3871,0.0133,0.0313,0.2901,-0.5890,3.8283,0.2545,0.0288,0.0066,0.1647,-0.8367,0.8507
2026-09-16T19:59:16.745Z,0.2913,0.0082,0.0199,0.1708,-0.3024,6.1327,0.4322,0.0297,0.0274,0.3464,-0.6721,1.1940,0.2732,0.0037,0.0186,0.1883,-0.4765,9.9165
2026-09-16T19:59:17.745Z,0.2972,0.0152,0.0107,0.1711,-0.4895,2.1642,0.4439,0.0204,0.0045,0.4103,-0.7726,4.3525,0.2765,0.0193,0.0027,0.1830,-0.9014,2.0760
2026-09-16T19:59:18.742Z,0.2856,0.0068,0.0220,0.1858,-0.6388,5.0622,0.4289,0.0239,0.0386,0.3826,-0.8157,2.7437,0.2657,0.0135,0.0112,0.1467,-0.7835,2.7745
2026-09-16T19:59:19.742Z,0.2837,0.0117,0.0234,0.2123,-0.4892,3.0667,0.3831,0.0047,0.0302,0.2960,-0.5217,10.5314,0.2554,0.0140,0.0075,0.1331,-0.7364,3.4382
2026-09-16T19:59:20.756Z,0.2683,0.0261,0.0351,0.1667,-0.2229,1.6717,0.3941,0.0027,0.0278,0.3249,-0.6731,15.6186,0.2596,0.0222,0.0116,0.1610,-0.7902,2.0901
2026-09-16T19:59:21.752Z,0.2708,0.0063,0.0269,0.1503,-0.5681,6.1435,0.3530,0.0120,0.0285,0.1916,-0.1871,4.4937,0.2460,0.0070,0.0115,0.1230,-0.8576,4.7829
2026-09-16T19:59:22.762Z,0.2669,0.0082,0.0157,0.1428,-0.6095,7.5494,0.3972,0.0047,0.0294,0.3493,-0.5464,17.3465,0.2710,0.0147,0.0146,0.1543,-0.5056,3.5542
2026-09-16T19:59:23.756Z,0.2781,0.0072,0.0346,0.1858,-0.1572,6.0441,0.3774,0.0105,0.0314,0.2680,-0.7444,5.5408,0.2551,0.0223,0.0111,0.1571,-0.7113,0.8959
2026-09-16T19:59:24.756Z,0.2845,0.0163,0.0289,0.1602,-0.0238,2.7962,0.4362,0.0078,0.0171,0.3423,-0.7312,8.4178,0.2728,0.0247,0.0154,0.1512,-0.5959,1.8070
2026-09-16T19:59:25.758Z,0.2722,0.0192,0.0186,0.1576,-0.3435,1.9928,0.3761,0.0312,0.0207,0.3094,-0.6543,1.3023,0.2660,0.0031,0.0195,0.1482,-0.8755,7.5457
2026-09-16T19:59:26.765Z,0.2824,0.0194,0.0071,0.1568,-0.0245,1.6506,0.4257,0.0025,0.0065,0.3333,-0.4837,20.4294,0.2618,0.0304,0.0181,0.1631,-0.7253,1.5064
2026-09-16T19:59:27.762Z,0.2890,0.0054,0.0244,0.1834,-0.6468,9.0348,0.4062,0.0239,0.0180,0.3454,-0.4834,3.1415,0.2684,0.0140,0.0056,0.1902,-0.8757,1.8188
2026-09-16T19:59:28.766Z,0.2730,0.0104,0.0245,0.1718,-0.5176,4.8724,0.3666,0.0193,0.0225,0.2825,-0.6126,3.6660,0.2515,0.0195,0.0070,0.1415,-0.8303,1.0354
2026-09-16T19:59:29.756Z,0.2741,0.0079,0.0152,0.1755,-0.6037,5.2894,0.3557,0.0087,0.0197,0.2275,-0.3061,8.7564,0.2482,0.0137,0.0242,0.1661,-0.9013,3.4754
2026-09-16T19:59:30.785Z,0.2702,0.0231,0.0291,0.1341,-0.5106,2.5827,0.3918,0.0152,0.0180,0.2336,-0.6763,3.0418,0.2597,0.0130,0.0072,0.1020,-0.8637,5.4479
2026-09-16T19:59:31.782Z,0.2628,0.0219,0.0350,0.1269,-0.0974,2.5317,0.3806,0.0280,0.0313,0.2534,-0.3534,2.3643,0.2484,0.0128,0.0091,0.1566,-0.8574,1.4120
2026-09-16T19:59:32.782Z,0.2651,0.0204,0.0272,0.1535,-0.3968,2.3652,0.3852,0.0083,0.0152,0.2976,-0.5292,6.8480,0.2665,0.0146,0.0166,0.1627,-0.9236,2.5141
2026-09-16T19:59:33.784Z,0.2810,0.0116,0.0299,0.1921,-0.5598,3.5428,0.3786,0.0182,0.0433,0.2880,-0.5382,3.2330,0.2506,0.0125,0.0016,0.1588,-0.9137,0.8618
2026-09-16T19:59:34.784Z,0.2853,0.0271,0.0093,0.1723,-0.4392,2.0694,0.3883,0.0227,0.0070,0.3216,-0.5560,3.4330,0.2561,0.0404,0.0069,0.1387,-0.8359,0.8230
2026-09-16T19:59:35.785Z,0.2842,0.0013,0.0111,0.1759,-0.5315,23.2831,0.3960,0.0135,0.0173,0.3085,-0.5485,4.5384,0.2581,0.0200,0.0077,0.1678,-1.0356,1.3756
2026-09-16T19:59:36.785Z,0.2775,0.0176,0.0280,0.1750,-0.6358,2.9234,0.4031,0.0271,0.0159,0.2948,-0.6717,1.9769,0.2705,0.0088,0.0183,0.1585,-0.8079,3.5807
2026-09-16T19:59:37.786Z,0.2796,0.0196,0.0235,0.1833,-0.4919,1.4760,0.4245,0.0105,0.0302,0.3168,-0.7048,7.8749,0.2658,0.0133,0.0086,0.1546,-0.9550,2.3067
2026-09-16T19:59:38.784Z,0.3058,0.0133,0.0236,0.1933,1.5125,5.1351,0.6623,0.0895,0.0311,0.5212,0.2599,0.7599,0.3264,0.0214,0.0046,0.2066,0.8301,1.2545
2026-09-16T19:59:39.786Z,0.2107,0.0379,0.0185,0.0942,0.4760,2.7969,0.5951,0.0319,0.0460,0.2431,1.0398,5.8325,0.4615,0.0292,0.0104,0.1948,-0.6082,2.1393
2026-09-16T19:59:40.805Z,0.3201,0.0156,0.0237,0.1777,-0.5150,3.4094,0.5662,0.0562,0.0298,0.3284,-0.6337,1.6883,0.3800,0.0166,0.0102,0.1408,-0.2490,6.4300
2026-09-16T19:59:41.802Z,0.3063,0.0086,0.0352,0.1621,0.3566,10.5919,0.6919,0.0357,0.0365,0.6232,-0.7408,2.6838,0.4555,0.0328,0.0532,0.1898,0.3798,2.6702
2026-09-16T19:59:42.800Z,0.3155,0.0247,0.0141,0.1312,-0.0592,3.3982,0.6424,0.0183,0.0408,0.4559,-0.6579,3.9818,0.4353,0.0267,0.0222,0.1554,0.3442,2.1181
2026-09-16T19:59:43.805Z,0.2994,0.0219,0.0347,0.1766,-0.1265,5.0850,0.5406,0.0639,0.0833,0.4442,-0.4325,1.9107,0.3864,0.0171,0.0390,0.2086,-0.3225,2.7467
2026-09-16T19:59:44.804Z,0.2807,0.0229,0.0159,0.1461,-0.1065,5.6867,0.4957,0.0393,0.0599,0.3377,-0.1420,2.5163,0.3603,0.0307,0.0261,0.2340,-0.3064,1.5024
2026-09-16T19:59:45.805Z,0.3057,0.0235,0.0392,0.1749,-0.2875,5.4599,0.5148,0.0445,0.0836,0.3774,-0.5943,3.3706,0.3799,0.0411,0.0153,0.2194,-0.0216,1.3559
2026-09-16T19:59:46.805Z,0.2799,0.0201,0.0405,0.1233,-0.2206,6.6345,0.4709,0.0217,0.0510,0.2927,-0.2730,3.8854,0.3788,0.0225,0.0378,0.1925,-0.6100,2.8252
2026-09-16T19:59:47.805Z,0.3134,0.0021,0.0274,0.1870,-0.1622,60.6591,0.5506,0.0184,0.0528,0.4674,-0.6049,5.1757,0.3890,0.0233,0.0517,0.2010,-0.3896,3.0714
2026-09-16T19:59:48.805Z,0.3289,0.0180,0.0296,0.2032,-0.1632,8.6724,0.6173,0.0325,0.0819,0.5780,-0.6043,4.6437,0.4228,0.0376,0.0362,0.2900,0.2085,2.2352
2026-09-16T19:59:49.804Z,0.3467,0.0450,0.0208,0.2181,-0.1742,1.8383,0.6938,0.0291,0.0822,0.6458,-0.6061,3.9180,0.5205,0.0125,0.0380,0.2182,-0.3828,5.1019
2026-09-16T19:59:50.819Z,0.3297,0.0246,0.0714,0.1637,0.0143,3.9445,0.7024,0.0447,0.0866,0.4860,-0.8848,4.2275,0.4612,0.0313,0.0079,0.1725,0.0872,2.6416
2026-09-16T19:59:51.837Z,0.3396,0.0282,0.0294,0.1720,-0.2080,2.8495,0.7004,0.0353,0.0972,0.4774,-0.6104,3.5489,0.4800,0.0580,0.0411,0.1790,-0.0242,1.0286
2026-09-16T19:59:52.844Z,0.3531,0.0071,0.0463,0.2296,-0.0176,15.5185,0.7134,0.0818,0.0326,0.5955,-0.6805,1.6814,0.4558,0.0239,0.0626,0.1770,-0.3456,3.7696
2026-09-16T19:59:53.845Z,0.3175,0.0150,0.0150,0.1857,-0.1345,6.9574,0.6222,0.0176,0.1059,0.5495,-0.7255,7.7864,0.4272,0.0047,0.0321,0.2173,-0.2188,11.0526
2026-09-16T19:59:54.838Z,0.2841,0.0224,0.0252,0.1684,0.0664,6.0228,0.5228,0.0240,0.0728,0.4788,-0.5559,4.6446,0.3720,0.0326,0.0232,0.1891,-0.1748,1.4452
2026-09-16T19:59:55.846Z,0.2769,0.0130,0.0329,0.1571,-0.2024,9.5875,0.5014,0.0554,0.0149,0.4116,-0.4013,1.1166,0.3300,0.0252,0.0297,0.1563,-0.0395,2.8446
2026-09-16T19:59:56.834Z,0.2686,0.0285,0.0104,0.1474,-0.1870,4.6657,0.4499,0.0262,0.0435,0.2821,-0.3332,3.9346,0.3198,0.0196,0.0056,0.1767,-0.6213,1.9465
2026-09-16T19:59:57.840Z,0.2550,0.0130,0.0382,0.1469,-0.0417,11.7147,0.4456,0.0246,0.0391,0.2438,-0.4352,3.8679,0.2546,0.0275,0.0037,0.1444,-0.7186,1.8149
2026-09-16T19:59:58.845Z,0.2657,0.0273,0.0359,0.1352,-0.2651,5.2253,0.4599,0.0391,0.0183,0.3131,-0.5064,3.1054,0.2675,0.0117,0.0188,0.1618,-0.1812,4.4283
2026-09-16T19:59:59.835Z,0.2747,0.0150,0.0005,0.1596,-0.2023,7.8974,0.4673,0.0082,0.0134,0.2719,-0.3745,12.0882,0.3625,0.0066,0.0084,0.2427,-0.8276,9.4458
2026-09-16T20:00:00.879Z,0.3273,0.0404,0.0363,0.1815,-0.6720,2.0442,0.6261,0.0435,0.1741,0.5936,-0.8288,4.3379,0.4565,0.0454,0.0800,0.2767,-0.8132,2.2924
2026-09-16T20:00:01.885Z,0.2714,0.0322,0.0117,0.1289,-0.2646,3.0429,0.4049,0.0260,0.0371,0.2172,-0.2315,4.2638,0.3419,0.0169,0.0486,0.1479,-1.0566,3.7769
2026-09-16T20:00:02.907Z,0.2687,0.0174,0.0263,0.1497,-0.7081,6.8208,0.4047,0.0360,0.0307,0.2946,-0.3099,1.8460,0.3386,0.0244,0.0377,0.1055,-0.4792,2.7872
2026-09-16T20:00:03.905Z,0.2672,0.0051,0.0145,0.1499,0.1226,29.6428,0.4409,0.0386,0.0273,0.2771,-0.3225,2.3433,0.2863,0.0049,0.0155,0.1303,-0.3572,8.7677
2026-09-16T20:00:04.905Z,0.2821,0.0296,0.0209,0.1531,-0.4790,4.2601,0.4305,0.0243,0.0170,0.3648,-0.2782,2.3015,0.3630,0.0323,0.0190,0.2391,-1.0064,1.8870
2026-09-16T20:00:05.905Z,0.2594,0.0139,0.0429,0.1331,-0.4312,10.2812,0.3866,0.0160,0.0207,0.2554,-0.3341,6.0041,0.2681,0.0320,0.0197,0.1354,-0.6615,1.4555
2026-09-16T20:00:06.900Z,0.2770,0.0122,0.0231,0.1501,-0.5321,8.1315,0.4242,0.0125,0.0256,0.3206,-0.2045,4.4142,0.3357,0.0406,0.0096,0.1713,-0.9241,1.4244
2026-09-16T20:00:07.905Z,0.2717,0.0261,0.0290,0.1485,-0.0224,4.9966,0.4195,0.0090,0.0447,0.2700,-0.4078,12.9236,0.2938,0.0405,0.0219,0.1453,-0.7667,1.7464
2026-09-16T20:00:08.904Z,0.2752,0.0156,0.0252,0.1739,-0.0436,11.3936,0.4285,0.0356,0.0266,0.2747,-0.3330,2.5618,0.2910,0.0116,0.0168,0.1423,-0.6004,2.9642
2026-09-16T20:00:09.905Z,0.2804,0.0201,0.0155,0.1636,-0.6296,7.5512,0.4117,0.0274,0.0214,0.3287,0.0087,1.7962,0.3216,0.0070,0.0151,0.2201,-0.8826,8.8784
2026-09-16T20:00:10.922Z,0.2695,0.0063,0.0160,0.1307,-0.4666,19.2276,0.4153,0.0312,0.0204,0.2352,-0.3923,2.4280,0.3205,0.0078,0.0046,0.1725,-0.8212,8.7173
2026-09-16T20:00:11.925Z,0.2627,0.0101,0.0042,0.1330,-0.3710,13.4338,0.4717,0.0275,0.0249,0.3659,-0.1803,3.1496,0.2804,0.0234,0.0131,0.1218,-0.3316,2.8260
2026-09-16T20:00:12.919Z,0.2821,0.0090,0.0161,0.1502,-0.1724,13.9132,0.4916,0.0301,0.0110,0.3629,-0.5400,2.7154,0.3721,0.0162,0.0146,0.2161,-0.9377,4.5793
2026-09-16T20:00:13.938Z,0.2871,0.0266,0.0298,0.1845,0.1969,2.7407,0.4785,0.0150,0.0346,0.3273,-0.0932,6.5925,0.2978,0.0067,0.0421,0.1185,-0.2229,7.1434
2026-09-16T20:00:14.941Z,0.2920,0.0118,0.0177,0.1780,-0.5809,9.7196,0.5016,0.0110,0.0626,0.3928,-0.2574,7.3235,0.3980,0.0202,0.0154,0.2196,-0.9562,3.1663
2026-09-16T20:00:15.934Z,0.2672,0.0265,0.0309,0.1440,-0.0753,5.6090,0.4381,0.0416,0.0583,0.3121,0.0254,2.7185,0.2872,0.0136,0.0212,0.1372,-0.2129,2.5394
2026-09-16T20:00:16.933Z,0.2645,0.0184,0.0337,0.1423,-0.1719,6.4446,0.4137,0.0235,0.0542,0.3098,-0.2116,3.6648,0.3204,0.0112,0.0323,0.2042,-0.5841,5.6985
2026-09-16T20:00:17.944Z,0.2681,0.0218,0.0325,0.1456,-0.2992,6.1979,0.4219,0.0263,0.0355,0.2457,-0.1806,3.2985,0.3023,0.0272,0.0082,0.1641,-0.5377,1.5273
2026-09-16T20:00:18.933Z,0.2601,0.0047,0.0265,0.1240,-0.3594,25.4001,0.4175,0.0254,0.0182,0.3116,-0.3144,3.2432,0.3086,0.0080,0.0085,0.1512,-0.8949,4.0250
2026-09-16T20:00:19.944Z,0.2769,0.0221,0.0059,0.1675,-0.1028,6.4757,0.4374,0.0410,0.0448,0.3392,-0.4714,2.0328,0.3009,0.0330,0.0244,0.2022,-0.3675,1.5460
2026-09-16T20:00:20.964Z,0.2819,0.0083,0.0132,0.1609,-0.3137,12.1625,0.4534,0.0126,0.0585,0.3597,-0.3280,7.2617,0.3303,0.0286,0.0187,0.2329,-0.7945,1.4498
2026-09-16T20:00:21.985Z,0.2644,0.0171,0.0343,0.1188,-0.2603,4.8833,0.4335,0.0303,0.0336,0.2428,-0.4337,2.4306,0.3103,0.0525,0.0241,0.1293,-0.8168,1.5383
2026-09-16T20:00:22.985Z,0.2867,0.0227,0.0125,0.1682,-0.3086,5.1385,0.4916,0.0285,0.0403,0.3633,-0.2791,3.0853,0.3221,0.0524,0.0096,0.2037,-0.4714,0.9172
2026-09-16T20:00:23.985Z,0.2745,0.0169,0.0147,0.1454,-0.3003,8.7150,0.4258,0.0444,0.0257,0.2391,-0.2241,2.6225,0.3082,0.0062,0.0332,0.1397,-0.5335,9.6981
2026-09-16T20:00:25.005Z,0.2626,0.0483,0.0081,0.1004,-0.6327,1.2096,0.4032,0.0184,0.0198,0.1896,-0.1053,3.8312,0.2941,0.0362,0.0224,0.1218,-0.5514,1.3753
2026-09-16T20:00:26.006Z,0.2750,0.0480,0.0398,0.1401,-0.5522,2.2572,0.4005,0.0194,0.0281,0.2985,-0.2494,5.6114,0.3301,0.0102,0.0271,0.2105,-0.8619,7.2237
2026-09-16T20:00:29.006Z,0.2823,0.0128,0.0242,0.1557,-0.5780,11.0264,0.4224,0.0046,0.0371,0.3513,-0.2635,12.6727,0.3361,0.0239,0.0146,0.1882,-0.6799,2.2419
2026-09-16T20:00:30.004Z,0.2629,0.0234,0.0174,0.1444,0.2533,6.2792,0.4439,0.0096,0.0374,0.3218,-0.2348,13.9162,0.2898,0.0076,0.0101,0.1664,-0.5876,7.2437
2026-09-16T20:00:31.005Z,0.2798,0.0075,0.0362,0.1472,-0.4563,15.1468,0.4189,0.0153,0.0403,0.3342,0.1044,4.1753,0.3463,0.0159,0.0080,0.2102,-0.7110,4.7271
2026-09-16T20:00:32.024Z,0.2629,0.0241,0.0355,0.0734,-0.2094,3.9526,0.4293,0.0145,0.0334,0.1429,-0.4372,7.0907,0.2743,0.0392,0.0124,0.0709,-0.4018,0.9273
2026-09-16T20:00:33.025Z,0.2824,0.0091,0.0316,0.1550,-0.4435,15.5553,0.4345,0.0148,0.0521,0.3888,0.0442,5.7769,0.3151,0.0158,0.0281,0.1509,-0.6316,5.7635
2026-09-16T20:00:34.023Z,0.2580,0.0137,0.0062,0.1233,-0.1455,9.2309,0.4245,0.0503,0.0226,0.2213,0.0653,1.8338,0.3099,0.0159,0.0159,0.1339,-0.5808,2.1150
2026-09-16T20:00:35.015Z,0.2861,0.0091,0.0126,0.1477,-0.4342,14.9145,0.4616,0.0393,0.0123,0.3783,-0.3381,2.2207,0.3075,0.0292,0.0245,0.1548,-0.2198,2.7345
2026-09-16T20:00:36.038Z,0.2828,0.0036,0.0340,0.1093,-0.1535,15.0732,0.4672,0.0124,0.0451,0.3019,-0.4905,7.1452,0.3460,0.0560,0.0187,0.1450,-0.7866,1.2322
2026-09-16T20:00:37.046Z,0.2886,0.0163,0.0382,0.1536,-0.5337,9.9433,0.4346,0.0274,0.0227,0.3564,-0.2761,2.0511,0.3406,0.0129,0.0167,0.2028,-0.5484,4.6505
2026-09-16T20:00:38.040Z,0.2655,0.0076,0.0116,0.1344,-0.1230,18.0197,0.4288,0.0077,0.0236,0.2681,-0.3596,15.1250,0.2586,0.0012,0.0216,0.1404,-0.3230,57.5389
2026-09-16T20:00:39.045Z,0.2444,0.0098,0.0318,0.1389,0.1218,11.0435,0.4516,0.0340,0.0489,0.2645,-0.3097,3.3674,0.2967,0.0253,0.0378,0.1853,-0.7676,3.1739
2026-09-16T20:00:40.044Z,0.2817,0.0256,0.0215,0.1764,-0.1852,6.0801,0.4235,0.0436,0.0240,0.3010,-0.0665,2.6255,0.3568,0.0320,0.0197,0.2106,-0.9275,2.2109
2026-09-16T20:00:41.058Z,0.3095,0.0241,0.0165,0.1395,-0.5365,5.4986,0.5006,0.0325,0.0118,0.3478,-0.3231,2.6540,0.4088,0.0401,0.0075,0.2436,-0.8985,1.2198
2026-09-16T20:00:42.085Z,0.2992,0.0319,0.0260,0.1664,-0.5458,2.4761,0.5001,0.0093,0.0220,0.4051,-0.4685,6.3417,0.3896,0.0536,0.0423,0.1678,-0.7897,1.0144
2026-09-16T20:00:43.085Z,0.2648,0.0223,0.0393,0.1298,-0.4135,5.8120,0.4201,0.0187,0.0169,0.3155,-0.0215,2.4637,0.3600,0.0334,0.0358,0.2346,-0.9566,1.9929
2026-09-16T20:00:44.084Z,0.2637,0.0117,0.0391,0.1457,-0.4986,12.8756,0.3818,0.0059,0.0083,0.2606,-0.1915,16.1858,0.2860,0.0290,0.0254,0.1469,-0.2032,1.8965
2026-09-16T20:00:45.083Z,0.2737,0.0217,0.0211,0.1569,-0.2689,7.3501,0.4327,0.0184,0.0212,0.2662,-0.4816,7.0114,0.2486,0.0277,0.0203,0.1333,-0.4561,2.0963
2026-09-16T20:00:46.085Z,0.2782,0.0093,0.0126,0.1611,-0.0983,16.0559,0.4694,0.0175,0.0442,0.3505,-0.5033,7.0803,0.3166,0.0407,0.0035,0.1354,-0.7222,0.7568
2026-09-16T20:00:47.105Z,0.2657,0.0076,0.0195,0.1525,-0.1247,4.6389,0.3921,0.0059,0.0441,0.2041,-0.0472,13.1643,0.3732,0.0192,0.0058,0.2034,-0.9671,1.5497
2026-09-16T20:00:48.105Z,0.2677,0.0138,0.0038,0.1279,-0.8001,9.2592,0.4022,0.0172,0.0217,0.2962,-0.0607,3.5944,0.3302,0.0288,0.0116,0.1587,-0.7786,0.9720
2026-09-16T20:00:49.100Z,0.2783,0.0157,0.0303,0.1592,-0.8714,10.3712,0.4078,0.0453,0.0324,0.3173,-0.1559,2.4402,0.3052,0.0163,0.0051,0.1793,-0.4644,2.6698
2026-09-16T20:00:50.104Z,0.2684,0.0216,0.0255,0.1522,-0.8580,7.1965,0.3878,0.0484,0.0341,0.2528,0.1374,2.3891,0.2913,0.0406,0.0114,0.1638,-0.6432,1.6115
2026-09-16T20:00:51.105Z,0.2586,0.0373,0.0198,0.1228,-0.8612,3.3016,0.3375,0.0263,0.0209,0.2063,-0.1326,3.7937,0.2910,0.0333,0.0222,0.1446,-0.6751,1.8667
2026-09-16T20:00:52.125Z,0.2658,0.0061,0.0449,0.1090,-0.8500,10.6921,0.3258,0.0173,0.0222,0.1406,-0.0357,4.7439,0.2941,0.0592,0.0156,0.0992,-0.8973,0.5231
2026-09-16T20:00:53.118Z,0.2760,0.0264,0.0479,0.1345,0.0328,5.5226,0.4412,0.0203,0.0217,0.2714,-0.4139,6.6340,0.2783,0.0076,0.0143,0.1744,-0.6342,8.6250
2026-09-16T20:00:54.116Z,0.3000,0.0077,0.0214,0.1997,-0.5867,22.5013,0.4061,0.0096,0.0268,0.3153,-0.3692,6.3860,0.3896,0.0165,0.0341,0.2113,-0.9905,4.6570
2026-09-16T20:00:55.125Z,0.2671,0.0140,0.0326,0.1560,-0.5536,11.4242,0.3933,0.0267,0.0213,0.2846,-0.4720,2.8735,0.2944,0.0196,0.0205,0.1785,-0.5406,2.2723
2026-09-16T20:00:56.125Z,0.2988,0.0252,0.0338,0.1965,-0.1835,6.4196,0.4467,0.0183,0.0167,0.3330,-0.4736,5.4365,0.3442,0.0105,0.0166,0.2265,-0.7876,6.4609
2026-09-16T20:00:57.126Z,0.3020,0.0136,0.0398,0.1572,-0.4351,10.6975,0.7565,0.0374,0.0876,0.5213,9.6540,3.9845,0.5037,0.0038,0.0551,0.3420,3.3138,25.9221
2026-09-16T20:00:58.136Z,0.2219,0.0406,0.0048,0.0854,1.6796,2.1054,0.4117,0.0224,0.0353,0.1502,0.7699,6.2597,0.2752,0.0069,0.0133,0.1086,0.9765,7.6967
2026-09-16T20:00:59.134Z,0.2577,0.0286,0.0066,0.1153,1.3478,3.4661,0.4453,0.0122,0.0051,0.2000,1.4171,7.7983,0.2553,0.0355,0.0050,0.1343,-0.5423,1.1531
2026-09-16T20:01:00.136Z,0.2871,0.0180,0.0154,0.1606,-0.7093,1.4265,0.6402,0.0213,0.0327,0.5250,-0.8983,2.5707,0.2747,0.0280,0.0165,0.1826,-0.7029,0.9156
2026-09-16T20:01:01.167Z,0.2163,0.0233,0.0082,0.1709,0.0840,1.6421,0.5276,0.0608,0.0308,0.3860,-0.9983,1.4893,0.2386,0.0043,0.0147,0.1401,-0.5775,8.0594
2026-09-16T20:01:02.185Z,0.2021,0.0177,0.0236,0.1194,-0.1444,1.8221,0.4215,0.0538,0.0790,0.2860,-0.6751,1.8050,0.2283,0.0173,0.0138,0.1360,-0.9728,2.9022
2026-09-16T20:01:03.185Z,0.1929,0.0045,0.0061,0.1011,-0.1875,4.5450,0.4373,0.0124,0.0316,0.2575,-0.6948,4.1631,0.2210,0.0339,0.0162,0.1201,-0.7348,0.7067
2026-09-16T20:01:04.182Z,0.1993,0.0175,0.0108,0.1543,-0.3957,1.9098,0.3939,0.0371,0.0139,0.2997,-0.8570,1.5794,0.2217,0.0180,0.0216,0.1386,-0.7543,2.3167
2026-09-16T20:01:05.185Z,0.2288,0.0120,0.0127,0.1876,-0.3496,4.0765,0.4092,0.0440,0.0494,0.2384,-0.8321,1.3291,0.2184,0.0052,0.0172,0.1400,-0.9621,6.7684
2026-09-16T20:01:06.185Z,0.2300,0.0211,0.0220,0.1786,-0.5117,2.1559,0.3943,0.0325,0.0326,0.2466,-0.8458,3.2335,0.2136,0.0410,0.0148,0.1301,-0.9155,0.7575
2026-09-16T20:01:07.184Z,0.2244,0.0327,0.0140,0.1465,-0.1562,1.2918,0.3840,0.0313,0.0346,0.2138,-0.8356,2.1092,0.2042,0.0186,0.0104,0.1144,-1.0317,0.9043
2026-09-16T20:01:08.185Z,0.2415,0.0018,0.0177,0.1289,-0.5569,16.0776,0.4162,0.0348,0.0463,0.2411,-0.6352,2.0052,0.2150,0.0284,0.0120,0.1261,-0.9273,1.2853
2026-09-16T20:01:09.184Z,0.2216,0.0190,0.0121,0.1327,0.0618,0.9060,0.3852,0.0413,0.0086,0.2095,-0.7280,0.9767,0.2059,0.0093,0.0165,0.1302,-0.8242,2.5336
2026-09-16T20:01:10.183Z,0.2311,0.0267,0.0080,0.1321,-0.5651,0.7474,0.4540,0.0441,0.0120,0.2666,-0.8310,0.9317,0.2196,0.0214,0.0149,0.1336,-0.7651,1.4419
2026-09-16T20:01:11.185Z,0.2298,0.0112,0.0092,0.1484,-0.3629,2.9032,0.4180,0.0425,0.0369,0.2665,-0.6265,1.9002,0.2177,0.0164,0.0202,0.1441,-0.5840,1.8630
2026-09-16T20:01:12.200Z,0.2307,0.0350,0.0284,0.1044,-0.1911,1.9626,0.3905,0.0547,0.0406,0.1811,-0.4667,1.3169,0.2198,0.0121,0.0410,0.0855,-0.8104,4.3852
2026-09-16T20:01:13.204Z,0.2213,0.0257,0.0165,0.1954,-0.3112,1.3994,0.3985,0.0348,0.0208,0.2960,-0.6826,1.5154,0.2162,0.0234,0.0079,0.1415,-0.8027,1.1062
2026-09-16T20:01:14.205Z,0.2146,0.0067,0.0301,0.1920,-0.1892,5.1668,0.3913,0.0094,0.0385,0.3024,-0.4663,6.7867,0.2183,0.0235,0.0191,0.1436,-0.6859,1.2096
2026-09-16T20:01:15.200Z,0.2342,0.0175,0.0251,0.1702,-0.2867,1.8871,0.4255,0.0356,0.0387,0.3256,-0.6954,1.8685,0.2202,0.0071,0.0088,0.1165,-0.9156,5.6018
2026-09-16T20:01:16.204Z,0.2321,0.0200,0.0230,0.1287,-0.0868,1.8590,0.4117,0.0191,0.0285,0.2137,-0.7650,3.5402,0.2218,0.0169,0.0110,0.1319,-0.6879,1.6802
2026-09-16T20:01:17.198Z,0.2350,0.0258,0.0109,0.1242,-0.5440,0.6852,0.4326,0.0547,0.0341,0.2478,-0.9300,0.7945,0.2205,0.0132,0.0096,0.1126,-0.7636,2.1717
2026-09-16T20:01:18.201Z,0.2328,0.0218,0.0151,0.1518,-0.2161,1.3220,0.4184,0.0439,0.0174,0.2644,-0.7256,1.8089,0.2191,0.0116,0.0213,0.1368,-0.7561,2.4885
2026-09-16T20:01:19.202Z,0.2271,0.0172,0.0187,0.1986,-0.1308,2.2037,0.3803,0.0411,0.0682,0.2747,-0.6022,1.8297,0.2161,0.0129,0.0282,0.1343,-0.5707,3.4360
2026-09-16T20:01:20.204Z,0.2256,0.0443,0.0235,0.1459,-0.5327,0.6604,0.3824,0.0171,0.0174,0.1931,-0.7020,2.4344,0.2174,0.0409,0.0077,0.1260,-0.7200,0.6580
2026-09-16T20:01:21.204Z,0.2548,0.0137,0.0198,0.1695,-0.5387,1.6499,0.4202,0.0389,0.0075,0.1980,-0.8356,1.4620,0.2150,0.0149,0.0164,0.1316,-0.7252,1.8140
2026-09-16T20:01:22.245Z,0.2218,0.0046,0.0218,0.0896,-0.1768,8.3290,0.3953,0.0688,0.0215,0.1570,-0.8881,1.9790,0.2145,0.0216,0.0200,0.0690,-0.9408,1.9572
2026-09-16T20:01:23.244Z,0.2217,0.0041,0.0131,0.1729,-0.1529,10.2913,0.3806,0.0251,0.0542,0.2797,-0.7385,4.2881,0.2187,0.0014,0.0207,0.1282,-0.9706,16.1112
2026-09-16T20:01:24.235Z,0.2298,0.0070,0.0131,0.1316,-0.2882,5.3352,0.4031,0.0547,0.0253,0.2429,-0.7011,0.6960,0.2144,0.0052,0.0302,0.1247,-0.9106,6.7976
2026-09-16T20:01:25.244Z,0.2365,0.0164,0.0281,0.1225,-0.3426,2.0961,0.4162,0.0580,0.0392,0.1841,-0.8575,0.9755,0.2267,0.0166,0.0132,0.1273,-0.9324,1.8145
2026-09-16T20:01:26.246Z,0.2468,0.0033,0.0169,0.1257,0.1095,10.5163,0.4242,0.0609,0.0366,0.2496,-0.8035,0.9692,0.2170,0.0247,0.0070,0.1382,-0.7603,1.4120
2026-09-16T20:01:27.244Z,0.2470,0.0210,0.0355,0.1773,-0.2677,1.9547,0.4205,0.0662,0.0220,0.2300,-0.8147,0.8485,0.2177,0.0299,0.0058,0.0969,-0.9406,0.7583
2026-09-16T20:01:28.242Z,0.2203,0.0276,0.0219,0.1557,-0.1854,1.2148,0.4045,0.0800,0.0366,0.2349,-0.8435,0.8325,0.2125,0.0126,0.0077,0.1201,-0.7350,1.8321
2026-09-16T20:01:29.240Z,0.2313,0.0117,0.0075,0.1684,-0.3550,1.9190,0.3850,0.0516,0.0508,0.2666,-0.6411,1.4639,0.2156,0.0102,0.0099,0.1286,-0.7530,1.7289
2026-09-16T20:01:30.245Z,0.2431,0.0166,0.0258,0.2095,-0.3677,1.9919,0.3622,0.0080,0.0432,0.2939,-0.6634,5.7471,0.2050,0.0322,0.0117,0.1165,-0.8909,0.9952
2026-09-16T20:01:31.262Z,0.2526,0.0160,0.0173,0.1604,-0.1358,2.7948,0.4451,0.0419,0.0277,0.2834,-0.9516,2.6199,0.2272,0.0167,0.0431,0.1376,-0.5910,3.1803
2026-09-16T20:01:32.302Z,0.2502,0.0164,0.0125,0.0884,-0.2036,3.1779,0.4446,0.0106,0.0403,0.1315,-0.7353,9.5162,0.2270,0.0264,0.0367,0.0777,-0.7273,1.8762
2026-09-16T20:01:33.302Z,0.2194,0.0271,0.0206,0.1462,-0.0536,1.8542,0.3715,0.0336,0.0168,0.2562,-0.5832,1.8094,0.2106,0.0298,0.0114,0.1351,-0.9100,0.6724
2026-09-16T20:01:34.303Z,0.2580,0.0148,0.0166,0.1637,-0.4298,1.4898,0.4453,0.0418,0.0378,0.2410,-0.8225,1.2719,0.2219,0.0236,0.0285,0.1344,-0.7272,2.2083
2026-09-16T20:01:35.304Z,0.2673,0.0128,0.0173,0.1716,-0.0631,1.5990,0.4360,0.0638,0.0059,0.2093,-0.8927,0.5702,0.2160,0.0035,0.0059,0.1440,-0.7797,7.0173
2026-09-16T20:01:36.305Z,0.2461,0.0082,0.0251,0.2107,0.0831,3.6350,0.3979,0.0679,0.0428,0.2712,-0.5573,1.1202,0.2127,0.0179,0.0071,0.1572,-0.7994,1.2508
2026-09-16T20:01:37.305Z,0.2576,0.0240,0.0087,0.2071,-0.2987,0.7177,0.4207,0.0286,0.0190,0.2627,-0.6648,2.0610,0.2146,0.0332,0.0079,0.1556,-0.8143,0.8503
2026-09-16T20:01:38.304Z,0.2541,0.0190,0.0145,0.1614,-0.5468,1.2712,0.4348,0.0284,0.0048,0.2396,-0.8861,1.4983,0.2205,0.0028,0.0135,0.1265,-0.8623,10.4337
2026-09-16T20:01:39.304Z,0.2470,0.0296,0.0132,0.1815,-0.3247,0.6808,0.4082,0.0249,0.0294,0.2310,-0.6880,3.0815,0.2122,0.0108,0.0030,0.1471,-0.9802,1.2648
2026-09-16T20:01:40.293Z,0.2265,0.0124,0.0109,0.1778,-0.0538,2.3433,0.3861,0.0381,0.0163,0.2428,-0.5837,1.4228,0.2079,0.0023,0.0028,0.1397,-0.7105,9.2170
2026-09-16T20:01:41.305Z,0.2205,0.0135,0.0102,0.1580,-0.1372,2.7355,0.3527,0.0164,0.0385,0.1839,-0.6981,3.1495,0.2012,0.0151,0.0090,0.1344,-1.0071,1.3395
2026-09-16T20:01:42.319Z,0.2535,0.0182,0.0183,0.1584,-0.5211,1.7289,0.4147,0.0348,0.0200,0.1815,-0.6321,1.2117,0.2103,0.0123,0.0136,0.1140,-1.0420,1.6776
2026-09-16T20:01:43.316Z,0.2497,0.0102,0.0268,0.1618,-0.3560,3.3346,0.4138,0.0256,0.0110,0.2264,-0.9362,2.0885,0.2097,0.0078,0.0182,0.1195,-0.9855,4.1561
2026-09-16T20:01:44.325Z,0.2346,0.0291,0.0184,0.1942,-0.2609,0.9068,0.4132,0.0406,0.0503,0.3045,-0.6681,2.1370,0.2116,0.0345,0.0272,0.1266,-0.8597,1.0845
2026-09-16T20:01:45.320Z,0.2566,0.0116,0.0197,0.1512,-0.2803,2.4862,0.4480,0.0244,0.0614,0.3131,-0.8460,4.4239,0.2285,0.0320,0.0115,0.1275,-0.8165,1.0355
2026-09-16T20:01:46.325Z,0.2474,0.0217,0.0187,0.1390,-0.1149,1.7985,0.4231,0.0280,0.0433,0.2815,-0.8295,2.4198,0.2276,0.0059,0.0185,0.1296,-0.6107,3.7402
2026-09-16T20:01:47.325Z,0.2307,0.0210,0.0015,0.1986,-0.0817,0.8592,0.4056,0.0153,0.0303,0.3230,-0.6694,4.6256,0.2273,0.0222,0.0297,0.1399,-0.8742,1.9260
2026-09-16T20:01:48.318Z,0.2342,0.0084,0.0152,0.1558,-0.3699,4.7466,0.3788,0.0357,0.0077,0.1166,-0.7496,1.1773,0.2139,0.0061,0.0167,0.1435,-1.0048,6.5533
2026-09-16T20:01:49.325Z,0.2435,0.0017,0.0056,0.1418,0.4988,14.7595,0.4193,0.0579,0.0074,0.2119,-0.7232,0.7301,0.2203,0.0199,0.0065,0.1477,-0.5127,1.6410
2026-09-16T20:01:50.317Z,0.2285,0.0187,0.0205,0.2030,0.3032,1.6474,0.3940,0.0579,0.0268,0.2939,-0.7080,1.1032,0.2143,0.0277,0.0159,0.1416,-0.6645,1.3300
2026-09-16T20:01:51.316Z,0.2485,0.0076,0.0304,0.1864,-0.2468,5.1209,0.4350,0.0256,0.0234,0.3153,-0.8464,2.4716,0.2190,0.0316,0.0278,0.1311,-0.8062,1.1619
2026-09-16T20:01:52.344Z,0.2489,0.0063,0.0114,0.1083,-0.1996,6.4336,0.4741,0.0234,0.0266,0.2470,-0.9670,2.6940,0.2232,0.0175,0.0124,0.1047,-0.7150,1.4043
2026-09-16T20:01:53.345Z,0.2275,0.0093,0.0064,0.1653,-0.0935,4.4335,0.4047,0.0598,0.0093,0.2521,-0.6045,0.9807,0.2239,0.0163,0.0572,0.1273,-0.6742,4.0037
2026-09-16T20:01:54.344Z,0.2437,0.0170,0.0351,0.1768,-0.1096,2.6613,0.3776,0.0212,0.0243,0.2149,-0.4901,1.8139,0.2207,0.0112,0.0259,0.1291,-0.9689,3.5029
2026-09-16T20:01:55.339Z,0.2443,0.0107,0.0104,0.1616,-0.2478,2.7825,0.3959,0.0192,0.0194,0.1540,-0.9021,2.5369,0.2134,0.0168,0.0251,0.1238,-0.9381,1.8488
2026-09-16T20:01:56.346Z,0.2366,0.0259,0.0053,0.1881,0.2349,0.6953,0.4151,0.0813,0.0235,0.2182,-0.7685,0.6341,0.2134,0.0295,0.0096,0.0968,-0.9696,0.4674
2026-09-16T20:01:57.343Z,0.2371,0.0084,0.0242,0.1728,0.1843,4.6793,0.4450,0.0517,0.0569,0.3294,-0.7996,1.5669,0.2215,0.0111,0.0244,0.1447,-0.6784,3.1380
2026-09-16T20:01:58.345Z,0.2514,0.0313,0.0139,0.1590,-0.0334,1.0553,0.4757,0.0591,0.0184,0.2586,-1.0618,0.7183,0.2361,0.0221,0.0218,0.1397,-0.8231,1.8093
2026-09-16T20:01:59.333Z,0.2341,0.0057,0.0080,0.1943,0.0136,3.2510,0.4057,0.0554,0.0222,0.2935,-0.8724,1.0658,0.2245,0.0214,0.0054,0.1443,-0.7708,0.6875
2026-09-16T20:02:00.335Z,0.2417,0.0118,0.0064,0.1697,-0.0199,1.8894,0.4085,0.0421,0.0227,0.2635,-0.7708,1.5698,0.2119,0.0231,0.0154,0.1394,-0.7346,1.4619
2026-09-16T20:02:01.344Z,0.2359,0.0070,0.0018,0.1272,-0.4255,1.7498,0.3835,0.0281,0.0271,0.1711,-0.7492,1.4594,0.2204,0.0083,0.0043,0.1374,-0.9110,4.5979
2026-09-16T20:02:02.365Z,0.2320,0.0029,0.0155,0.0996,-0.0507,11.4254,0.4463,0.0517,0.0195,0.2451,-0.8706,1.2498,0.2282,0.0088,0.0135,0.1083,-0.8212,6.6774
2026-09-16T20:02:03.362Z,0.2218,0.0137,0.0190,0.1793,0.2978,2.5453,0.4334,0.0695,0.0136,0.3063,-0.7933,0.7983,0.2264,0.0093,0.0167,0.1392,-0.6078,3.2650
2026-09-16T20:02:04.364Z,0.2445,0.0151,0.0162,0.2080,-0.1210,2.8637,0.4454,0.0472,0.0522,0.3695,-0.7089,1.6233,0.2160,0.0250,0.0117,0.1344,-0.7180,0.9810
2026-09-16T20:02:05.365Z,0.2598,0.0102,0.0200,0.1541,-0.1983,2.3738,0.4487,0.0443,0.0353,0.2848,-0.9808,1.2450,0.2147,0.0346,0.0201,0.1160,-0.6695,1.1295
2026-09-16T20:02:06.356Z,0.2539,0.0177,0.0181,0.1412,-0.0814,1.9320,0.4527,0.0475,0.0265,0.2750,-0.8661,0.8041,0.2287,0.0297,0.0163,0.1184,-0.6783,1.6325
2026-09-16T20:02:07.364Z,0.2410,0.0303,0.0145,0.1647,0.1839,0.9255,0.4478,0.0426,0.0693,0.3224,-0.8835,1.7431,0.2332,0.0143,0.0096,0.1344,-0.7591,2.3025
2026-09-16T20:02:08.364Z,0.2328,0.0155,0.0200,0.2127,0.1429,2.2673,0.4359,0.0258,0.0274,0.3605,-0.7351,1.8144,0.2212,0.0249,0.0267,0.1353,-0.6749,1.9620
2026-09-16T20:02:09.366Z,0.2494,0.0200,0.0386,0.1460,0.0828,2.3851,0.4232,0.0330,0.0416,0.1858,-0.9161,1.6544,0.2192,0.0062,0.0088,0.0891,-1.0143,7.2046
2026-09-16T20:02:10.364Z,0.2216,0.0150,0.0140,0.1336,-0.0749,2.2331,0.3832,0.0526,0.0009,0.1586,-0.7399,0.7259,0.2190,0.0274,0.0126,0.1476,-0.9649,1.0126
2026-09-16T20:02:11.364Z,0.2294,0.0148,0.0306,0.1760,0.4795,3.0635,0.4068,0.0563,0.0232,0.3638,-0.6178,0.8757,0.2189,0.0248,0.0159,0.1457,-0.7756,1.3316
2026-09-16T20:02:12.384Z,0.2277,0.0110,0.0291,0.1076,0.3016,6.5482,0.4202,0.0155,0.0211,0.1918,-0.9282,9.8730,0.2177,0.0231,0.0523,0.0770,-0.8316,4.0911
2026-09-16T20:02:13.385Z,0.2284,0.0037,0.0061,0.1284,-0.0050,5.2038,0.4379,0.0528,0.0249,0.2519,-0.8581,1.2465,0.2201,0.0192,0.0223,0.1542,-0.8065,1.4953
2026-09-16T20:02:14.383Z,0.2461,0.0101,0.0087,0.1655,-0.0045,3.2415,0.4460,0.0428,0.0338,0.2898,-0.8406,1.2410,0.2199,0.0217,0.0067,0.1347,-0.8778,0.4559
2026-09-16T20:02:15.387Z,0.2309,0.0144,0.0323,0.2182,0.2827,3.3523,0.4087,0.0178,0.0436,0.3411,-0.5386,4.3762,0.2224,0.0227,0.0219,0.1554,-0.8451,1.6037
2026-09-16T20:02:16.385Z,0.2415,0.0155,0.0212,0.1819,-0.2618,2.6530,0.4188,0.0295,0.0086,0.2712,-0.8333,1.1702,0.2068,0.0052,0.0142,0.1133,-0.8516,8.0881
2026-09-16T20:02:17.385Z,0.2488,0.0127,0.0126,0.1408,-0.2870,1.5577,0.4334,0.0397,0.0223,0.2267,-0.7091,1.0604,0.2242,0.0090,0.0018,0.1332,-0.8582,1.6947
2026-09-16T20:02:18.385Z,0.2235,0.0333,0.0267,0.1390,-0.1431,1.0097,0.4312,0.0789,0.0341,0.2570,-0.8996,0.7079,0.2178,0.0412,0.0102,0.1380,-0.6515,0.6233
2026-09-16T20:02:19.386Z,0.2295,0.0086,0.0264,0.1823,-0.1291,5.6806,0.3955,0.0683,0.0071,0.2817,-0.8544,0.8133,0.2219,0.0065,0.0150,0.1261,-0.6742,6.6390
2026-09-16T20:02:20.383Z,0.2234,0.0215,0.0247,0.1860,-0.1207,1.9321,0.4099,0.0459,0.0421,0.3007,-0.8071,1.1873,0.2167,0.0239,0.0065,0.1350,-0.7227,0.8490
2026-09-16T20:02:21.372Z,0.2341,0.0147,0.0128,0.1683,0.0224,2.5880,0.4275,0.0140,0.0280,0.2466,-0.8516,6.1250,0.2247,0.0168,0.0098,0.1160,-0.8205,1.8362
2026-09-16T20:02:22.424Z,0.2413,0.0057,0.0262,0.0874,-0.0422,16.6310,0.4077,0.0234,0.0858,0.1274,-0.9169,5.5147,0.2139,0.0175,0.0439,0.0573,-0.9818,3.8474
2026-09-16T20:02:23.425Z,0.2374,0.0083,0.0312,0.1907,-0.1698,7.9145,0.4159,0.0959,0.0243,0.2732,-0.8582,0.6515,0.2228,0.0125,0.0278,0.1618,-0.7108,3.3622
2026-09-16T20:02:24.424Z,0.2355,0.0288,0.0188,0.1515,0.0627,0.7613,0.4287,0.0214,0.0099,0.2243,-0.6234,2.1596,0.2247,0.0157,0.0184,0.1248,-0.7027,1.8236
2026-09-16T20:02:25.424Z,0.2493,0.0214,0.0030,0.1814,-0.2529,1.4055,0.3934,0.0745,0.0285,0.2297,-0.7235,0.6305,0.2162,0.0082,0.0100,0.1626,-0.8977,3.3526
2026-09-16T20:02:26.425Z,0.2410,0.0162,0.0216,0.2332,0.1204,2.9054,0.4337,0.0182,0.0601,0.3794,-0.5423,6.2917,0.2260,0.0068,0.0062,0.1695,-0.7488,2.7188
2026-09-16T20:02:27.420Z,0.2503,0.0180,0.0116,0.1778,-0.0348,1.5910,0.4407,0.0302,0.0271,0.3074,-0.8064,1.5543,0.2291,0.0037,0.0079,0.1467,-0.6742,6.0346
2026-09-16T20:02:28.426Z,0.2420,0.0254,0.0021,0.1238,-0.1221,0.9871,0.4527,0.0734,0.0602,0.2898,-0.9384,0.8915,0.2300,0.0174,0.0112,0.1549,-0.7741,0.8058
2026-09-16T20:02:29.425Z,0.2407,0.0439,0.0155,0.2024,-0.1574,0.4703,0.3978,0.0425,0.0103,0.3043,-0.8356,0.5886,0.2248,0.0094,0.0409,0.1359,-0.7632,4.9577
2026-09-16T20:02:30.425Z,0.2443,0.0115,0.0156,0.1332,0.2555,2.1083,0.4272,0.0343,0.0215,0.2648,-0.7393,1.7838,0.2234,0.0168,0.0288,0.1239,-0.8134,2.1930
2026-09-16T20:02:31.425Z,0.2367,0.0258,0.0233,0.1456,-0.1619,1.3291,0.4265,0.0694,0.0283,0.1980,-0.8456,0.7039,0.2218,0.0200,0.0182,0.1499,-0.7248,1.3792
2026-09-16T20:02:32.444Z,0.2374,0.0181,0.0217,0.0941,-0.4061,3.3662,0.4249,0.0736,0.0367,0.1224,-0.8183,0.8583,0.2228,0.0157,0.0277,0.0751,-0.8842,2.5153
2026-09-16T20:02:33.440Z,0.2373,0.0302,0.0264,0.2135,-0.1789,1.3434,0.4017,0.0485,0.0569,0.3089,-0.6673,1.4586,0.2191,0.0205,0.0264,0.1401,-0.8427,1.6673
2026-09-16T20:02:34.445Z,0.2436,0.0190,0.0154,0.2033,-0.3312,1.4593,0.4300,0.0252,0.0520,0.3223,-0.7219,2.1771,0.2118,0.0365,0.0107,0.1267,-0.7320,1.0865
2026-09-16T20:02:35.446Z,0.2660,0.0122,0.0030,0.1719,-0.2876,2.4028,0.4792,0.0505,0.0096,0.3331,-0.8911,0.6640,0.2308,0.0031,0.0131,0.1513,-0.6631,7.9476
2026-09-16T20:02:36.444Z,0.2753,0.0164,0.0152,0.1613,-0.0584,1.0789,0.5074,0.0581,0.0303,0.3424,-1.1263,1.1185,0.2351,0.0107,0.0102,0.1584,-0.7778,1.7612
2026-09-16T20:02:37.432Z,0.2383,0.0135,0.0256,0.1618,-0.3108,3.3867,0.3814,0.0375,0.0177,0.2264,-0.7680,1.9737,0.2112,0.0167,0.0088,0.1256,-0.7593,1.3546
2026-09-16T20:02:38.447Z,0.2372,0.0296,0.0153,0.2221,0.0236,2.0143,0.3984,0.0480,0.0233,0.3196,-0.6661,1.5154,0.2211,0.0164,0.0255,0.1455,-0.5994,1.9567
2026-09-16T20:02:39.444Z,0.2169,0.0153,0.0254,0.1418,-0.2388,2.6441,0.4006,0.0304,0.0171,0.2472,-0.8531,1.9715,0.2155,0.0139,0.0164,0.1304,-0.8094,2.0201
2026-09-16T20:02:40.441Z,0.2461,0.0142,0.0024,0.1518,-0.2641,1.4660,0.4580,0.0015,0.0046,0.2466,-0.8599,34.7904,0.2182,0.0145,0.0173,0.1304,-0.7720,2.4747
2026-09-16T20:02:41.444Z,0.2526,0.0116,0.0176,0.1659,-0.1820,2.3081,0.4190,0.0386,0.0033,0.2192,-1.0041,1.2046,0.2219,0.0147,0.0123,0.1208,-0.9066,2.5459
2026-09-16T20:02:42.452Z,0.2470,0.0118,0.0087,0.1344,-0.4266,6.0466,0.4001,0.0324,0.0747,0.2031,-0.5849,4.2512,0.2156,0.0187,0.0267,0.0980,-0.7365,4.0198
2026-09-16T20:02:43.484Z,0.2366,0.0209,0.0351,0.2077,-0.1535,2.0287,0.4233,0.0239,0.0392,0.2944,-0.8220,3.3776,0.2296,0.0072,0.0234,0.1280,-0.5773,4.4430
2026-09-16T20:02:44.483Z,0.2422,0.0101,0.0110,0.1743,0.3699,2.4463,0.4285,0.0399,0.0643,0.2924,-0.7978,1.9296,0.2232,0.0299,0.0177,0.1382,-0.8198,1.0488
2026-09-16T20:02:45.485Z,0.2500,0.0255,0.0197,0.1610,-0.0764,1.4443,0.4355,0.0474,0.0354,0.2073,-0.8749,1.2849,0.2237,0.0096,0.0212,0.1314,-0.7384,4.9352
2026-09-16T20:02:46.484Z,0.2247,0.0213,0.0181,0.1272,-0.1690,1.3364,0.4193,0.0446,0.0194,0.1870,-0.8866,0.6857,0.2180,0.0238,0.0049,0.1144,-0.7043,1.5521
2026-09-16T20:02:47.483Z,0.2502,0.0246,0.0203,0.1720,-0.1626,1.4138,0.4526,0.0542,0.0194,0.2509,-0.8052,0.7802,0.2237,0.0100,0.0182,0.1306,-0.6740,2.8721
2026-09-16T20:02:48.485Z,0.2489,0.0117,0.0254,0.2364,-0.0347,2.7158,0.4242,0.0320,0.0441,0.3058,-0.7683,1.9029,0.2140,0.0066,0.0102,0.1447,-0.4946,4.8470
2026-09-16T20:02:49.485Z,0.2370,0.0160,0.0079,0.2004,0.0755,2.0509,0.4052,0.0476,0.0700,0.2981,-0.7290,1.9728,0.2205,0.0024,0.0099,0.1468,-0.8854,8.1667
2026-09-16T20:02:50.485Z,0.2621,0.0052,0.0254,0.1834,-0.3007,6.4180,0.4252,0.0193,0.0190,0.2346,-0.8814,4.2165,0.2193,0.0049,0.0109,0.1296,-0.8343,7.4644
2026-09-16T20:02:51.484Z,0.2632,0.0123,0.0058,0.1351,-0.2229,1.1601,0.4291,0.0486,0.0334,0.1903,-0.6077,1.0074,0.2158,0.0162,0.0020,0.1423,-0.7715,1.5891
2026-09-16T20:02:52.521Z,0.2497,0.0198,0.0159,0.1197,0.0817,2.4676,0.4166,0.0372,0.0391,0.1698,-0.8117,2.6513,0.2190,0.0224,0.0163,0.0952,-0.8439,1.3662
2026-09-16T20:02:53.524Z,0.2369,0.0115,0.0062,0.1896,0.1373,3.3049,0.4090,0.0591,0.0137,0.2704,-0.7892,1.2758,0.2151,0.0150,0.0126,0.1251,-0.7743,2.5907
2026-09-16T20:02:54.519Z,0.2448,0.0195,0.0167,0.2105,-0.2973,1.8179,0.4452,0.0344,0.0608,0.3564,-0.7974,3.8377,0.2318,0.0017,0.0059,0.1463,-0.6613,19.1373
2026-09-16T20:02:55.519Z,0.2489,0.0257,0.0091,0.1641,-0.2932,0.8049,0.4656,0.0117,0.0278,0.3114,-0.8195,4.7778,0.2161,0.0082,0.0078,0.1198,-0.6236,2.6330
2026-09-16T20:02:56.524Z,0.2463,0.0107,0.0172,0.1452,-0.2547,1.8481,0.3906,0.0283,0.0149,0.1546,-0.8912,1.7760,0.2206,0.0132,0.0097,0.0942,-0.7822,1.4834
2026-09-16T20:02:57.524Z,0.2521,0.0189,0.0266,0.1627,-0.6642,1.6122,0.4297,0.0411,0.0319,0.1790,-0.8931,0.9750,0.2223,0.0130,0.0072,0.1275,-0.8459,1.6312
2026-09-16T20:02:58.516Z,0.2559,0.0301,0.0034,0.1827,-0.4354,0.5553,0.4190,0.0472,0.0368,0.2338,-0.8879,1.5278,0.2182,0.0165,0.0075,0.1353,-0.8478,1.2761
2026-09-16T20:02:59.523Z,0.2218,0.0275,0.0102,0.1785,-0.0389,0.9354,0.3906,0.0580,0.0115,0.2331,-0.8134,0.7925,0.2176,0.0117,0.0114,0.1360,-0.8827,2.8266
2026-09-16T20:03:00.524Z,0.2335,0.0294,0.0093,0.1682,-0.3922,0.9738,0.3694,0.0552,0.0442,0.2589,-0.6169,1.4968,0.2123,0.0200,0.0156,0.1125,-0.9106,1.4425
2026-09-16T20:03:01.525Z,0.2490,0.0095,0.0061,0.2225,0.3456,3.7878,0.4464,0.0400,0.0235,0.3556,-0.6132,1.8825,0.2220,0.0113,0.0102,0.1381,-0.7527,2.9900
2026-09-16T20:03:02.564Z,0.2509,0.0019,0.0078,0.1045,-0.0803,15.6868,0.4254,0.0257,0.0382,0.1191,-0.9218,2.3162,0.2139,0.0188,0.0164,0.0804,-0.9342,1.4291
2026-09-16T20:03:03.558Z,0.3436,0.0254,0.0481,0.1296,2.3767,3.1270,0.7286,0.0295,0.1011,0.3031,5.3915,7.4839,0.5690,0.1374,0.0752,0.3454,3.3387,0.9210
2026-09-16T20:03:04.565Z,0.2585,0.0164,0.0048,0.1388,-0.5482,1.8007,0.4426,0.0581,0.0190,0.2156,-0.4583,0.7864,0.3439,0.0024,0.0770,0.2119,-0.2977,41.4360
2026-09-16T20:03:05.564Z,0.1791,0.0136,0.0082,0.0226,7.6609,1.6729,0.3632,0.0202,0.0312,0.1241,4.7966,4.6271,0.2033,0.0121,0.0150,0.0347,3.2599,2.8152
2026-09-16T20:03:06.562Z,0.0273,0.0044,0.0029,0.0096,4.5725,2.4579,0.0467,0.0016,0.0053,0.0119,0.8643,7.9303,0.0389,0.0050,0.0053,0.0058,1.4705,1.6940
2026-09-16T20:03:07.557Z,0.0219,0.0028,0.0010,0.0016,5.6096,0.7436,0.0283,0.0024,0.0014,0.0034,0.7226,1.1775,0.0258,0.0025,0.0016,0.0028,2.0048,0.7774
2026-09-16T20:03:08.562Z,0.0278,0.0004,0.0026,0.0030,2.0236,7.7086,0.0642,0.0061,0.0016,0.0027,0.0774,0.5462,0.0380,0.0033,0.0022,0.0037,-0.2098,1.0800
2026-09-16T20:03:09.548Z,0.0182,0.0019,0.0011,0.0025,3.5960,1.1493,0.0351,0.0019,0.0012,0.0018,-0.4024,1.0549,0.0256,0.0015,0.0019,0.0019,0.7141,1.8016
2026-09-16T20:03:10.582Z,0.0135,0.0020,0.0012,0.0019,3.1753,1.3641,0.0306,0.0038,0.0021,0.0022,-0.0842,0.7690,0.0197,0.0015,0.0008,0.0012,0.0686,0.7821
2026-09-16T20:03:11.600Z,0.0092,0.0006,0.0005,0.0010,54.8013,2.5030,0.0195,0.0013,0.0005,0.0011,0.2983,0.9655,0.0196,0.0022,0.0017,0.0021,2.9536,1.1925
2026-09-16T20:03:12.621Z,0.0087,0.0020,0.0026,0.0013,14.9162,1.4460,0.0197,0.0003,0.0011,0.0010,-0.3921,5.6759,0.0208,0.0019,0.0001,0.0012,6.1715,0.7020
2026-09-16T20:03:13.640Z,0.0052,0.0007,0.0002,0.0009,34.4708,1.7791,0.0228,0.0046,0.0038,0.0025,0.9945,1.0673,0.0177,0.0042,0.0016,0.0017,0.1165,0.5739
2026-09-16T20:03:14.661Z,0.0165,0.0005,0.0017,0.0031,4.1141,7.1041,0.0289,0.0048,0.0041,0.0071,6.2536,1.6850,0.0305,0.0027,0.0010,0.0040,10.8912,1.6713
2026-09-16T20:03:15.653Z,0.0334,0.0049,0.0059,0.0082,2.5101,2.1924,0.0517,0.0057,0.0043,0.0104,0.8645,1.8150,0.0441,0.0089,0.0092,0.0067,1.4335,1.3420
2026-09-16T20:03:16.682Z,0.0355,0.0078,0.0012,0.0086,0.1804,1.1750,0.0450,0.0063,0.0035,0.0083,0.6082,1.0936,0.0508,0.0103,0.0077,0.0104,0.6974,0.9469
2026-09-16T20:03:17.682Z,0.0226,0.0025,0.0026,0.0022,0.8796,1.4237,0.0300,0.0053,0.0029,0.0024,-0.4816,0.6181,0.0319,0.0061,0.0063,0.0038,1.4937,1.2172
2026-09-16T20:03:18.669Z,0.0188,0.0019,0.0002,0.0032,7.0024,1.4368,0.0329,0.0025,0.0026,0.0054,-0.0786,1.7005,0.0268,0.0035,0.0016,0.0018,0.4016,0.7762
2026-09-16T20:03:19.672Z,0.0279,0.0047,0.0056,0.0029,2.8117,1.3224,0.0537,0.0044,0.0002,0.0055,0.3434,0.3617,0.0370,0.0040,0.0072,0.0048,1.0034,1.9512
2026-09-16T20:03:20.702Z,0.0206,0.0035,0.0005,0.0043,6.6009,1.3562,0.0476,0.0036,0.0039,0.0112,1.2610,1.6823,0.0399,0.0043,0.0043,0.0098,2.6633,1.2345
2026-09-16T20:03:21.722Z,0.0351,0.0051,0.0063,0.0095,5.2437,2.0120,0.0467,0.0019,0.0028,0.0099,1.6318,3.7545,0.0411,0.0035,0.0102,0.0092,0.9639,3.5415
2026-09-16T20:03:22.758Z,0.0265,0.0049,0.0027,0.0056,1.8606,1.4735,0.0390,0.0050,0.0028,0.0061,-0.6887,1.3688,0.0346,0.0031,0.0023,0.0042,1.4924,1.7833
2026-09-16T20:03:23.777Z,0.0288,0.0009,0.0031,0.0058,1.1765,6.2277,0.0396,0.0025,0.0027,0.0077,0.8236,2.0587,0.0384,0.0026,0.0011,0.0067,0.9125,1.6179
2026-09-16T20:03:24.777Z,0.0277,0.0043,0.0044,0.0060,3.1573,1.4515,0.0392,0.0047,0.0021,0.0089,2.5045,1.8910,0.0347,0.0027,0.0141,0.0062,2.8924,5.7615
2026-09-16T20:03:25.797Z,0.0195,0.0012,0.0028,0.0042,1.1481,4.2793,0.0333,0.0034,0.0018,0.0023,-0.5745,0.7626,0.0255,0.0046,0.0037,0.0026,-0.2983,0.9869
2026-09-16T20:03:26.797Z,0.0160,0.0008,0.0007,0.0021,2.4423,2.1196,0.0212,0.0020,0.0006,0.0028,0.8374,0.7207,0.0204,0.0007,0.0010,0.0017,-1.4427,1.7693
2026-09-16T20:03:27.817Z,0.0157,0.0013,0.0008,0.0005,12.3148,0.7222,0.0158,0.0028,0.0013,0.0015,1.3264,0.5342,0.0197,0.0024,0.0005,0.0011,-0.9301,0.6773
2026-09-16T20:03:28.840Z,0.0167,0.0015,0.0011,0.0014,3.6612,1.2788,0.0246,0.0021,0.0032,0.0060,3.5599,3.3497,0.0308,0.0079,0.0050,0.0116,6.1784,1.6918
2026-09-16T20:03:29.837Z,0.0157,0.0022,0.0011,0.0013,1.6646,0.8585,0.0142,0.0005,0.0003,0.0002,4.6411,0.6707,0.0205,0.0029,0.0015,0.0026,-0.6227,0.7160
2026-09-16T20:03:30.857Z,0.0247,0.0034,0.0027,0.0037,6.3009,1.4219,0.0493,0.0037,0.0022,0.0116,0.7596,2.5667,0.0315,0.0046,0.0030,0.0082,8.7023,2.2325
2026-09-16T20:03:31.877Z,0.0138,0.0008,0.0008,0.0008,8.9758,1.2886,0.0189,0.0010,0.0010,0.0013,2.5851,1.9599,0.0143,0.0005,0.0004,0.0006,12.2811,2.0726
2026-09-16T20:03:32.900Z,0.0129,0.0012,0.0006,0.0009,1.7373,0.9263,0.0202,0.0044,0.0021,0.0019,1.2912,0.5026,0.0179,0.0009,0.0010,0.0019,1.5561,2.1532
2026-09-16T20:03:33.911Z,0.0135,0.0007,0.0002,0.0008,1.7156,0.9797,0.0168,0.0010,0.0008,0.0008,4.8854,1.1373,0.0206,0.0036,0.0011,0.0023,-1.5222,0.4696
2026-09-16T20:03:34.918Z,0.0156,0.0020,0.0006,0.0009,1.0564,0.4035,0.0172,0.0006,0.0007,0.0011,3.1522,2.7859,0.0180,0.0031,0.0027,0.0014,0.7994,1.0042
2026-09-16T20:03:35.919Z,0.0149,0.0020,0.0005,0.0013,4.6977,0.4674,0.0169,0.0017,0.0003,0.0009,13.0054,0.6471,0.0151,0.0010,0.0006,0.0007,4.7402,0.8856
2026-09-16T20:03:36.937Z,0.0167,0.0007,0.0014,0.0013,2.1954,2.5580,0.0144,0.0001,0.0001,0.0000,-1.1433,0.7135,0.0171,0.0023,0.0007,0.0015,-0.2119,0.4261
2026-09-16T20:03:37.957Z,0.0185,0.0038,0.0003,0.0014,4.6631,0.4515,0.0276,0.0015,0.0014,0.0021,-0.0647,1.5685,0.0182,0.0032,0.0017,0.0017,0.6117,0.6940
2026-09-16T20:03:38.958Z,0.0167,0.0030,0.0004,0.0014,-0.4060,0.5308,0.0180,0.0021,0.0011,0.0027,1.0001,1.3511,0.0201,0.0008,0.0014,0.0023,0.7963,2.5985
2026-09-16T20:03:39.973Z,0.0130,0.0009,0.0002,0.0003,11.0092,0.3488,0.0161,0.0009,0.0014,0.0021,3.0506,3.2173,0.0194,0.0027,0.0021,0.0022,-0.7029,0.9849
2026-09-16T20:03:41.002Z,0.0180,0.0018,0.0013,0.0009,-1.2760,0.9298,0.0174,0.0012,0.0007,0.0017,0.5326,0.9376,0.0171,0.0003,0.0005,0.0013,0.4029,4.5342
2026-09-16T20:03:42.017Z,0.0126,0.0014,0.0008,0.0006,4.0858,0.6562,0.0132,0.0011,0.0003,0.0009,8.5571,0.8155,0.0138,0.0009,0.0003,0.0003,9.9448,0.5583
2026-09-16T20:03:43.036Z,0.0119,0.0013,0.0031,0.0015,9.3718,2.6292,0.0131,0.0027,0.0005,0.0012,12.4033,0.4518,0.0158,0.0008,0.0004,0.0004,0.6324,0.6439
2026-09-16T20:03:44.055Z,0.0123,0.0024,0.0008,0.0013,2.8417,0.5304,0.0223,0.0028,0.0013,0.0026,0.3164,0.5523,0.0217,0.0014,0.0023,0.0024,-0.7838,2.3391
2026-09-16T20:03:45.057Z,0.0121,0.0041,0.0003,0.0021,6.6435,0.4687,0.0169,0.0005,0.0007,0.0008,1.6501,2.2022,0.0144,0.0010,0.0009,0.0009,13.0895,1.4814
2026-09-16T20:03:46.062Z,0.0125,0.0021,0.0009,0.0017,11.4521,0.7144,0.0291,0.0011,0.0017,0.0024,0.3428,1.8904,0.0236,0.0043,0.0028,0.0041,1.7376,1.0022
2026-09-16T20:03:47.069Z,0.0164,0.0013,0.0012,0.0010,6.4110,1.1496,0.0241,0.0017,0.0004,0.0008,2.7767,0.4903,0.0237,0.0016,0.0017,0.0023,0.7239,1.3438
2026-09-16T20:03:48.095Z,0.0222,0.0061,0.0023,0.0038,2.1862,0.7239,0.0480,0.0014,0.0007,0.0040,-0.1386,1.8738,0.0381,0.0039,0.0036,0.0043,-1.0729,1.3169
2026-09-16T20:03:49.117Z,0.0240,0.0008,0.0009,0.0022,7.9270,2.3005,0.0318,0.0074,0.0039,0.0043,2.4018,0.7791,0.0322,0.0061,0.0064,0.0066,0.4502,1.5624
2026-09-16T20:03:50.135Z,0.0521,0.0032,0.0023,0.0122,2.6614,2.6824,0.0880,0.0057,0.0083,0.0194,0.1421,3.2289,0.0530,0.0015,0.0021,0.0156,1.0662,8.3025
2026-09-16T20:03:51.150Z,0.0315,0.0048,0.0037,0.0046,0.3589,1.2363,0.0524,0.0023,0.0026,0.0090,-0.3910,4.1167,0.0381,0.0040,0.0018,0.0117,1.9797,3.2061
2026-09-16T20:03:52.182Z,0.0227,0.0029,0.0012,0.0022,1.1655,0.9936,0.0477,0.0038,0.0019,0.0028,-0.3081,0.6207,0.0237,0.0022,0.0010,0.0019,1.7493,1.2642
2026-09-16T20:03:53.216Z,0.0239,0.0016,0.0054,0.0038,1.3924,3.8014,0.0362,0.0063,0.0035,0.0037,0.1670,0.8330,0.0292,0.0039,0.0040,0.0041,2.1746,1.2386
2026-09-16T20:03:54.237Z,0.0257,0.0057,0.0004,0.0050,8.6368,0.9855,0.0542,0.0069,0.0022,0.0074,9.0465,0.9616,0.0439,0.0074,0.0061,0.0051,1.1739,1.0775
2026-09-16T20:03:55.243Z,0.1610,0.0207,0.0289,0.0501,0.1376,2.6405,0.1608,0.0356,0.0226,0.0456,0.2768,0.8169,0.2541,0.0253,0.0320,0.0441,0.2305,1.4938
2026-09-16T20:03:56.240Z,0.2582,0.0225,0.0150,0.1738,-0.6342,2.4256,0.2566,0.0437,0.0249,0.1450,-0.2050,1.6440,0.4760,0.0475,0.0140,0.2175,-1.1756,1.9515
2026-09-16T20:03:57.240Z,0.2637,0.0133,0.0122,0.1144,0.2387,2.7958,0.5021,0.0247,0.0287,0.2575,-0.0257,2.1477,0.4973,0.0163,0.0350,0.3065,-0.0975,3.4576
2026-09-16T20:03:58.240Z,0.1929,0.0358,0.0253,0.1072,-0.4077,1.2505,0.3447,0.0427,0.0440,0.1992,-0.8192,1.3999,0.4012,0.0344,0.1326,0.2545,-0.3145,4.3218
2026-09-16T20:03:59.242Z,0.2181,0.0262,0.0250,0.1254,-0.5035,1.6445,0.3781,0.0360,0.0107,0.2343,-0.7174,1.6090,0.4038,0.0535,0.0595,0.2623,-0.4187,1.4422
2026-09-16T20:04:00.245Z,0.2385,0.0479,0.0214,0.1489,-0.7241,0.6292,0.3985,0.0165,0.0264,0.3002,-0.9016,3.9774,0.4146,0.0252,0.0569,0.2383,-0.1441,2.9489
2026-09-16T20:04:01.243Z,0.2404,0.0365,0.0350,0.1494,-0.6874,1.7785,0.4094,0.0531,0.0236,0.2485,-0.8443,1.2088,0.4071,0.0700,0.0381,0.2254,-0.1584,1.4132
2026-09-16T20:04:02.238Z,0.2371,0.0089,0.0269,0.1399,-0.7027,5.2536,0.4539,0.0249,0.0102,0.3565,-0.7719,1.7126,0.4442,0.0221,0.0877,0.2662,-0.2956,5.2628
2026-09-16T20:04:03.252Z,0.2463,0.0155,0.0351,0.1168,-0.4810,5.0839,0.4571,0.0122,0.0851,0.2507,-0.9823,11.2910,0.4490,0.0474,0.0799,0.1972,-0.3500,2.6240
2026-09-16T20:04:04.253Z,0.2596,0.0176,0.0063,0.1618,-0.8322,1.7772,0.4603,0.0522,0.0466,0.3139,-1.0347,1.1153,0.4274,0.0636,0.0564,0.2518,-0.4781,1.2822
2026-09-16T20:04:05.257Z,0.2504,0.0063,0.0315,0.1344,-0.5460,9.1756,0.4514,0.0277,0.0116,0.2784,-1.0962,2.5577,0.4266,0.0238,0.0594,0.2173,-0.0361,3.6998
2026-09-16T20:04:06.258Z,0.2592,0.0489,0.0092,0.1908,-0.7208,0.5890,0.4367,0.0396,0.0644,0.3408,-0.9494,2.4053,0.4227,0.0473,0.0858,0.2363,-0.1241,2.3527
2026-09-16T20:04:07.257Z,0.2506,0.0203,0.0268,0.1681,-0.3377,2.1780,0.4331,0.0315,0.0295,0.3114,-0.8179,1.9101,0.4100,0.0222,0.0228,0.2273,-0.2270,2.8081
2026-09-16T20:04:08.263Z,0.2734,0.0192,0.0159,0.1531,-0.8376,1.7707,0.4368,0.0279,0.0262,0.2703,-0.9896,1.7882,0.4459,0.0180,0.0558,0.2679,-0.4401,4.8817
2026-09-16T20:04:09.256Z,0.2558,0.0087,0.0235,0.1703,-0.5703,3.4645,0.4469,0.0182,0.0123,0.3455,-0.9541,3.7108,0.4247,0.0534,0.0972,0.2696,-0.0939,2.3650
2026-09-16T20:04:10.264Z,0.2548,0.0344,0.0247,0.1886,-0.5612,0.9251,0.4168,0.0243,0.0247,0.3103,-0.8338,1.6050,0.4081,0.0106,0.0885,0.2219,-0.0326,9.6710
2026-09-16T20:04:11.262Z,0.2652,0.0185,0.0122,0.1482,-0.7866,2.6644,0.4345,0.0408,0.0617,0.2948,-0.9056,1.8859,0.4415,0.0321,0.0182,0.2114,-0.4038,2.9170
2026-09-16T20:04:12.259Z,0.2720,0.0174,0.0231,0.1604,-0.6172,2.1285,0.4247,0.0568,0.0346,0.2966,-0.9365,1.1016,0.4546,0.0356,0.0506,0.2855,-0.2768,2.2173
2026-09-16T20:04:13.304Z,0.2461,0.0068,0.0165,0.1470,-0.7023,4.8201,0.4481,0.0159,0.0371,0.3212,-0.9647,3.3865,0.4310,0.0462,0.0304,0.2089,-0.0499,1.1750
2026-09-16T20:04:14.304Z,0.2486,0.0052,0.0200,0.1746,-0.7943,8.5680,0.4509,0.0236,0.0503,0.3253,-0.9108,3.7704,0.4215,0.0079,0.0453,0.1885,0.0955,7.8380
2026-09-16T20:04:15.306Z,0.2749,0.0323,0.0263,0.2459,-0.5034,1.1697,0.4908,0.0235,0.0526,0.3513,-0.8056,3.0116,0.4260,0.0389,0.0562,0.2390,-0.1918,2.6024
2026-09-16T20:04:16.297Z,0.2598,0.0226,0.0094,0.1904,-0.5681,1.9366,0.4254,0.0445,0.0119,0.3160,-0.8112,1.7436,0.4193,0.0137,0.0218,0.2685,-0.2121,3.0897
2026-09-16T20:04:17.299Z,0.2562,0.0287,0.0053,0.1320,-0.8559,0.9332,0.4100,0.0642,0.0379,0.2532,-0.7290,1.1354,0.4406,0.0697,0.0250,0.2555,-0.2529,0.7786
2026-09-16T20:04:18.301Z,0.2442,0.0381,0.0266,0.1173,-0.4869,0.8521,0.4205,0.0453,0.0385,0.2431,-0.9558,1.1112,0.4225,0.0636,0.0800,0.2502,-0.3911,1.7181
2026-09-16T20:04:19.304Z,0.2944,0.0126,0.0055,0.2501,-0.8760,1.7760,0.4205,0.0428,0.0225,0.3134,-1.0351,0.9612,0.4079,0.0273,0.0436,0.2227,-0.2253,2.2981
2026-09-16T20:04:20.300Z,0.2695,0.0221,0.0123,0.1668,-0.6678,2.2811,0.4314,0.0086,0.0081,0.2818,-0.9676,8.2882,0.4301,0.0463,0.0328,0.2421,-0.4979,1.2631
2026-09-16T20:04:21.303Z,0.2325,0.0064,0.0053,0.0989,-0.0585,3.0746,0.4286,0.0252,0.0409,0.2577,-0.9277,2.4253,0.4107,0.0514,0.0407,0.2260,0.1389,1.4145
2026-09-16T20:04:22.303Z,0.2700,0.0271,0.0146,0.2226,-0.6881,0.9336,0.4204,0.0360,0.0109,0.3002,-1.0839,1.4958,0.4080,0.0136,0.0074,0.2073,-0.2498,3.1695
2026-09-16T20:04:23.320Z,0.2694,0.0195,0.0099,0.1788,-0.7094,2.0573,0.4373,0.0192,0.0070,0.3061,-1.0275,5.4511,0.4466,0.0518,0.0428,0.2127,-0.6928,1.0732
2026-09-16T20:04:24.338Z,0.2333,0.0071,0.0085,0.0778,-0.3046,4.3457,0.4101,0.0187,0.0194,0.2253,-0.9343,2.6745,0.4073,0.0683,0.0558,0.1746,-0.0983,1.1583
2026-09-16T20:04:25.342Z,0.2687,0.0296,0.0098,0.1844,-0.7555,0.8941,0.4320,0.0085,0.0563,0.2802,-0.9743,8.6472,0.4463,0.0682,0.0155,0.2372,-0.3473,1.1209
2026-09-16T20:04:26.332Z,0.2678,0.0441,0.0076,0.2236,-0.7598,0.8479,0.4299,0.0113,0.0256,0.3183,-0.9959,4.5027,0.4375,0.0376,0.0437,0.2240,-0.3193,1.4782
2026-09-16T20:04:27.332Z,0.2621,0.0176,0.0194,0.1215,-0.7201,2.5792,0.4225,0.0675,0.0269,0.2315,-0.7201,1.1300,0.4442,0.0105,0.0623,0.2267,-0.0787,9.8685
2026-09-16T20:04:28.345Z,0.2488,0.0245,0.0163,0.1094,-0.6734,1.3528,0.4149,0.0304,0.0027,0.2296,-1.0230,1.3490,0.4302,0.0447,0.0308,0.2514,-0.1286,1.3843
2026-09-16T20:04:29.334Z,0.2610,0.0132,0.0068,0.2046,-0.4155,2.0948,0.4252,0.0064,0.0334,0.3160,-0.8985,6.7257,0.4262,0.0198,0.0642,0.2343,-0.1693,4.1066
2026-09-16T20:04:30.337Z,0.2803,0.0175,0.0241,0.2258,-0.6639,1.9968,0.4517,0.0525,0.0232,0.3173,-0.9678,0.5000,0.4501,0.0560,0.0308,0.2697,-0.3151,1.2331
2026-09-16T20:04:31.337Z,0.2519,0.0302,0.0154,0.1235,-0.3290,0.9374,0.4352,0.0425,0.0190,0.2495,-0.9150,1.3203,0.4634,0.0652,0.0615,0.2747,-0.3607,1.0441
2026-09-16T20:04:32.339Z,0.2794,0.0281,0.0173,0.2505,-0.4013,1.1063,0.4486,0.0389,0.0493,0.3793,-0.9713,2.0093,0.4202,0.0386,0.0564,0.1842,-0.0206,1.7104
2026-09-16T20:04:33.364Z,0.2937,0.0442,0.0201,0.1878,-0.9007,1.1552,0.4550,0.0334,0.0146,0.3012,-1.1135,1.2147,0.4672,0.0523,0.0596,0.1950,-0.6169,1.3441
2026-09-16T20:04:34.364Z,0.2558,0.0337,0.0070,0.1615,-0.2553,0.6535,0.3990,0.0177,0.0413,0.2519,-0.6555,5.0571,0.4388,0.0548,0.0456,0.2555,-0.4604,1.6102
2026-09-16T20:04:35.350Z,0.2599,0.0142,0.0256,0.1667,-0.5717,2.8136,0.3844,0.0806,0.0366,0.2249,-0.7341,0.7314,0.4222,0.0202,0.0176,0.1998,-0.1541,1.7891
2026-09-16T20:04:36.355Z,0.2832,0.0201,0.0191,0.2285,-0.9386,1.8860,0.4064,0.0487,0.0186,0.2958,-0.8189,0.8568,0.4086,0.0252,0.0599,0.2473,-0.4786,3.4081
2026-09-16T20:04:37.358Z,0.2617,0.0218,0.0150,0.1711,-0.7344,1.1323,0.3881,0.0343,0.0403,0.2051,-0.4913,2.2747,0.4518,0.0495,0.0369,0.2878,-0.5914,1.3634
2026-09-16T20:04:38.359Z,0.2515,0.0151,0.0090,0.1538,-0.6006,2.0403,0.3866,0.0240,0.0131,0.2191,-0.8507,1.4812,0.3906,0.0113,0.0492,0.1864,0.2305,6.2651
2026-09-16T20:04:39.362Z,0.2879,0.0155,0.0064,0.2402,-0.8834,1.5536,0.4071,0.0207,0.0249,0.3261,-0.8379,2.0469,0.4701,0.0231,0.0344,0.2852,-0.7109,1.7054
2026-09-16T20:04:40.358Z,0.2627,0.0253,0.0045,0.1828,-0.6616,1.0265,0.4044,0.0306,0.0115,0.2873,-0.9876,0.6038,0.4368,0.0079,0.0525,0.2917,-0.2898,9.3754
2026-09-16T20:04:41.358Z,0.2452,0.0247,0.0090,0.1233,-0.5623,1.2774,0.3981,0.0259,0.0040,0.2630,-0.8897,1.3002,0.4406,0.0229,0.0538,0.2667,-0.2283,3.6041
2026-09-16T20:04:42.365Z,0.2777,0.0274,0.0130,0.2190,-0.7693,1.3224,0.4115,0.0392,0.0233,0.3250,-0.9845,1.0149,0.4012,0.0143,0.0281,0.2050,-0.1616,3.4947
2026-09-16T20:04:43.380Z,0.2927,0.0266,0.0052,0.2139,-0.8066,1.5665,0.4448,0.0269,0.0225,0.3281,-0.9530,2.9906,0.4455,0.0325,0.0301,0.2384,-0.5380,2.5746
2026-09-16T20:04:44.404Z,0.2358,0.0267,0.0253,0.1451,-0.4225,1.2663,0.3748,0.0611,0.0340,0.2274,-0.8630,0.8971,0.4172,0.0157,0.0617,0.2439,0.0950,5.0850
2026-09-16T20:04:45.403Z,0.2852,0.0086,0.0182,0.2385,-0.9315,4.8465,0.4300,0.0065,0.0137,0.3432,-1.0392,12.3912,0.4358,0.0371,0.0288,0.2720,-0.5632,1.4985
2026-09-16T20:04:46.398Z,0.2512,0.0177,0.0084,0.1551,-0.4063,1.9016,0.3963,0.0061,0.0245,0.2493,-0.9560,7.0325,0.4135,0.0521,0.0260,0.2268,0.2823,1.3594
2026-09-16T20:04:47.398Z,0.3013,0.0256,0.0266,0.2751,-0.9473,1.7906,0.4010,0.0226,0.0237,0.3204,-0.8165,2.4033,0.4381,0.0204,0.0120,0.2750,-0.6165,2.2792
2026-09-16T20:04:48.398Z,0.2422,0.0061,0.0103,0.1500,-0.3681,5.6402,0.3675,0.0322,0.0131,0.2296,-0.8152,1.0685,0.4351,0.0387,0.0078,0.2171,0.1834,2.2574
2026-09-16T20:04:49.398Z,0.2609,0.0260,0.0178,0.1765,-0.7825,1.3741,0.3950,0.0241,0.0148,0.2541,-0.7166,1.4674,0.4451,0.0254,0.0309,0.2513,-0.5126,1.8513
2026-09-16T20:04:50.399Z,0.2884,0.0364,0.0089,0.2526,-0.8143,0.8485,0.4082,0.0546,0.0109,0.3333,-0.9235,1.2221,0.4035,0.0602,0.0280,0.1896,-0.3555,1.6236
2026-09-16T20:04:51.402Z,0.2236,0.0270,0.0118,0.1329,0.2318,0.6929,0.3933,0.0286,0.0265,0.2460,-0.9505,1.6850,0.4413,0.0784,0.0518,0.2645,-0.3363,0.9766
2026-09-16T20:04:52.401Z,0.2967,0.0200,0.0530,0.2485,-1.0711,3.0169,0.4229,0.0298,0.0496,0.3056,-0.9112,2.2671,0.4631,0.0419,0.0294,0.2991,-0.5205,1.2644
2026-09-16T20:04:53.404Z,0.2480,0.0235,0.0056,0.1609,-0.3387,1.1373,0.4022,0.0381,0.0345,0.2753,-0.7038,1.8558,0.4461,0.0201,0.0471,0.2810,-0.3296,4.0140
2026-09-16T20:04:54.435Z,0.2603,0.0251,0.0241,0.1190,-0.7122,1.6255,0.3878,0.0167,0.0183,0.1508,-1.0078,2.8700,0.4269,0.0148,0.0376,0.1580,0.1321,5.1714
2026-09-16T20:04:55.437Z,0.2790,0.0153,0.0111,0.1992,-0.8256,1.4381,0.4335,0.0086,0.0422,0.2990,-0.9112,12.7386,0.4581,0.0052,0.0188,0.2418,-0.2769,11.0093
2026-09-16T20:04:56.440Z,0.2379,0.0192,0.0196,0.1209,-0.4844,1.6238,0.3945,0.0384,0.0291,0.2580,-1.0464,0.8966,0.4518,0.0615,0.0576,0.2503,0.0711,1.1511
2026-09-16T20:04:57.443Z,0.2966,0.0454,0.0137,0.2475,-0.9079,1.1502,0.4415,0.0625,0.0193,0.3326,-1.0279,0.9531,0.4652,0.0648,0.0407,0.2434,-0.7391,1.0196
2026-09-16T20:04:58.434Z,0.2245,0.0305,0.0320,0.1372,-0.1996,1.4309,0.3992,0.0290,0.0223,0.2853,-0.9122,1.0397,0.4495,0.0415,0.0062,0.2670,-0.1663,1.2301
2026-09-16T20:04:59.440Z,0.2853,0.0053,0.0099,0.2471,-0.9349,3.2052,0.4048,0.0317,0.0406,0.3409,-0.9067,2.0403,0.4123,0.0244,0.0710,0.2505,-0.7081,3.4175
2026-09-16T20:05:00.443Z,0.2370,0.0176,0.0161,0.1275,0.0910,2.2575,0.3677,0.0299,0.0254,0.2691,-0.8396,1.3511,0.4372,0.0444,0.0526,0.2677,-0.1233,1.4796
2026-09-16T20:05:01.445Z,0.2757,0.0270,0.0199,0.2355,-0.7690,0.8649,0.4276,0.0274,0.0093,0.3449,-0.8462,0.9568,0.4456,0.0573,0.0282,0.2774,-0.3501,0.9917
2026-09-16T20:05:02.433Z,0.2599,0.0121,0.0258,0.1257,-0.6138,2.9362,0.3881,0.0224,0.0192,0.2133,-0.9917,1.8828,0.4349,0.0137,0.0272,0.2610,-0.1362,5.3162
2026-09-16T20:05:03.458Z,0.2912,0.0171,0.0274,0.2449,-0.8655,3.8448,0.3931,0.0336,0.0223,0.3025,-0.8998,1.9230,0.4224,0.0224,0.0279,0.2666,-0.5858,2.4339
2026-09-16T20:05:04.483Z,0.2480,0.0422,0.0149,0.1152,-0.2505,0.6902,0.3976,0.0295,0.0150,0.2262,-0.6694,1.4533,0.4682,0.0534,0.0462,0.2190,-0.3443,1.4334
2026-09-16T20:05:05.473Z,0.2777,0.0299,0.0267,0.2512,-0.8703,1.4113,0.4293,0.0379,0.0186,0.3138,-0.9790,0.7064,0.4488,0.0442,0.0532,0.2440,-0.5384,1.9662
2026-09-16T20:05:06.479Z,0.2695,0.0335,0.0039,0.1874,-0.6824,0.7778,0.4068,0.0399,0.0213,0.2821,-0.9023,1.5472,0.4596,0.0452,0.0606,0.2934,-0.2515,1.7838
2026-09-16T20:05:07.479Z,0.2335,0.0208,0.0167,0.1167,-0.1986,2.3565,0.4190,0.0243,0.0184,0.2387,-0.7810,1.4821,0.4574,0.0597,0.0297,0.2384,-0.0052,1.2101
2026-09-16T20:05:08.481Z,0.2930,0.0321,0.0063,0.2338,-0.9428,0.8418,0.4428,0.0355,0.0274,0.3899,-1.0268,1.3130,0.4400,0.0583,0.0304,0.2273,-0.5033,1.1026
2026-09-16T20:05:09.482Z,0.2383,0.0392,0.0070,0.1285,-0.3335,0.9796,0.4034,0.0389,0.0083,0.2431,-0.8599,1.3618,0.4367,0.0303,0.0368,0.2404,-0.3381,2.0615
2026-09-16T20:05:10.484Z,0.2793,0.0306,0.0354,0.2406,-0.7008,1.4359,0.3741,0.0218,0.0385,0.2754,-0.7974,3.0063,0.4114,0.0305,0.0234,0.2038,-0.0940,2.0656
2026-09-16T20:05:11.482Z,0.2716,0.0201,0.0082,0.1990,-0.5844,0.8180,0.3938,0.0268,0.0142,0.2520,-0.8654,0.9391,0.4444,0.0322,0.0109,0.2670,-0.6692,2.0488
2026-09-16T20:05:12.484Z,0.2507,0.0169,0.0059,0.1617,-0.4282,1.3167,0.3868,0.0471,0.0222,0.2196,-0.8877,0.7724,0.4072,0.0746,0.0125,0.2001,-0.0122,0.8621
2026-09-16T20:05:13.485Z,0.2808,0.0304,0.0037,0.2585,-0.9550,1.5195,0.4003,0.0297,0.0358,0.3188,-1.0058,2.7440,0.4262,0.0505,0.0255,0.2848,-0.4494,0.9560
2026-09-16T20:05:14.525Z,0.2487,0.0279,0.0230,0.0957,-0.3506,1.4010,0.4184,0.0217,0.0425,0.1603,-1.1565,5.2898,0.4625,0.0402,0.0938,0.1119,-0.0104,2.9133
2026-09-16T20:05:15.522Z,0.2781,0.0138,0.0229,0.2255,-0.9111,2.1566,0.4171,0.0521,0.0268,0.3387,-0.9837,0.6811,0.4256,0.0514,0.0097,0.2217,-0.2282,1.3912
2026-09-16T20:05:16.523Z,0.2591,0.0312,0.0035,0.1488,-0.7452,0.5327,0.4336,0.0579,0.0545,0.3107,-0.9171,1.2114,0.4794,0.0707,0.0140,0.2595,-0.6061,1.0791
2026-09-16T20:05:17.514Z,0.2776,0.0227,0.0200,0.1978,-0.7019,2.3536,0.3867,0.0403,0.0098,0.2712,-0.7467,0.8093,0.4078,0.0508,0.0009,0.2022,0.0233,1.4579
2026-09-16T20:05:18.514Z,0.2506,0.0228,0.0340,0.1422,-0.3232,1.8876,0.4059,0.0567,0.0270,0.2535,-0.8432,0.6587,0.4585,0.0190,0.0474,0.3113,-0.5089,2.8015
2026-09-16T20:05:19.518Z,0.2813,0.0113,0.0143,0.2307,-0.5845,4.2645,0.3771,0.0198,0.0062,0.3082,-0.7844,1.4430,0.4085,0.0154,0.0311,0.2570,-0.5250,4.7086
2026-09-16T20:05:20.525Z,0.2293,0.0162,0.0148,0.1814,-0.3882,1.7981,0.3581,0.0243,0.0127,0.2626,-0.4597,1.4432,0.4083,0.0291,0.0261,0.3011,-0.6708,1.4659
2026-09-16T20:05:21.516Z,0.2865,0.0353,0.0139,0.2584,-0.9358,0.7214,0.3804,0.0176,0.0201,0.2918,-1.0554,2.4756,0.3988,0.0293,0.0412,0.2306,-0.5949,1.9811
2026-09-16T20:05:22.515Z,0.2489,0.0368,0.0175,0.1660,-0.4646,0.7352,0.3936,0.0570,0.0444,0.2708,-0.7702,1.3300,0.4456,0.0315,0.0099,0.2891,-0.1883,1.0842
2026-09-16T20:05:23.535Z,0.2710,0.0140,0.0292,0.1815,-0.6571,4.0217,0.4163,0.0390,0.0261,0.2942,-0.9239,1.6219,0.4328,0.0270,0.0216,0.2027,-0.1056,2.7712
2026-09-16T20:05:24.554Z,0.2728,0.0216,0.0282,0.1627,-0.6940,1.9422,0.4408,0.0108,0.0453,0.2915,-0.8937,7.2282,0.4308,0.0249,0.0350,0.1910,-0.1011,2.8380
2026-09-16T20:05:25.564Z,0.2265,0.0085,0.0277,0.1125,0.1005,5.0265,0.3962,0.0524,0.0206,0.2640,-0.9083,1.4095,0.4591,0.0437,0.0269,0.2673,-0.1735,1.3106
2026-09-16T20:05:26.562Z,0.2902,0.0270,0.0266,0.2332,-0.9386,1.6391,0.4089,0.0279,0.0426,0.3435,-0.9701,2.2963,0.4294,0.0328,0.0274,0.2678,-0.4500,2.1448
2026-09-16T20:05:27.564Z,0.2307,0.0298,0.0048,0.1182,-0.3404,0.6509,0.3577,0.0731,0.0188,0.2285,-0.7964,0.9330,0.4249,0.0485,0.0120,0.2577,-0.2028,0.7339
2026-09-16T20:05:28.565Z,0.3037,0.0380,0.0240,0.2568,-0.6951,1.1303,0.3931,0.0064,0.0086,0.2717,-0.8628,3.5262,0.4056,0.0496,0.0378,0.2202,-0.7554,1.2956
2026-09-16T20:05:29.564Z,0.2814,0.0181,0.0279,0.1988,-0.7899,2.8106,0.3790,0.0483,0.0114,0.2426,-0.8944,0.8437,0.4204,0.0322,0.0120,0.1975,-0.4455,1.5482
2026-09-16T20:05:30.550Z,0.2079,0.0119,0.0087,0.1079,0.2562,3.0485,0.3899,0.0360,0.0289,0.2689,-0.9645,1.4420,0.4344,0.0364,0.0086,0.2522,-0.1629,2.0926
2026-09-16T20:05:31.565Z,0.2830,0.0186,0.0060,0.2373,-0.8370,1.6114,0.4138,0.0450,0.0233,0.2863,-0.9272,1.0621,0.4453,0.0465,0.0136,0.2701,-0.3898,0.9815
2026-09-16T20:05:32.554Z,0.2713,0.0204,0.0151,0.2124,-0.6844,2.1665,0.3555,0.0307,0.0197,0.2641,-0.8711,1.2137,0.4015,0.0236,0.0266,0.2041,-0.2533,2.0127
2026-09-16T20:05:33.557Z,0.2397,0.0156,0.0127,0.1584,-0.4242,1.2380,0.4016,0.0352,0.0228,0.2588,-0.8608,1.2290,0.4533,0.0299,0.0495,0.2965,-0.4470,1.8080
2026-09-16T20:05:34.574Z,0.2935,0.0616,0.0419,0.1789,-0.8153,1.1512,0.3836,0.0473,0.0174,0.1967,-0.9519,1.6342,0.4279,0.0047,0.0867,0.1858,-0.5849,30.5432
2026-09-16T20:05:35.579Z,0.2319,0.0161,0.0261,0.1393,-0.2429,2.5429,0.3806,0.0139,0.0059,0.2534,-0.6660,2.6160,0.4248,0.0073,0.0100,0.2728,-0.3750,8.5103
2026-09-16T20:05:36.581Z,0.2901,0.0093,0.0059,0.2435,-0.8228,4.0704,0.4079,0.0249,0.0325,0.3247,-1.1129,1.9697,0.3964,0.0498,0.0161,0.2159,-0.4541,1.2856
2026-09-16T20:05:37.584Z,0.2126,0.0192,0.0108,0.1039,0.5989,1.6013,0.3698,0.0261,0.0169,0.2648,-1.0418,1.4174,0.4268,0.0390,0.0318,0.2907,-0.0673,0.8796
2026-09-16T20:05:38.584Z,0.2408,0.0197,0.0180,0.1594,-0.7170,1.7579,0.3602,0.0362,0.0439,0.2167,-0.8330,1.5912,0.4203,0.0173,0.0205,0.3005,-0.6725,2.4291
2026-09-16T20:05:39.578Z,0.3003,0.0193,0.0130,0.2222,-0.9810,2.1204,0.3935,0.0053,0.0237,0.2950,-1.0659,7.6454,0.4169,0.0203,0.0199,0.2275,-0.4987,3.3204
2026-09-16T20:05:40.583Z,0.2352,0.0121,0.0121,0.1367,-0.0534,2.4058,0.3524,0.0436,0.0268,0.2077,-0.7596,1.3029,0.4198,0.0675,0.0255,0.2406,-0.1112,0.8729
2026-09-16T20:05:41.570Z,0.2929,0.0126,0.0459,0.1936,-0.8284,4.7557,0.4254,0.0426,0.0097,0.3008,-0.9259,2.0837,0.4496,0.0956,0.0486,0.2484,-0.6002,1.0011
2026-09-16T20:05:42.577Z,0.2365,0.0127,0.0207,0.1408,-0.1559,3.2851,0.3751,0.0419,0.0151,0.2135,-0.9042,1.7714,0.4213,0.0296,0.0136,0.2070,-0.3940,2.4018
2026-09-16T20:05:43.577Z,0.2982,0.0272,0.0264,0.2668,-0.9401,1.5158,0.4438,0.0367,0.0322,0.3396,-1.0286,1.8899,0.4274,0.0334,0.0199,0.2561,-0.5149,1.3809
2026-09-16T20:05:44.610Z,0.2207,0.0116,0.0246,0.0691,-0.4626,5.1972,0.3614,0.0532,0.0231,0.1294,-0.8429,1.0158,0.4020,0.0551,0.1052,0.1238,-0.3717,2.1637
2026-09-16T20:05:45.613Z,0.3058,0.0351,0.0124,0.2298,-0.9996,1.1798,0.4255,0.0324,0.0424,0.3315,-1.0243,2.0736,0.4073,0.0168,0.0516,0.2591,-0.7009,4.2967
2026-09-16T20:05:46.616Z,0.2325,0.0134,0.0156,0.1380,-0.1630,2.3249,0.3623,0.0474,0.0122,0.2198,-0.9476,0.7551,0.4027,0.0131,0.0280,0.2251,-0.3905,3.3260
2026-09-16T20:05:47.618Z,0.2748,0.0343,0.0236,0.2082,-0.7995,1.1980,0.3696,0.0248,0.0173,0.2436,-0.5731,1.5156,0.4075,0.0367,0.0220,0.2778,-0.4759,1.1834
2026-09-16T20:05:48.625Z,0.2990,0.0177,0.0055,0.2765,-0.8689,2.5342,0.3731,0.0321,0.0058,0.3071,-0.9852,1.6772,0.3949,0.0578,0.0434,0.2676,-0.8020,1.0603
2026-09-16T20:05:49.614Z,0.2085,0.0093,0.0132,0.1123,0.0547,3.1491,0.3665,0.0157,0.0119,0.2206,-0.6637,2.1586,0.4121,0.0111,0.0160,0.2667,-0.4011,4.8665
2026-09-16T20:05:50.619Z,0.3074,0.0366,0.0139,0.2492,-0.9773,1.0842,0.4039,0.0610,0.0091,0.3158,-1.0903,1.0063,0.4051,0.0213,0.0405,0.2694,-0.6259,3.5656
2026-09-16T20:05:51.621Z,0.2586,0.0086,0.0214,0.1625,-0.4914,5.2227,0.3762,0.0304,0.0197,0.2329,-0.8394,1.3181,0.3744,0.0422,0.0412,0.2412,-0.7586,1.3544
2026-09-16T20:05:52.624Z,0.2499,0.0378,0.0019,0.1923,-0.3819,0.8393,0.4355,0.0737,0.0241,0.3116,-0.7993,1.0529,0.4449,0.0301,0.0070,0.2446,-0.2170,2.3724
2026-09-16T20:05:53.612Z,0.3008,0.0292,0.0288,0.2603,-0.8705,2.0896,0.4283,0.0312,0.0365,0.3576,-1.0975,2.4982,0.4042,0.0627,0.0174,0.1880,-0.9323,0.6767
2026-09-16T20:05:54.663Z,0.2083,0.0385,0.0176,0.0590,0.1884,0.9823,0.3896,0.0530,0.0194,0.1702,-0.7921,1.3219,0.4129,0.0348,0.0476,0.1178,-0.0661,2.2901
2026-09-16T20:05:55.663Z,0.2899,0.0218,0.0347,0.2266,-0.8392,2.3310,0.4058,0.0385,0.0163,0.2704,-1.0893,1.2788,0.4176,0.0552,0.0311,0.2370,-0.6929,0.8361
2026-09-16T20:05:56.659Z,0.2771,0.0243,0.0108,0.1985,-0.3846,1.3247,0.3829,0.0121,0.0155,0.2416,-0.8701,4.3581,0.3831,0.0319,0.0167,0.2097,-0.7438,1.6382
2026-09-16T20:05:57.652Z,0.1980,0.0076,0.0141,0.0863,0.1650,3.9992,0.3826,0.0295,0.0093,0.2771,-0.8298,1.2220,0.4095,0.0052,0.0251,0.2413,-0.2642,15.4350
2026-09-16T20:05:58.661Z,0.2690,0.0411,0.0123,0.2133,-0.7512,0.5099,0.4105,0.0189,0.0307,0.3445,-0.8010,2.4520,0.4077,0.0212,0.0338,0.2832,-0.3922,2.6335
2026-09-16T20:05:59.650Z,0.2873,0.0129,0.0126,0.2319,-0.8504,2.7292,0.4028,0.0370,0.0127,0.3123,-1.0328,1.2031,0.3938,0.0648,0.0249,0.2657,-0.8241,0.8239
2026-09-16T20:06:00.655Z,0.2131,0.0230,0.0089,0.1328,0.2341,1.0366,0.3613,0.0405,0.0186,0.2305,-0.7816,0.9118,0.4074,0.0298,0.0190,0.2965,-0.1480,1.1906
2026-09-16T20:06:01.655Z,0.2632,0.0282,0.0308,0.1924,-0.8512,1.5113,0.4109,0.0330,0.0339,0.2395,-0.8279,1.5221,0.4269,0.0573,0.0092,0.3125,-0.7147,1.1730
2026-09-16T20:06:02.657Z,0.3074,0.0234,0.0303,0.2485,-0.6095,2.2839,0.4272,0.0108,0.0197,0.3582,-1.0172,4.9058,0.4059,0.0114,0.0360,0.2643,-0.9543,7.8770
2026-09-16T20:06:03.659Z,0.2084,0.0351,0.0110,0.1228,0.7014,0.9505,0.3449,0.0445,0.0157,0.2216,-0.9408,0.5963,0.3759,0.0357,0.0173,0.2897,-0.3002,1.1750
2026-09-16T20:06:04.683Z,0.2588,0.0235,0.0141,0.1673,-0.0955,2.6071,0.3955,0.0173,0.0103,0.2793,-0.6023,3.0793,0.3944,0.0516,0.0203,0.2157,-0.6243,1.1111
2026-09-16T20:06:05.674Z,0.3171,0.0288,0.0329,0.2442,-0.7401,1.7958,0.4312,0.0177,0.0367,0.3031,-0.8878,3.4421,0.3661,0.0123,0.0235,0.1620,-0.9369,6.0568
2026-09-16T20:06:06.676Z,0.2687,0.0133,0.0209,0.1750,-0.1937,2.0018,0.4100,0.0451,0.0407,0.2516,-0.0578,1.2910,0.4320,0.0177,0.0295,0.2177,1.3073,1.9491
2026-09-16T20:06:07.680Z,0.2972,0.0106,0.0245,0.1120,2.3979,3.0026,0.6917,0.0220,0.0153,0.3289,2.6834,3.3404,0.4711,0.0448,0.0190,0.2129,-0.3898,0.6782
2026-09-16T20:06:08.682Z,0.2869,0.0149,0.0331,0.0974,1.2267,2.6337,0.7754,0.2111,0.0072,0.3103,2.5801,0.5837,0.3997,0.0842,0.0216,0.1450,-0.1768,1.4938
2026-09-16T20:06:09.669Z,0.2018,0.0190,0.0108,0.0841,-0.0820,4.6314,0.3215,0.0406,0.0074,0.1767,0.3960,1.5529,0.4296,0.0730,0.0031,0.2329,-0.9578,0.8782
2026-09-16T20:06:10.671Z,0.2088,0.0141,0.0345,0.1159,-0.2720,5.1849,0.3634,0.0170,0.0161,0.1975,-0.2098,3.4378,0.4371,0.0197,0.0390,0.2251,-1.1202,2.6363
2026-09-16T20:06:11.685Z,0.2474,0.0030,0.0131,0.1144,-0.6909,16.5019,0.4327,0.0194,0.0246,0.2353,-0.4260,3.3089,0.4363,0.0104,0.0303,0.2955,-0.8251,5.6380
2026-09-16T20:06:12.684Z,0.2673,0.0112,0.0283,0.1684,-0.5275,4.4547,0.4344,0.0493,0.0149,0.3340,-0.5585,0.9588,0.4286,0.0296,0.0231,0.3029,-0.7636,1.9614
2026-09-16T20:06:13.670Z,0.2938,0.0351,0.0142,0.2534,-0.6586,1.1605,0.4929,0.0212,0.0252,0.4509,-0.6972,4.7104,0.4322,0.0072,0.0416,0.3033,-0.6162,10.3768
2026-09-16T20:06:14.714Z,0.2802,0.0032,0.0187,0.1219,-0.7304,16.5518,0.4245,0.0279,0.0307,0.1497,-0.5554,3.3450,0.4220,0.0181,0.0271,0.1714,-0.8391,4.7657
2026-09-16T20:06:15.725Z,0.2719,0.0101,0.0192,0.1617,-0.4343,6.9000,0.4453,0.0146,0.0193,0.3768,-0.7029,4.9162,0.4127,0.0397,0.0091,0.2596,-0.8936,1.0636
2026-09-16T20:06:16.715Z,0.2763,0.0137,0.0163,0.2014,-0.4057,3.1139,0.4169,0.0187,0.0354,0.3762,-0.3604,5.5077,0.3920,0.0390,0.0450,0.2519,-1.2564,2.3030
2026-09-16T20:06:17.725Z,0.2738,0.0260,0.0164,0.1732,-0.5796,1.3183,0.4454,0.0188,0.0185,0.3455,-0.7348,3.5365,0.3616,0.0140,0.0151,0.2116,-0.9574,3.9721
2026-09-16T20:06:18.719Z,0.2890,0.0096,0.0075,0.2142,-0.5814,3.9022,0.4456,0.0137,0.0282,0.3449,-0.4944,4.2695,0.3730,0.0448,0.0049,0.2676,-1.1783,1.2715
2026-09-16T20:06:19.724Z,0.3054,0.0070,0.0072,0.2164,-0.3280,5.2148,0.4777,0.0539,0.0021,0.3355,-0.5972,1.2613,0.3565,0.0162,0.0168,0.2376,-1.1218,3.8603
2026-09-16T20:06:20.725Z,0.2841,0.0073,0.0295,0.2061,-0.5082,5.9261,0.4235,0.0342,0.0143,0.3037,-0.5528,1.4994,0.3547,0.0663,0.0027,0.2240,-1.0505,0.6441
2026-09-16T20:06:21.720Z,0.2770,0.0072,0.0307,0.1744,-0.1063,7.9724,0.4157,0.0243,0.0195,0.2888,-0.4412,2.5663,0.3455,0.0303,0.0031,0.1967,-1.2423,1.6899
2026-09-16T20:06:22.725Z,0.2925,0.0108,0.0067,0.2194,-0.2221,5.4624,0.4319,0.0183,0.0115,0.3341,-0.4379,4.2504,0.3398,0.0396,0.0139,0.2233,-1.1769,2.1880
2026-09-16T20:06:23.725Z,0.2996,0.0562,0.0202,0.1820,-0.6063,0.6762,0.4555,0.0144,0.0093,0.3421,-0.5787,3.9046,0.3455,0.0190,0.0123,0.1869,-1.0849,1.5939
2026-09-16T20:06:24.740Z,0.2867,0.0018,0.0264,0.1309,-0.2829,38.0963,0.4170,0.0218,0.0246,0.1839,-0.4276,4.6475,0.3453,0.0202,0.0264,0.1084,-1.2456,2.7192
2026-09-16T20:06:25.739Z,0.2847,0.0131,0.0218,0.1452,-0.5525,3.3212,0.4245,0.0243,0.0115,0.3051,-0.5749,2.6947,0.3430,0.0393,0.0213,0.2101,-1.0092,1.9457
2026-09-16T20:06:26.739Z,0.2873,0.0160,0.0117,0.1878,-0.3972,2.1586,0.4215,0.0216,0.0040,0.3101,-0.4587,3.1624,0.3369,0.0153,0.0100,0.1792,-1.1847,4.0489
2026-09-16T20:06:27.737Z,0.2796,0.0057,0.0182,0.1854,-0.2915,7.3335,0.3916,0.0090,0.0328,0.2836,-0.4297,9.9338,0.3388,0.0430,0.0021,0.2227,-1.1561,0.9498
2026-09-16T20:06:28.745Z,0.2797,0.0066,0.0189,0.1691,-0.5143,6.7363,0.3985,0.0036,0.0130,0.2840,-0.4118,18.1215,0.3262,0.0396,0.0335,0.2021,-1.1637,1.4410
2026-09-16T20:06:29.737Z,0.2886,0.0039,0.0285,0.1936,-0.4183,10.8311,0.3918,0.0072,0.0166,0.3112,-0.4021,9.4229,0.3324,0.0251,0.0299,0.1887,-1.3225,1.9838
2026-09-16T20:06:30.737Z,0.2845,0.0167,0.0137,0.1794,-0.1621,2.7039,0.4130,0.0203,0.0300,0.2938,-0.4067,3.6855,0.3341,0.0224,0.0153,0.2418,-1.1261,2.6828
2026-09-16T20:06:31.738Z,0.2972,0.0096,0.0166,0.1920,-0.5261,4.9367,0.4372,0.0161,0.0168,0.2962,-0.6929,2.6338,0.3289,0.0430,0.0195,0.2013,-1.1876,1.3783
2026-09-16T20:06:32.739Z,0.3051,0.0224,0.0044,0.1904,-0.6052,2.5948,0.4471,0.0169,0.0043,0.3046,-0.6392,2.3184,0.3243,0.0162,0.0077,0.2560,-1.0700,2.9904
2026-09-16T20:06:33.743Z,0.2946,0.0040,0.0229,0.1941,-0.2213,18.1964,0.4320,0.0204,0.0107,0.3169,-0.5130,2.2781,0.3247,0.0144,0.0114,0.2162,-1.2056,2.7974
2026-09-16T20:06:34.781Z,0.2913,0.0077,0.0391,0.1638,-0.4099,6.9725,0.3926,0.0331,0.0184,0.2591,-0.3347,2.2491,0.3251,0.0158,0.0329,0.1665,-1.0298,4.8838
2026-09-16T20:06:35.800Z,0.2969,0.0150,0.0447,0.1527,-0.4260,4.0893,0.4317,0.0309,0.0144,0.2140,-0.6609,2.7243,0.3204,0.0401,0.0172,0.1360,-1.1199,1.2888
2026-09-16T20:06:36.804Z,0.3047,0.0129,0.0400,0.2052,-0.4082,4.6419,0.4577,0.0060,0.0188,0.3244,-0.5118,8.8226,0.3348,0.0482,0.0217,0.2104,-1.2290,1.4160
2026-09-16T20:06:37.802Z,0.2963,0.0202,0.0420,0.1710,-0.0616,2.5565,0.4156,0.0369,0.0254,0.2740,-0.4459,1.8018,0.3282,0.0363,0.0293,0.2104,-1.1711,1.7573
2026-09-16T20:06:38.804Z,0.2913,0.0045,0.0233,0.1758,-0.4983,6.7759,0.3975,0.0526,0.0139,0.2770,-0.4632,1.5166,0.3136,0.0147,0.0456,0.1679,-1.2595,3.9922
2026-09-16T20:06:39.801Z,0.3075,0.0092,0.0355,0.1948,-0.3433,6.0044,0.4062,0.0445,0.0197,0.2938,-0.3948,1.0380,0.3164,0.0498,0.0069,0.1870,-1.0123,0.7578
2026-09-16T20:06:40.803Z,0.2923,0.0151,0.0316,0.1841,-0.5331,3.7486,0.3718,0.0366,0.0284,0.2553,-0.5107,1.2176,0.3169,0.0355,0.0021,0.1693,-1.1424,1.2301
2026-09-16T20:06:41.804Z,0.2938,0.0191,0.0232,0.1773,-0.2564,2.5600,0.4054,0.0071,0.0112,0.3015,-0.4432,8.6077,0.3115,0.0213,0.0114,0.1632,-1.1413,1.7338
2026-09-16T20:06:42.804Z,0.2953,0.0145,0.0240,0.1847,-0.5732,2.9481,0.4001,0.0104,0.0109,0.2916,-0.4092,3.6168,0.3113,0.0355,0.0156,0.1531,-1.2359,1.1444
2026-09-16T20:06:43.803Z,0.2767,0.0180,0.0259,0.1705,0.2116,1.8303,0.3851,0.0244,0.0294,0.2347,-0.4976,2.5698,0.3084,0.0286,0.0248,0.1714,-1.1312,2.3595
2026-09-16T20:06:44.844Z,0.2722,0.0269,0.0233,0.0869,-0.3193,3.3057,0.3739,0.0156,0.0112,0.1437,-0.2682,4.7919,0.3045,0.0484,0.0230,0.1359,-1.3900,1.2157
2026-09-16T20:06:45.844Z,0.3084,0.0135,0.0106,0.1817,-0.2451,4.0186,0.4107,0.0375,0.0127,0.2589,-0.4392,1.7321,0.3209,0.0271,0.0044,0.1926,-1.0252,2.4776
2026-09-16T20:06:46.844Z,0.3056,0.0506,0.0107,0.1790,-0.4835,0.7823,0.4316,0.0186,0.0319,0.3254,-0.7025,4.0910,0.3148,0.0301,0.0372,0.1976,-1.3206,1.8008
2026-09-16T20:06:47.844Z,0.2831,0.0037,0.0237,0.1858,0.0722,8.9970,0.3872,0.0083,0.0194,0.2878,-0.4195,5.8367,0.3195,0.0493,0.0292,0.1944,-1.1067,0.9323
2026-09-16T20:06:48.844Z,0.3002,0.0082,0.0348,0.1811,-0.1959,6.2472,0.4116,0.0164,0.0046,0.2921,-0.4373,1.5334,0.3036,0.0254,0.0077,0.2015,-1.3826,1.7733
2026-09-16T20:06:49.844Z,0.2912,0.0100,0.0175,0.1971,-0.3578,4.6361,0.4148,0.0152,0.0113,0.3196,-0.6316,4.7660,0.3171,0.0337,0.0103,0.1736,-1.0419,1.4091
2026-09-16T20:06:50.844Z,0.2884,0.0124,0.0088,0.1811,-0.1815,2.9818,0.3978,0.0482,0.0242,0.2710,-0.3746,1.2101,0.3048,0.0160,0.0262,0.1958,-1.1693,2.7034
2026-09-16T20:06:51.844Z,0.3154,0.0268,0.0125,0.1892,-0.5835,1.0682,0.4196,0.0355,0.0166,0.2966,-0.4726,1.6624,0.3167,0.0366,0.0107,0.1456,-1.3938,1.7552
2026-09-16T20:06:52.844Z,0.2894,0.0099,0.0431,0.1848,-0.2528,4.9669,0.4161,0.0287,0.0337,0.3131,-0.5281,1.6401,0.3102,0.0322,0.0132,0.1954,-1.0252,1.6630
2026-09-16T20:06:53.844Z,0.3081,0.0295,0.0158,0.1474,-0.3578,1.4358,0.4456,0.0125,0.0151,0.3370,-0.7688,5.0552,0.3168,0.0048,0.0116,0.1888,-1.4036,7.4311
2026-09-16T20:06:54.843Z,0.2951,0.0189,0.0210,0.1462,-0.5635,2.3042,0.3871,0.0214,0.0378,0.2138,-0.3677,1.8953,0.3108,0.0303,0.0267,0.1153,-1.2002,1.4870
2026-09-16T20:06:55.844Z,0.2813,0.0170,0.0407,0.1661,-0.1787,3.1996,0.3847,0.0174,0.0181,0.2664,-0.3588,2.0930,0.3117,0.0203,0.0144,0.1852,-1.0743,1.5319
2026-09-16T20:06:56.843Z,0.3084,0.0204,0.0331,0.1837,-0.6525,2.6001,0.4470,0.0533,0.0498,0.3497,-0.5227,1.3794,0.3216,0.0231,0.0114,0.1947,-1.3488,2.6967
2026-09-16T20:06:57.843Z,0.2998,0.0084,0.0228,0.2057,-0.3473,5.2934,0.3952,0.0345,0.0220,0.2693,-0.4171,1.9690,0.3085,0.0448,0.0130,0.2355,-0.9110,0.6563
2026-09-16T20:06:58.844Z,0.3190,0.0016,0.0174,0.1995,-0.7730,36.9817,0.4072,0.0097,0.0049,0.3263,-0.3356,5.0951,0.3136,0.0196,0.0198,0.2360,-1.4063,1.6714
2026-09-16T20:06:59.844Z,0.3006,0.0175,0.0025,0.2006,-0.5286,1.2684,0.3581,0.0125,0.0042,0.2507,-0.3713,2.3196,0.3042,0.0179,0.0231,0.2003,-1.0665,1.8553
2026-09-16T20:07:00.844Z,0.2921,0.0051,0.0109,0.2175,-0.4515,8.4481,0.3450,0.0407,0.0145,0.2423,-0.4520,0.7904,0.3067,0.0254,0.0300,0.1332,-1.0927,2.2866
2026-09-16T20:07:01.844Z,0.3006,0.0221,0.0122,0.2003,-0.4375,1.8029,0.3760,0.0058,0.0141,0.2429,-0.4832,10.3774,0.2973,0.0302,0.0179,0.1736,-1.3402,2.6306
2026-09-16T20:07:02.844Z,0.2885,0.0240,0.0231,0.1884,-0.1903,1.2569,0.3504,0.0134,0.0226,0.2083,-0.3936,4.0233,0.3069,0.0280,0.0143,0.2051,-1.0248,1.4645
2026-09-16T20:07:03.844Z,0.2995,0.0105,0.0430,0.1995,-0.3334,5.7760,0.3971,0.0310,0.0170,0.2547,-0.3041,1.6412,0.2986,0.0109,0.0271,0.1843,-1.3442,3.8682
2026-09-16T20:07:04.885Z,0.2994,0.0014,0.0149,0.1997,-0.5014,15.1256,0.3729,0.0244,0.0286,0.2538,-0.2620,1.4531,0.3040,0.0626,0.0140,0.1502,-1.0935,0.4677
2026-09-16T20:07:05.873Z,0.2966,0.0330,0.0567,0.1649,-0.1095,2.6945,0.3672,0.0256,0.0448,0.2264,-0.3840,2.8368,0.3029,0.0330,0.0166,0.1391,-1.3755,1.7984
2026-09-16T20:07:06.870Z,0.2826,0.0289,0.0377,0.1905,-0.3208,1.8710,0.3046,0.0022,0.0342,0.1817,-0.4797,23.1109,0.2955,0.0299,0.0128,0.1864,-1.0524,1.9528
2026-09-16T20:07:07.869Z,0.2972,0.0181,0.0394,0.2187,-0.3675,3.3775,0.3458,0.0095,0.0312,0.2116,-0.5264,5.1281,0.2961,0.0054,0.0140,0.1779,-1.4315,10.3844
2026-09-16T20:07:08.883Z,0.2942,0.0210,0.0438,0.2321,-0.4823,3.1585,0.3320,0.0105,0.0106,0.2214,-0.2903,4.5206,0.2937,0.0129,0.0323,0.1619,-1.2338,3.7490
2026-09-16T20:07:09.884Z,0.2964,0.0170,0.0243,0.2197,-0.2319,3.2132,0.3198,0.0241,0.0042,0.1687,-0.4582,1.0336,0.2817,0.0155,0.0047,0.1418,-1.2698,2.4624
2026-09-16T20:07:10.885Z,0.3013,0.0088,0.0235,0.1908,-0.6692,5.1995,0.3356,0.0207,0.0183,0.1968,-0.4290,1.2205,0.2906,0.0168,0.0116,0.1653,-1.2703,1.8120
2026-09-16T20:07:11.885Z,0.3056,0.0089,0.0323,0.2207,-0.1916,6.5875,0.3538,0.0250,0.0278,0.2379,-0.3587,1.4680,0.2981,0.0298,0.0114,0.1538,-1.1443,1.5039
2026-09-16T20:07:12.875Z,0.3011,0.0426,0.0260,0.1971,-0.5912,0.7659,0.3380,0.0213,0.0154,0.1755,-0.2337,1.1043,0.2949,0.0251,0.0114,0.1916,-1.2845,1.5214
2026-09-16T20:07:13.884Z,0.3027,0.0153,0.0288,0.2163,0.0987,2.0273,0.3779,0.0125,0.0256,0.2848,-0.5584,3.8067,0.2953,0.0281,0.0513,0.1521,-1.0879,2.4892
2026-09-16T20:07:14.892Z,0.2961,0.0147,0.0264,0.1433,-0.7063,2.5469,0.3596,0.0132,0.0135,0.1804,-0.4456,4.2109,0.2866,0.0171,0.0096,0.1098,-1.1123,3.6923
2026-09-16T20:07:15.925Z,0.2949,0.0094,0.0347,0.1492,-0.3189,6.4847,0.3469,0.0179,0.0102,0.1996,-0.4134,2.2563,0.2859,0.0061,0.0081,0.1029,-0.9517,11.3204
2026-09-16T20:07:16.922Z,0.2928,0.0237,0.0177,0.2046,-0.3209,1.7183,0.3507,0.0258,0.0232,0.2059,-0.4053,2.1730,0.2892,0.0385,0.0169,0.1582,-1.4862,1.0861
2026-09-16T20:07:17.911Z,0.3022,0.0079,0.0021,0.2274,-0.2745,4.2005,0.3416,0.0077,0.0082,0.2131,-0.4326,8.5457,0.2904,0.0500,0.0068,0.1538,-0.9579,1.0612
2026-09-16T20:07:18.917Z,0.2997,0.0152,0.0050,0.2208,-0.6731,2.8917,0.3310,0.0097,0.0095,0.1841,-0.6390,4.4742,0.2846,0.0296,0.0079,0.1638,-1.4258,1.5687
2026-09-16T20:07:19.915Z,0.2947,0.0128,0.0228,0.2046,-0.4309,2.8262,0.3671,0.0294,0.0203,0.2479,-0.4984,2.5611,0.2993,0.0059,0.0108,0.1904,-1.0474,10.5096
2026-09-16T20:07:20.918Z,0.2797,0.0125,0.0060,0.1774,0.0526,2.6776,0.3533,0.0164,0.0032,0.2534,-0.5520,1.2563,0.2944,0.0117,0.0169,0.1691,-1.2552,4.8885
2026-09-16T20:07:21.925Z,0.3047,0.0031,0.0051,0.2183,-0.6995,7.9768,0.3528,0.0115,0.0025,0.2355,-0.5780,3.2646,0.2819,0.0165,0.0112,0.1359,-1.1957,4.4958
2026-09-16T20:07:22.922Z,0.2995,0.0081,0.0249,0.2358,-0.2052,5.0851,0.3252,0.0223,0.0194,0.1778,-0.0584,2.1356,0.2952,0.0083,0.0202,0.1994,-1.1219,4.8780
2026-09-16T20:07:23.922Z,0.3099,0.0032,0.0123,0.2293,-0.4507,9.0530,0.3729,0.0254,0.0156,0.2584,-0.4565,1.2216,0.2957,0.0242,0.0078,0.1999,-1.3470,1.9514
2026-09-16T20:07:24.941Z,0.3124,0.0136,0.0100,0.1824,-0.5331,3.8743,0.3570,0.0452,0.0308,0.2320,-0.4758,1.7164,0.3008,0.0283,0.0261,0.1533,-1.0677,1.2225
2026-09-16T20:07:25.942Z,0.2958,0.0446,0.0157,0.1641,-0.3410,1.4207,0.3517,0.0388,0.0173,0.1885,-0.3858,1.7353,0.2913,0.0192,0.0093,0.1217,-1.2246,1.9078
2026-09-16T20:07:26.942Z,0.3063,0.0169,0.0264,0.2123,-0.7252,3.6833,0.3608,0.0173,0.0186,0.2254,-0.5130,2.8003,0.2949,0.0056,0.0150,0.1512,-1.2378,6.8363
2026-09-16T20:07:27.945Z,0.2828,0.0316,0.0236,0.1929,0.1190,1.9366,0.3408,0.0187,0.0101,0.1965,-0.3451,2.3297,0.2912,0.0632,0.0354,0.1825,-1.0926,0.6839
2026-09-16T20:07:28.942Z,0.3070,0.0059,0.0429,0.2112,-0.7289,10.6603,0.3224,0.0285,0.0349,0.1939,-0.3503,2.5718,0.2907,0.0138,0.0257,0.1650,-1.4102,3.1109
2026-09-16T20:07:29.942Z,0.2951,0.0111,0.0259,0.2022,-0.5796,4.3402,0.3541,0.0283,0.0084,0.2095,-0.7680,0.5591,0.2912,0.0336,0.0173,0.1273,-1.4183,1.4349
2026-09-16T20:07:30.945Z,0.3140,0.0237,0.0239,0.2160,-0.2542,1.6066,0.3515,0.0222,0.0300,0.2030,-0.1948,2.0981,0.2889,0.0128,0.0241,0.1487,-0.9691,4.0856
2026-09-16T20:07:31.942Z,0.3080,0.0097,0.0234,0.2257,-0.3150,3.1929,0.3603,0.0092,0.0306,0.2661,-0.4561,6.9381,0.2944,0.0145,0.0047,0.1602,-1.0455,3.3935
2026-09-16T20:07:32.942Z,0.3205,0.0223,0.0454,0.2250,-0.5361,2.4869,0.3536,0.0099,0.0184,0.2219,-0.2778,4.3478,0.2960,0.0380,0.0080,0.1602,-1.3385,1.5230
2026-09-16T20:07:33.942Z,0.3111,0.0123,0.0386,0.2363,-0.3952,3.9793,0.4026,0.0138,0.0075,0.2815,-0.5944,4.0754,0.2978,0.0224,0.0102,0.2110,-0.8703,1.1231
2026-09-16T20:07:34.938Z,0.3200,0.0191,0.0268,0.2123,-0.2938,2.9500,0.3746,0.0421,0.0154,0.3022,-0.6371,1.4039,0.2988,0.0165,0.0140,0.1882,-1.1057,2.2553
2026-09-16T20:07:35.958Z,0.3188,0.0125,0.0376,0.1337,-0.3969,7.0498,0.3853,0.0252,0.0051,0.1422,-0.4896,2.0911,0.3025,0.0243,0.0327,0.1412,-1.3787,2.3589
2026-09-16T20:07:36.962Z,0.3114,0.0174,0.0081,0.2067,-0.8460,2.7993,0.3887,0.0116,0.0048,0.2790,-0.5278,2.2188,0.3002,0.0077,0.0130,0.1553,-1.3367,6.3453
2026-09-16T20:07:37.964Z,0.3178,0.0068,0.0209,0.2280,-0.4987,4.4949,0.3856,0.0082,0.0090,0.2738,-0.3392,6.4551,0.2920,0.0147,0.0285,0.1339,-0.9656,3.2518
2026-09-16T20:07:38.955Z,0.2989,0.0211,0.0113,0.2204,-0.3525,1.5557,0.3459,0.0114,0.0176,0.2503,-0.2382,2.5691,0.3038,0.0276,0.0230,0.1704,-1.0254,2.4891
2026-09-16T20:07:39.963Z,0.3156,0.0035,0.0199,0.2253,-0.4912,9.8838,0.3584,0.0249,0.0061,0.2387,-0.4133,1.2376,0.2991,0.0233,0.0117,0.1784,-1.3708,1.6347
2026-09-16T20:07:40.961Z,0.3158,0.0067,0.0230,0.2341,-0.7373,6.7856,0.3599,0.0022,0.0069,0.2399,-0.3578,25.3023,0.3034,0.0373,0.0131,0.1718,-1.2208,0.9561
2026-09-16T20:07:41.965Z,0.3209,0.0089,0.0285,0.2223,-0.2135,3.4624,0.4022,0.0125,0.0297,0.2786,-0.6609,3.8755,0.2987,0.0158,0.0085,0.1941,-0.9236,2.7984
2026-09-16T20:07:42.957Z,0.3251,0.0137,0.0200,0.2081,-0.4566,2.6907,0.3990,0.0264,0.0067,0.2836,-0.3917,1.7806,0.3105,0.0304,0.0272,0.1932,-1.3020,1.9197
2026-09-16T20:07:43.955Z,0.3076,0.0167,0.0255,0.2094,-0.7506,2.9331,0.3657,0.0325,0.0124,0.2217,-0.3651,1.9994,0.2943,0.0236,0.0136,0.1772,-1.2445,2.0218
2026-09-16T20:07:44.959Z,0.3124,0.0086,0.0340,0.2241,-0.2733,7.8384,0.3721,0.0196,0.0047,0.2526,-0.3374,2.1749,0.3062,0.0205,0.0040,0.2167,-1.0679,2.2795
2026-09-16T20:07:45.984Z,0.3158,0.0174,0.0120,0.1866,-0.7867,2.9830,0.3836,0.0074,0.0086,0.2644,-0.4313,4.4293,0.3022,0.0592,0.0096,0.1700,-1.3826,0.6460
2026-09-16T20:07:46.980Z,0.3081,0.0042,0.0336,0.2272,-0.3914,9.9829,0.3848,0.0080,0.0109,0.2806,-0.4155,8.1703,0.3040,0.0486,0.0131,0.1798,-0.9796,0.5054
2026-09-16T20:07:47.983Z,0.3165,0.0059,0.0055,0.1963,-0.2379,8.6732,0.3845,0.0052,0.0166,0.2645,-0.5567,13.5521,0.2992,0.0272,0.0162,0.1625,-1.3367,1.3698
2026-09-16T20:07:48.985Z,0.3026,0.0134,0.0389,0.2140,-0.5925,3.9035,0.3694,0.0176,0.0182,0.2490,-0.5028,1.9022,0.3090,0.0220,0.0227,0.2110,-1.1276,1.7790
2026-09-16T20:07:49.980Z,0.3019,0.0030,0.0263,0.1959,-0.2663,15.6745,0.3797,0.0315,0.0200,0.2965,-0.6213,1.6627,0.2965,0.0255,0.0070,0.1862,-0.8809,1.7969
2026-09-16T20:07:50.982Z,0.3043,0.0169,0.0071,0.1824,-0.7188,1.4719,0.3799,0.0192,0.0084,0.2757,-0.5650,3.1825,0.3084,0.0135,0.0074,0.1782,-1.3321,2.7296
2026-09-16T20:07:51.969Z,0.3016,0.0199,0.0370,0.2008,-0.1758,3.2029,0.3856,0.0373,0.0213,0.2829,-0.5443,1.6089,0.2987,0.0371,0.0203,0.1930,-1.0645,0.9145
2026-09-16T20:07:52.975Z,0.3098,0.0114,0.0346,0.2043,-0.6719,4.2639,0.3843,0.0299,0.0382,0.2624,-0.5023,1.6287,0.3107,0.0258,0.0065,0.1967,-1.2284,1.2176
2026-09-16T20:07:53.975Z,0.3117,0.0068,0.0265,0.1879,-0.4854,10.1342,0.4244,0.0238,0.0256,0.3031,-0.5216,1.8064,0.2996,0.0368,0.0137,0.1738,-1.0397,1.7226
2026-09-16T20:07:54.984Z,0.3162,0.0134,0.0149,0.2017,-0.4551,3.8879,0.3798,0.0414,0.0113,0.2374,-0.3376,1.2528,0.3044,0.0100,0.0029,0.1775,-1.1673,4.4448
2026-09-16T20:07:55.996Z,0.3082,0.0124,0.0194,0.1467,-0.3522,6.5306,0.3857,0.0227,0.0111,0.1832,-0.7312,3.3554,0.3038,0.0258,0.0522,0.1149,-1.0167,3.0716
2026-09-16T20:07:56.995Z,0.3166,0.0249,0.0403,0.1920,-0.5321,2.8060,0.3955,0.0259,0.0172,0.2276,-0.2623,2.0572,0.2964,0.0279,0.0255,0.1495,-1.0438,1.9676
2026-09-16T20:07:58.000Z,0.3118,0.0166,0.0363,0.2108,-0.3800,2.9006,0.3944,0.0154,0.0145,0.2705,-0.4772,5.0345,0.2970,0.0180,0.0143,0.1889,-0.9071,2.4254
2026-09-16T20:07:58.993Z,0.3188,0.0321,0.0259,0.2017,-0.7366,1.2630,0.3888,0.0474,0.0173,0.2514,-0.4297,1.5379,0.3074,0.0189,0.0070,0.1642,-1.2530,2.6103
2026-09-16T20:08:00.001Z,0.3039,0.0221,0.0258,0.2016,-0.2239,2.0119,0.4099,0.0122,0.0080,0.2895,-0.5268,5.9873,0.3024,0.0329,0.0126,0.1901,-1.0228,1.0238
2026-09-16T20:08:00.998Z,0.3088,0.0122,0.0226,0.1949,-0.6507,4.3370,0.4036,0.0346,0.0233,0.3035,-0.2888,1.5451,0.3166,0.0159,0.0138,0.1717,-1.3062,2.8806
2026-09-16T20:08:02.001Z,0.3040,0.0242,0.0362,0.1962,-0.4072,2.1297,0.3835,0.0212,0.0254,0.2823,-0.5158,2.6694,0.3138,0.0392,0.0190,0.1765,-1.1687,1.2514
2026-09-16T20:08:03.003Z,0.3252,0.0147,0.0247,0.1954,-0.6585,2.5577,0.3739,0.0275,0.0096,0.2809,-0.1610,1.7007,0.3198,0.0321,0.0112,0.1845,-1.1351,1.0416
2026-09-16T20:08:03.997Z,0.3252,0.0141,0.0051,0.2226,-0.4447,4.2174,0.3961,0.0204,0.0198,0.2740,-0.3759,3.5508,0.3118,0.0503,0.0249,0.1537,-1.2913,1.3240
2026-09-16T20:08:05.002Z,0.3148,0.0085,0.0087,0.2051,-0.4377,5.7988,0.3988,0.0171,0.0199,0.2760,-0.6662,2.6855,0.3175,0.0116,0.0239,0.1977,-1.0762,2.5393
2026-09-16T20:08:06.034Z,0.3243,0.0283,0.0131,0.1155,-0.5905,3.0655,0.3929,0.0238,0.0620,0.1467,-0.5372,4.0987,0.3168,0.0212,0.0060,0.0847,-1.0632,2.2814
2026-09-16T20:08:07.038Z,0.3218,0.0256,0.0247,0.2043,-0.5165,2.2940,0.4048,0.0320,0.0077,0.2987,-0.5654,2.2303,0.3254,0.0320,0.0054,0.1997,-1.2946,1.5312
2026-09-16T20:08:08.040Z,0.3235,0.0101,0.0405,0.2176,-0.6257,5.7211,0.4195,0.0226,0.0215,0.2995,-0.4402,2.5062,0.3229,0.0278,0.0182,0.2142,-1.0010,0.9997
2026-09-16T20:08:09.042Z,0.3134,0.0151,0.0095,0.2302,-0.7036,3.1796,0.3721,0.0198,0.0099,0.2524,-0.5900,2.2979,0.3083,0.0237,0.0047,0.1287,-1.4055,1.7192
2026-09-16T20:08:10.031Z,0.3322,0.0241,0.0384,0.2107,-0.5990,2.1906,0.4350,0.0075,0.0174,0.3336,-0.5303,5.6032,0.3173,0.0312,0.0232,0.1807,-1.0124,1.6457
2026-09-16T20:08:11.032Z,0.3075,0.0177,0.0054,0.2076,-0.5743,4.2216,0.3881,0.0279,0.0091,0.2494,-0.1075,1.0292,0.3180,0.0309,0.0276,0.1535,-1.3388,1.8268
2026-09-16T20:08:12.035Z,0.3191,0.0148,0.0482,0.1847,-0.4481,4.9379,0.4022,0.0157,0.0040,0.3224,-0.4245,2.7985,0.3190,0.0322,0.0128,0.1980,-1.0536,1.5738
2026-09-16T20:08:13.044Z,0.3049,0.0132,0.0189,0.2240,-0.6539,5.7512,0.3637,0.0284,0.0198,0.2853,-0.3169,1.3400,0.3179,0.0308,0.0231,0.1657,-1.4587,1.5573
2026-09-16T20:08:14.034Z,0.3215,0.0115,0.0040,0.1897,-0.5412,3.5799,0.4242,0.0063,0.0077,0.3265,-0.6914,8.4669,0.3160,0.0347,0.0081,0.2036,-0.9991,0.6000
2026-09-16T20:08:15.036Z,0.3402,0.0295,0.0442,0.2257,-0.4843,2.3985,0.4301,0.0279,0.0252,0.3051,-0.2338,1.7398,0.3188,0.0422,0.0022,0.1847,-1.3379,1.1038
2026-09-16T20:08:16.056Z,0.3502,0.0240,0.0182,0.2092,-0.5783,2.5945,0.5555,0.0629,0.0150,0.3846,-0.6407,1.4953,0.3313,0.0118,0.0171,0.1957,-0.8681,4.4069
2026-09-16T20:08:17.057Z,0.3386,0.0414,0.0224,0.2355,-0.5778,1.9952,0.5392,0.0624,0.0214,0.4739,-0.6628,1.3950,0.3432,0.0156,0.0175,0.2036,-1.0441,2.8142
2026-09-16T20:08:18.060Z,0.3353,0.0047,0.0192,0.2036,-0.6092,17.6712,0.4713,0.0242,0.0215,0.3630,-0.5156,2.3746,0.3221,0.0378,0.0152,0.2032,-1.1391,1.0257
2026-09-16T20:08:19.061Z,0.2215,0.0197,0.0095,0.0656,0.8472,3.5281,0.3732,0.0690,0.0143,0.0974,0.4552,1.3879,0.2771,0.0200,0.0151,0.0995,-0.5131,2.8087
2026-09-16T20:08:20.064Z,0.2112,0.0178,0.0317,0.1049,0.3321,5.4046,0.3262,0.0368,0.0328,0.2673,-0.0733,1.2422,0.3031,0.0203,0.0184,0.1308,-1.2384,2.3855
2026-09-16T20:08:21.056Z,0.2356,0.0136,0.0212,0.1539,0.1771,6.6659,0.3808,0.0146,0.0268,0.3517,-0.5622,2.8726,0.3057,0.0119,0.0037,0.2231,-1.0950,2.6026
2026-09-16T20:08:22.053Z,0.2151,0.0128,0.0103,0.1232,-0.2162,7.1685,0.3569,0.0173,0.0127,0.2835,0.2067,1.9698,0.3537,0.0551,0.0286,0.1416,-1.2544,1.6413
2026-09-16T20:08:23.064Z,0.2207,0.0308,0.0070,0.1142,-0.1782,2.8399,0.3404,0.0327,0.0122,0.2420,0.0773,1.1359,0.3388,0.0402,0.0093,0.1713,-1.2641,1.6267
2026-09-16T20:08:24.062Z,0.2243,0.0021,0.0341,0.1187,-0.2271,53.1531,0.3040,0.0212,0.0238,0.1996,-0.3538,3.8014,0.2840,0.0111,0.0278,0.0882,-1.3913,6.2364
2026-09-16T20:08:25.057Z,0.2470,0.0038,0.0183,0.1343,-0.2087,36.2950,0.3418,0.0223,0.0175,0.2350,-0.1643,1.3029,0.3176,0.0374,0.0308,0.2107,-1.0927,2.0017
2026-09-16T20:08:26.104Z,0.2412,0.0162,0.0250,0.0648,0.3386,4.7155,0.3550,0.0228,0.0291,0.1442,-0.0093,2.0173,0.3369,0.0358,0.0429,0.1031,-1.3291,1.8411
2026-09-16T20:08:27.104Z,0.2409,0.0113,0.0364,0.1425,0.1256,13.0632,0.3103,0.0330,0.0052,0.1825,-0.5403,2.1829,0.3202,0.0156,0.0294,0.2326,-1.1626,2.9998
2026-09-16T20:08:28.104Z,0.2473,0.0175,0.0128,0.1304,-0.0819,7.5567,0.3236,0.0084,0.0168,0.2477,-0.0994,5.8086,0.3375,0.0423,0.0320,0.1784,-1.2000,1.7014
2026-09-16T20:08:29.103Z,0.2298,0.0144,0.0424,0.0918,0.1293,6.8450,0.3175,0.0371,0.0199,0.1929,0.0627,1.2812,0.3187,0.0426,0.0135,0.1206,-1.3306,1.8389
2026-09-16T20:08:30.103Z,0.2602,0.0152,0.0225,0.1693,-0.1410,11.3333,0.3235,0.0068,0.0047,0.1934,-0.9081,12.2120,0.2872,0.0179,0.0182,0.1571,-1.1616,4.7252
2026-09-16T20:08:31.101Z,0.2501,0.0276,0.0325,0.1281,-0.2221,4.9158,0.3216,0.0080,0.0191,0.2302,-0.5061,3.9946,0.3330,0.0257,0.0187,0.2409,-1.1826,1.5240
2026-09-16T20:08:32.097Z,0.2533,0.0324,0.0101,0.1368,-0.2992,4.3662,0.3078,0.0010,0.0110,0.2118,0.1575,45.4417,0.3432,0.0517,0.0189,0.1899,-0.9749,1.6883
2026-09-16T20:08:33.101Z,0.2619,0.0282,0.0318,0.1662,-0.0967,6.0935,0.3246,0.0174,0.0068,0.2008,-0.5997,3.6913,0.3011,0.0404,0.0165,0.1297,-1.3458,1.7945
2026-09-16T20:08:34.103Z,0.2511,0.0012,0.0268,0.1655,-0.4795,138.4463,0.3043,0.0149,0.0227,0.1721,-0.6765,5.1481,0.3016,0.0261,0.0165,0.1948,-1.1456,1.8108
2026-09-16T20:08:35.122Z,0.2529,0.0182,0.0251,0.1144,-0.4997,7.2538,0.2988,0.0043,0.0097,0.1973,-0.1532,11.6765,0.3342,0.0233,0.0076,0.2023,-1.1373,3.5190
2026-09-16T20:08:36.142Z,0.2570,0.0202,0.0197,0.1096,-0.3473,5.5878,0.3188,0.0168,0.0209,0.1681,-0.0641,2.4809,0.3479,0.0207,0.0225,0.1033,-1.1984,3.1743
2026-09-16T20:08:37.140Z,0.2557,0.0112,0.0391,0.1176,0.4452,10.4480,0.3018,0.0112,0.0257,0.2113,0.2978,3.5794,0.3540,0.0456,0.0253,0.1246,-0.8943,2.0035
2026-09-16T20:08:38.130Z,0.2579,0.0213,0.0278,0.1470,0.0970,7.0702,0.2701,0.0112,0.0219,0.1657,0.4869,2.7003,0.3288,0.0142,0.0157,0.0991,-1.2474,5.6092
2026-09-16T20:08:39.133Z,0.2611,0.0143,0.0348,0.1297,0.0308,9.5781,0.2975,0.0216,0.0213,0.2206,0.1825,2.3052,0.3440,0.0196,0.0061,0.1441,-1.2885,4.6235
2026-09-16T20:08:40.141Z,0.2623,0.0167,0.0231,0.1704,-0.3520,10.3439,0.2885,0.0164,0.0094,0.1816,0.6511,1.7912,0.3231,0.0247,0.0095,0.1580,-1.2040,3.3027
2026-09-16T20:08:41.144Z,0.2760,0.0027,0.0551,0.1827,-0.3955,69.3819,0.2914,0.0149,0.0087,0.1695,-0.5487,3.9741,0.3000,0.0213,0.0245,0.1230,-1.3124,4.0189
2026-09-16T20:08:42.132Z,0.2888,0.0126,0.0455,0.1902,-0.4337,15.5722,0.3014,0.0322,0.0169,0.1929,-0.9417,1.7945,0.2912,0.0201,0.0120,0.2239,-1.1062,3.0298
2026-09-16T20:08:43.132Z,0.2774,0.0163,0.0249,0.1995,-0.8218,12.3330,0.2856,0.0291,0.0123,0.1685,-0.5448,1.8786,0.3233,0.0368,0.0168,0.2344,-1.1565,1.3554
2026-09-16T20:08:44.137Z,0.2472,0.0060,0.0173,0.1372,-0.4770,23.5216,0.2962,0.0219,0.0167,0.2072,-0.4932,2.1766,0.3428,0.0272,0.0086,0.2051,-1.0252,2.8745
2026-09-16T20:08:45.143Z,0.2672,0.0070,0.0422,0.1529,-0.5940,22.8909,0.3221,0.0195,0.0139,0.2525,-0.5764,2.5021,0.3396,0.0280,0.0027,0.2514,-1.1489,1.7500
2026-09-16T20:08:46.158Z,0.2597,0.0154,0.0739,0.0968,-0.3152,8.4797,0.2819,0.0167,0.0125,0.1465,0.3062,2.8234,0.3422,0.0275,0.0579,0.1058,-1.1164,3.4133
2026-09-16T20:08:47.183Z,0.2758,0.0293,0.0352,0.1995,-0.5713,6.9977,0.2995,0.0179,0.0012,0.1873,-0.7354,4.8773,0.3031,0.0403,0.0264,0.1975,-1.1884,1.2015
2026-09-16T20:08:48.180Z,0.2651,0.0237,0.0236,0.1498,-0.4143,6.5350,0.3100,0.0157,0.0041,0.1950,-0.1780,2.6786,0.3191,0.0242,0.0237,0.1273,-1.2660,3.7621
2026-09-16T20:08:49.183Z,0.2748,0.0238,0.0332,0.1502,-0.4870,6.3960,0.2973,0.0148,0.0165,0.2188,-0.6965,2.7479,0.3174,0.0310,0.0121,0.1280,-1.2584,2.6495
2026-09-16T20:08:50.169Z,0.2665,0.0033,0.0397,0.1650,-0.2204,46.1557,0.3157,0.0253,0.0183,0.2415,-0.4831,1.7856,0.3170,0.0124,0.0206,0.1501,-1.1671,6.3325
2026-09-16T20:08:51.179Z,0.2775,0.0100,0.0324,0.1822,-0.2530,16.9871,0.3035,0.0185,0.0130,0.2351,-0.3823,2.2642,0.3128,0.0044,0.0102,0.1687,-1.1951,9.6455
2026-09-16T20:08:52.183Z,0.2761,0.0338,0.0389,0.1541,-0.3086,4.2695,0.3566,0.0254,0.0309,0.3036,-0.3264,2.2270,0.3282,0.0357,0.0127,0.2122,-1.1208,1.1159
2026-09-16T20:08:53.170Z,0.2780,0.0209,0.0284,0.1815,0.1785,7.6349,0.3602,0.0189,0.0391,0.3140,-0.7010,3.4058,0.3147,0.0291,0.0111,0.2074,-1.1115,1.6345
2026-09-16T20:08:54.173Z,0.2797,0.0121,0.0643,0.1873,-0.5346,13.0332,0.3370,0.0036,0.0414,0.2514,-0.2178,15.7100,0.3294,0.0223,0.0092,0.2004,-1.1620,2.7752
2026-09-16T20:08:55.175Z,0.2818,0.0135,0.0696,0.2096,-0.4510,13.6728,0.3529,0.0089,0.0320,0.2820,-0.2958,4.9528,0.3178,0.0778,0.0398,0.1640,-1.2781,0.9176
2026-09-16T20:08:56.210Z,0.2914,0.0251,0.0126,0.1430,-0.3077,1.8590,0.3655,0.0238,0.0372,0.2289,-0.5980,1.9932,0.3264,0.0079,0.0170,0.1423,-1.1627,9.0862
2026-09-16T20:08:57.214Z,0.3052,0.0226,0.0847,0.1835,-0.5639,6.1641,0.3604,0.0012,0.0788,0.2116,-0.6594,84.1598,0.3311,0.0342,0.0346,0.1668,-1.1382,1.7580
2026-09-16T20:08:58.240Z,0.2980,0.0310,0.0285,0.1434,-0.7580,1.8475,0.3902,0.0228,0.0496,0.2396,-0.4040,3.6172,0.3427,0.0660,0.0263,0.2339,-1.2735,0.7244
2026-09-16T20:08:59.245Z,0.2837,0.0023,0.0428,0.1520,-0.0076,46.0939,0.3990,0.0401,0.0244,0.3224,-0.1345,1.6827,0.3278,0.0512,0.0286,0.2167,-1.0398,1.1777
2026-09-16T20:09:00.237Z,0.3100,0.0101,0.0268,0.1981,-0.3326,13.1041,0.3701,0.0296,0.0272,0.2563,-0.6023,1.4036,0.3294,0.0219,0.0048,0.1846,-0.9552,1.8777
2026-09-16T20:09:01.230Z,0.2902,0.0146,0.0748,0.2139,-0.4726,11.5915,0.3625,0.0168,0.0295,0.2901,-0.5487,2.4258,0.3176,0.0086,0.0341,0.1961,-1.1725,6.9143
2026-09-16T20:09:02.240Z,0.2969,0.0105,0.0235,0.1700,-0.4748,11.6112,0.3671,0.0213,0.0169,0.3017,-0.2291,1.8222,0.3297,0.0440,0.0112,0.1996,-0.9233,1.1542
2026-09-16T20:09:03.241Z,0.2946,0.0262,0.0564,0.1812,-0.2482,5.3236,0.3730,0.0279,0.0324,0.2922,-0.6982,2.6549,0.3276,0.0472,0.0169,0.1904,-1.1710,1.2921
2026-09-16T20:09:04.238Z,0.2964,0.0253,0.0367,0.1513,-0.2529,4.0369,0.3982,0.0233,0.0257,0.2774,-0.4004,2.1659,0.3394,0.0080,0.0283,0.1888,-1.1593,7.0669
2026-09-16T20:09:05.244Z,0.2872,0.0183,0.0281,0.1422,-0.2931,5.7436,0.3741,0.0094,0.0110,0.2398,-0.4808,7.8386,0.3312,0.0298,0.0229,0.1969,-1.1025,2.1666
2026-09-16T20:09:06.262Z,0.2946,0.0467,0.0850,0.1158,-0.2194,2.5835,0.3491,0.0048,0.0124,0.1539,-0.1617,13.8720,0.3375,0.0447,0.0153,0.1157,-1.2256,1.5590
2026-09-16T20:09:07.263Z,0.3045,0.0339,0.0663,0.1780,-0.5564,4.2201,0.3434,0.0219,0.0332,0.2326,-0.4581,2.4912,0.3170,0.0387,0.0313,0.1264,-1.1233,1.7489
2026-09-16T20:09:08.251Z,0.2907,0.0072,0.0321,0.1838,-0.5065,20.3890,0.3078,0.0410,0.0087,0.2445,-0.1282,1.2080,0.3110,0.0345,0.0372,0.1194,-1.1196,1.7766
2026-09-16T20:09:09.270Z,0.2852,0.0128,0.0553,0.1876,-0.4479,7.1249,0.3142,0.0205,0.0339,0.1777,-0.0735,3.4727,0.3325,0.0355,0.0287,0.1790,-1.2344,1.2730
2026-09-16T20:09:10.280Z,0.2975,0.0040,0.0397,0.1584,-0.2016,33.6953,0.3830,0.0227,0.0377,0.2996,-0.2973,2.6060,0.3286,0.0382,0.0072,0.1939,-1.0720,1.7036
2026-09-16T20:09:11.283Z,0.2856,0.0053,0.0387,0.1514,-0.0736,19.8502,0.3849,0.0229,0.0113,0.3205,-0.3943,1.6342,0.3307,0.0098,0.0190,0.2282,-1.1770,4.2453
2026-09-16T20:09:12.270Z,0.3016,0.0140,0.0491,0.1981,-0.1202,9.6926,0.3950,0.0112,0.0170,0.3262,-0.4052,3.3543,0.3217,0.0270,0.0120,0.1829,-1.0670,1.6828
2026-09-16T20:09:13.273Z,0.2862,0.0194,0.0672,0.1968,-0.3808,8.1385,0.3320,0.0189,0.0203,0.2252,-0.3519,2.4990,0.3269,0.0144,0.0179,0.1570,-1.1410,3.0848
2026-09-16T20:09:14.275Z,0.2967,0.0245,0.0673,0.1847,-0.4050,5.8184,0.3922,0.0175,0.0249,0.3545,-0.4448,1.7542,0.3320,0.0043,0.0286,0.2016,-1.0157,11.7317
2026-09-16T20:09:15.277Z,0.2997,0.0423,0.0587,0.1988,-0.4348,3.9520,0.4125,0.0568,0.0231,0.3529,-0.7346,1.2614,0.3349,0.0353,0.0234,0.1766,-0.8874,1.2471
2026-09-16T20:09:16.313Z,0.2889,0.0045,0.0041,0.1368,-0.2923,5.6060,0.4171,0.0159,0.0461,0.2759,-0.6673,4.2124,0.3432,0.0331,0.0059,0.1910,-1.0491,2.3647
2026-09-16T20:09:17.316Z,0.2916,0.0278,0.0222,0.1727,-0.3299,4.2033,0.3733,0.0235,0.0394,0.2817,-0.2975,3.0578,0.3318,0.0072,0.0122,0.1821,-1.0766,10.0331
2026-09-16T20:09:18.318Z,0.2884,0.0255,0.0443,0.1738,-0.5270,5.0889,0.3367,0.0199,0.0343,0.2499,-0.0710,2.5528,0.3183,0.0367,0.0194,0.1830,-1.0355,1.8197
2026-09-16T20:09:19.319Z,0.2964,0.0274,0.0360,0.1857,-0.4560,4.4840,0.3788,0.0109,0.0192,0.3287,-0.1571,4.1390,0.3330,0.0162,0.0200,0.2209,-1.1255,3.4854
2026-09-16T20:09:20.330Z,0.3002,0.0080,0.0543,0.1366,-0.3401,8.8269,0.3623,0.0193,0.0344,0.2188,-0.3187,3.0605,0.3367,0.0241,0.0153,0.1841,-1.2335,2.3226
2026-09-16T20:09:21.332Z,0.3059,0.0130,0.0680,0.1928,-0.2635,11.7853,0.3802,0.0236,0.0369,0.3087,-0.6441,2.7746,0.3253,0.0151,0.0346,0.2030,-1.0881,3.6177
2026-09-16T20:09:22.342Z,0.2900,0.0325,0.0399,0.1432,-0.2455,2.7327,0.3671,0.0241,0.0298,0.2872,-0.2115,2.0007,0.3320,0.0512,0.0189,0.1984,-1.1804,0.7644
2026-09-16T20:09:23.338Z,0.2858,0.0534,0.0141,0.1754,-0.4572,2.2978,0.3344,0.0218,0.0195,0.2530,-0.2553,2.1739,0.3226,0.0133,0.0087,0.1937,-1.0974,6.6506
2026-09-16T20:09:24.342Z,0.2901,0.0309,0.0528,0.1979,-0.2431,4.8186,0.3267,0.0168,0.0230,0.2473,-0.1919,2.6636,0.3158,0.0166,0.0092,0.1164,-1.2467,2.9510
2026-09-16T20:09:25.338Z,0.2881,0.0292,0.0755,0.1859,-0.2238,4.9555,0.3483,0.0171,0.0245,0.2527,-0.3585,2.9096,0.3170,0.0215,0.0148,0.2179,-1.1004,1.2067
2026-09-16T20:09:26.380Z,0.3012,0.0049,0.0109,0.0962,-0.3327,17.9274,0.3745,0.0032,0.0397,0.2064,-0.3739,24.7889,0.3371,0.0153,0.0165,0.1442,-0.9711,3.2556
2026-09-16T20:09:27.381Z,0.2789,0.0227,0.0316,0.1640,-0.3277,4.9934,0.3797,0.0142,0.0672,0.3293,0.0305,5.6860,0.3305,0.0350,0.0061,0.2140,-0.9768,1.3502
2026-09-16T20:09:28.385Z,0.2967,0.0110,0.0660,0.2165,-0.5155,12.6069,0.3644,0.0125,0.0327,0.2723,-0.3940,4.9348,0.3254,0.0168,0.0268,0.2104,-1.1540,3.9226
2026-09-16T20:09:29.384Z,0.2969,0.0107,0.0581,0.1793,-0.1685,11.5127,0.4011,0.0191,0.0177,0.3442,-0.4111,2.3450,0.3388,0.0222,0.0064,0.2042,-1.0537,3.2818
2026-09-16T20:09:30.381Z,0.2942,0.0131,0.0619,0.1844,-0.2181,9.5815,0.4236,0.0102,0.0149,0.3833,-0.7356,4.6747,0.3170,0.0216,0.0188,0.1886,-0.9879,2.1103
2026-09-16T20:09:31.399Z,0.2883,0.0116,0.0406,0.1360,-0.3468,6.7819,0.3824,0.0076,0.0340,0.2696,-0.5015,7.4199,0.3240,0.0204,0.0161,0.1848,-1.1640,1.7714
2026-09-16T20:09:32.398Z,0.2974,0.0155,0.0184,0.1852,-0.3660,7.4881,0.3821,0.0240,0.0168,0.3405,-0.4433,1.9631,0.3225,0.0252,0.0155,0.1631,-1.0456,2.7327
2026-09-16T20:09:33.398Z,0.2994,0.0100,0.0466,0.1696,-0.2485,12.0401,0.3998,0.0175,0.0105,0.3114,-0.2618,4.2787,0.3331,0.0274,0.0090,0.2232,-1.1721,2.1668
2026-09-16T20:09:34.392Z,0.2991,0.0132,0.0592,0.1973,-0.1595,11.8728,0.3609,0.0095,0.0337,0.2781,-0.2470,7.4442,0.3222,0.0162,0.0139,0.1572,-1.0975,2.8233
2026-09-16T20:09:35.395Z,0.2843,0.0157,0.0343,0.1698,-0.2456,6.9734,0.3731,0.0209,0.0324,0.2789,-0.4674,2.6134,0.3327,0.0270,0.0191,0.2123,-1.0916,1.8060
2026-09-16T20:09:36.413Z,0.2906,0.0206,0.0591,0.1653,-0.6275,8.6656,0.3099,0.0277,0.0362,0.1452,-0.2484,2.0184,0.3272,0.0103,0.0129,0.1313,-1.2278,5.5862
2026-09-16T20:09:37.418Z,0.3017,0.0162,0.0068,0.1436,-0.2268,9.0695,0.3730,0.0052,0.0101,0.2150,-0.4582,8.5533,0.3233,0.0147,0.0111,0.1500,-1.0903,5.2644
2026-09-16T20:09:38.419Z,0.2918,0.0026,0.0179,0.1787,-0.0683,51.3574,0.3461,0.0168,0.0183,0.2669,-0.3607,1.7637,0.3281,0.0181,0.0259,0.1765,-1.2619,4.3555
2026-09-16T20:09:39.412Z,0.2780,0.0353,0.0493,0.1563,-0.4125,3.2166,0.3170,0.0057,0.0170,0.2222,-0.0925,8.0380,0.3273,0.0816,0.0214,0.1896,-1.2012,0.6989
2026-09-16T20:09:40.416Z,0.2949,0.0043,0.0564,0.1915,-0.3266,30.1225,0.3431,0.0171,0.0064,0.2287,-0.2874,1.4618,0.3294,0.0529,0.0275,0.1801,-1.1907,1.4485
2026-09-16T20:09:41.417Z,0.2987,0.0366,0.0489,0.1961,-0.6931,3.6640,0.3391,0.0130,0.0137,0.2377,-0.2645,2.5715,0.3275,0.0068,0.0355,0.1679,-1.0110,8.2233
2026-09-16T20:09:42.444Z,0.3018,0.0237,0.0412,0.1859,-0.4381,5.2004,0.3705,0.0211,0.0292,0.2705,-0.6226,3.1402,0.3214,0.0538,0.0157,0.1803,-1.1126,1.0767
2026-09-16T20:09:43.437Z,0.2951,0.0142,0.0403,0.1923,-0.2184,7.9839,0.4087,0.0105,0.0180,0.3500,-0.5943,2.6508,0.3296,0.0280,0.0174,0.2139,-1.0243,1.8492
2026-09-16T20:09:44.439Z,0.3066,0.0097,0.0476,0.1610,-0.4412,9.2627,0.4363,0.0348,0.0105,0.3451,-0.4429,1.6989,0.3330,0.0176,0.0115,0.1925,-1.1648,1.9013
2026-09-16T20:09:45.443Z,0.2847,0.0146,0.0381,0.1780,-0.2740,8.0571,0.4000,0.0209,0.0280,0.3164,-0.5118,2.6133,0.3236,0.0114,0.0033,0.2334,-1.0287,5.0513
2026-09-16T20:09:46.465Z,0.2929,0.0156,0.0319,0.1193,-0.0893,5.7466,0.4082,0.0162,0.0192,0.2459,-0.5804,5.7857,0.3296,0.0205,0.0137,0.1185,-1.1264,3.3971
2026-09-16T20:09:47.457Z,0.2903,0.0251,0.0097,0.1784,-0.0534,4.8858,0.4260,0.0162,0.0214,0.3571,-0.6499,3.6767,0.3260,0.0263,0.0236,0.1897,-1.0767,2.1128
2026-09-16T20:09:48.458Z,0.2869,0.0239,0.0353,0.1799,-0.2453,5.1101,0.3777,0.0619,0.0337,0.2949,-0.3008,1.2686,0.3217,0.0542,0.0280,0.1572,-1.1626,1.0877
2026-09-16T20:09:49.462Z,0.2892,0.0165,0.0541,0.1828,-0.1604,7.9591,0.3787,0.0216,0.0233,0.2694,-0.1635,2.8730,0.3189,0.0238,0.0141,0.2098,-1.1598,2.1296
2026-09-16T20:09:50.464Z,0.2913,0.0271,0.0319,0.1694,0.3390,3.4347,0.4223,0.0420,0.0291,0.3089,-0.5804,1.9146,0.3349,0.0033,0.0393,0.2055,-1.2507,21.5973
2026-09-16T20:09:51.460Z,0.2884,0.0165,0.0262,0.1707,0.0727,5.2795,0.3959,0.0330,0.0301,0.3309,-0.2994,2.2239,0.3194,0.0191,0.0276,0.1421,-1.0809,3.1747
2026-09-16T20:09:52.455Z,0.2863,0.0179,0.0133,0.1353,0.0375,5.5118,0.3809,0.0153,0.0355,0.3026,-0.3070,2.7890,0.3180,0.0234,0.0081,0.1846,-1.1571,2.4970
2026-09-16T20:09:53.477Z,0.2936,0.0109,0.0579,0.1879,-0.3996,6.7207,0.3179,0.0282,0.0202,0.1947,-0.2076,1.7791,0.3118,0.0218,0.0392,0.1218,-1.2291,2.2465
2026-09-16T20:09:54.478Z,0.2876,0.0027,0.0510,0.1865,-0.1297,49.3634,0.3607,0.0151,0.0394,0.2721,-0.2541,3.5226,0.3244,0.0214,0.0214,0.1682,-1.2617,1.4950
2026-09-16T20:09:55.484Z,0.2814,0.0362,0.0638,0.1872,-0.3289,4.0367,0.3588,0.0079,0.0343,0.2901,0.0594,6.8963,0.3098,0.0309,0.0239,0.1617,-1.1144,1.8120
2026-09-16T20:09:56.502Z,0.2985,0.0170,0.0366,0.1854,-0.0089,10.3883,0.3825,0.0199,0.0134,0.2767,-0.3970,1.8798,0.3092,0.0295,0.0177,0.1385,-1.1657,2.3517
2026-09-16T20:09:57.506Z,0.3057,0.0124,0.0375,0.2036,-0.5079,11.2221,0.3582,0.0426,0.0170,0.2557,-0.0998,1.1011,0.3233,0.0353,0.0156,0.1709,-1.0755,1.7987
2026-09-16T20:09:58.503Z,0.2853,0.0190,0.0243,0.1566,-0.0033,4.7503,0.3641,0.0240,0.0183,0.2843,-0.1847,1.0639,0.3260,0.0300,0.0074,0.1723,-1.0943,1.8207
2026-09-16T20:09:59.503Z,0.2825,0.0134,0.0480,0.1927,0.0251,11.8354,0.3689,0.0073,0.0260,0.2753,-0.3401,8.3260,0.3130,0.0301,0.0227,0.1821,-1.2178,2.3552
2026-09-16T20:10:00.504Z,0.2971,0.0077,0.0450,0.1936,-0.2217,17.1832,0.3665,0.0456,0.0026,0.3089,-0.1510,0.7862,0.3169,0.0244,0.0185,0.1822,-1.1510,2.3879
2026-09-16T20:10:01.497Z,0.2998,0.0153,0.0487,0.1953,-0.1740,8.6967,0.4241,0.0191,0.0110,0.3939,-0.3148,1.8611,0.3215,0.0186,0.0211,0.2142,-1.0037,3.4139
2026-09-16T20:10:02.503Z,0.2883,0.0080,0.0373,0.1944,-0.1316,18.8714,0.4227,0.0128,0.0223,0.3524,-0.3436,4.4727,0.3142,0.0170,0.0047,0.1650,-1.2748,2.4570
2026-09-16T20:10:03.516Z,0.2998,0.0137,0.0486,0.1834,-0.1917,9.2370,0.3733,0.0058,0.0138,0.2500,-0.0564,10.7095,0.3203,0.0238,0.0257,0.2082,-1.0771,2.4840
2026-09-16T20:10:04.512Z,0.2923,0.0084,0.0332,0.1982,0.0019,15.1963,0.3987,0.0330,0.0217,0.3073,-0.5635,1.7597,0.3267,0.0130,0.0318,0.1911,-1.1925,5.1293
2026-09-16T20:10:05.524Z,0.2899,0.0141,0.0661,0.1869,-0.1206,9.8144,0.3770,0.0262,0.0338,0.2554,-0.1638,2.6545,0.3170,0.0185,0.0174,0.1208,-1.2311,2.7106
2026-09-16T20:10:06.520Z,0.2939,0.0354,0.0334,0.1672,0.0854,3.4389,0.3628,0.0329,0.0180,0.2716,-0.1885,1.2050,0.3223,0.0376,0.0251,0.1428,-1.2103,1.3512
2026-09-16T20:10:07.565Z,0.2923,0.0248,0.0354,0.1376,-0.1597,2.2855,0.4025,0.0065,0.0284,0.2789,-0.4116,8.1620,0.3254,0.0323,0.0075,0.1566,-1.1825,1.6608
2026-09-16T20:10:08.563Z,0.2969,0.0243,0.0477,0.1874,-0.4399,4.7163,0.3751,0.0307,0.0230,0.2526,-0.2414,1.4917,0.3212,0.0199,0.0249,0.1874,-1.2130,2.6606
2026-09-16T20:10:09.554Z,0.3037,0.0148,0.0737,0.1774,-0.2127,9.6043,0.3935,0.0212,0.0349,0.3043,-0.3710,3.1508,0.3358,0.0254,0.0250,0.2243,-1.0571,3.1456
2026-09-16T20:10:10.557Z,0.3141,0.0218,0.0578,0.1756,-0.3339,6.7786,0.4875,0.0207,0.0192,0.4938,-0.6766,1.6988,0.3257,0.0341,0.0197,0.1657,-0.8218,1.4010
2026-09-16T20:10:11.558Z,0.3066,0.0192,0.0340,0.1648,-0.5420,6.1777,0.4710,0.0224,0.0187,0.3954,-0.3617,2.4985,0.3433,0.0173,0.0114,0.1786,-1.0769,1.9046
2026-09-16T20:10:12.564Z,0.3017,0.0290,0.0715,0.1802,-0.4653,5.2677,0.4256,0.0109,0.0742,0.4052,-0.4689,9.2537,0.3235,0.0113,0.0385,0.1914,-1.1015,4.9101
2026-09-16T20:10:13.551Z,0.3063,0.0061,0.0339,0.1287,0.4877,15.3081,0.4900,0.0335,0.0251,0.4098,0.0190,2.0570,0.3204,0.0225,0.0267,0.2201,-0.7133,1.9360
2026-09-16T20:10:14.552Z,0.2633,0.0127,0.0151,0.0654,5.5555,2.2304,0.4392,0.0131,0.0271,0.1178,11.7556,5.5993,0.3553,0.0338,0.0085,0.0963,0.1636,1.2952
2026-09-16T20:10:15.550Z,0.2641,0.0038,0.0227,0.1061,-0.3467,12.3339,0.3700,0.0155,0.0080,0.1684,-0.0146,3.7744,0.3847,0.0452,0.0136,0.2506,-0.8862,1.3491
2026-09-16T20:10:16.584Z,0.1910,0.0214,0.0092,0.0852,-0.0756,0.9753,0.2693,0.0333,0.0129,0.1559,-0.0141,1.0095,0.2988,0.0628,0.0180,0.2130,-1.0627,0.6238
2026-09-16T20:10:17.604Z,0.1944,0.0302,0.0015,0.1073,-0.6173,1.0959,0.2821,0.0410,0.0261,0.1767,-0.4245,1.2835,0.2562,0.0158,0.0233,0.1068,-1.1610,3.0350
2026-09-16T20:10:18.603Z,0.1797,0.0222,0.0047,0.0943,-0.3663,1.3966,0.2595,0.0281,0.0267,0.1163,-0.4360,1.0827,0.2387,0.0472,0.0163,0.1142,-1.2267,0.7546
2026-09-16T20:10:19.603Z,0.1817,0.0266,0.0180,0.1005,-0.4662,0.9407,0.2456,0.0186,0.0215,0.1100,-0.7184,2.2913,0.2296,0.0257,0.0101,0.1149,-1.2030,0.7931
2026-09-16T20:10:20.600Z,0.2061,0.0332,0.0209,0.0958,-0.3123,0.8659,0.2688,0.0334,0.0247,0.1265,-0.5574,1.5483,0.2233,0.0306,0.0172,0.1443,-1.2327,0.9508
2026-09-16T20:10:21.603Z,0.1968,0.0380,0.0058,0.0999,-0.2395,0.5619,0.2831,0.0470,0.0149,0.1544,-0.7180,0.9228,0.2144,0.0308,0.0061,0.1076,-1.1005,0.6061
2026-09-16T20:10:22.602Z,0.2061,0.0225,0.0058,0.1277,-0.1076,0.5478,0.2964,0.0392,0.0196,0.1364,-0.6494,1.2637,0.2077,0.0262,0.0148,0.1189,-1.1529,1.1571
2026-09-16T20:10:23.605Z,0.1987,0.0086,0.0032,0.1178,-0.0400,2.2485,0.2989,0.0267,0.0281,0.1576,-0.6559,1.5885,0.2090,0.0211,0.0163,0.1244,-0.9291,1.8208
2026-09-16T20:10:24.604Z,0.2107,0.0285,0.0089,0.1223,-0.3693,0.7014,0.2814,0.0146,0.0163,0.1281,-0.2823,1.8410,0.1962,0.0264,0.0208,0.1232,-1.1073,1.1044
2026-09-16T20:10:25.603Z,0.2172,0.0178,0.0161,0.1433,-0.0980,1.5849,0.2898,0.0509,0.0129,0.1634,-0.8489,1.1834,0.2029,0.0124,0.0166,0.1014,-0.8905,2.0520
2026-09-16T20:10:26.622Z,0.2300,0.0111,0.0196,0.1232,-0.6442,2.2491,0.2857,0.0329,0.0088,0.1312,-0.6020,0.9929,0.2012,0.0075,0.0208,0.1223,-1.0179,4.8892
2026-09-16T20:10:27.637Z,0.2166,0.0141,0.0470,0.0855,-0.1790,4.2843,0.2837,0.0093,0.0310,0.0928,-0.4580,5.9944,0.1978,0.0288,0.0302,0.0846,-1.1173,1.6579
2026-09-16T20:10:28.639Z,0.2044,0.0255,0.0070,0.1253,-0.2061,1.1678,0.2783,0.0423,0.0075,0.1307,-0.5056,0.7057,0.1929,0.0093,0.0065,0.1214,-0.9318,2.6417
2026-09-16T20:10:29.643Z,0.2179,0.0137,0.0085,0.1469,-0.3170,1.5541,0.2759,0.0190,0.0198,0.1361,-0.5674,1.7359,0.1890,0.0302,0.0128,0.1102,-1.0670,0.9760
2026-09-16T20:10:30.643Z,0.2442,0.0281,0.0256,0.1258,0.0251,1.2214,0.2803,0.0117,0.0238,0.1392,-0.5860,4.3469,0.2012,0.0223,0.0152,0.1175,-1.1924,1.3089
2026-09-16T20:10:31.642Z,0.2087,0.0360,0.0143,0.1314,0.0937,1.2675,0.2739,0.0179,0.0250,0.1648,-0.3689,2.3214,0.1937,0.0165,0.0103,0.0822,-1.0834,1.3776
2026-09-16T20:10:32.644Z,0.2299,0.0126,0.0194,0.1354,-0.3060,4.0242,0.2751,0.0549,0.0141,0.1336,-0.5761,0.8556,0.1933,0.0040,0.0110,0.1284,-0.9575,6.9484
2026-09-16T20:10:33.644Z,0.2287,0.0192,0.0113,0.1420,-0.2601,0.7540,0.2753,0.0532,0.0185,0.1494,-0.4672,1.1267,0.1960,0.0396,0.0081,0.1101,-1.0930,0.8782
2026-09-16T20:10:34.644Z,0.2355,0.0127,0.0043,0.1203,-0.2256,2.5846,0.2922,0.0237,0.0193,0.1318,-0.6306,1.9876,0.1936,0.0096,0.0038,0.1036,-1.0766,1.7660
2026-09-16T20:10:35.644Z,0.2397,0.0261,0.0103,0.1439,-0.2579,0.7410,0.2821,0.0269,0.0088,0.1533,-0.6887,1.6896,0.1986,0.0203,0.0033,0.0989,-1.1410,1.7437
2026-09-16T20:10:36.638Z,0.2334,0.0337,0.0122,0.1393,0.0438,0.4716,0.2969,0.0254,0.0256,0.1741,-0.7248,1.9283,0.1977,0.0159,0.0096,0.1313,-0.9397,2.2702
2026-09-16T20:10:37.669Z,0.2309,0.0308,0.0294,0.0744,-0.5717,2.5687,0.2913,0.0172,0.0110,0.0739,-0.6389,2.5980,0.1982,0.0267,0.0090,0.0644,-1.1092,2.0306
2026-09-16T20:10:38.683Z,0.2151,0.0204,0.0093,0.1232,-0.1158,1.8819,0.2853,0.0297,0.0166,0.1434,-0.5506,1.7151,0.1880,0.0141,0.0105,0.1045,-1.0046,2.0504
2026-09-16T20:10:39.677Z,0.2426,0.0255,0.0140,0.1310,-0.4056,1.1196,0.3164,0.0250,0.0325,0.1781,-0.8755,1.5127,0.2011,0.0372,0.0124,0.1313,-0.8882,0.6385
2026-09-16T20:10:40.676Z,0.2413,0.0229,0.0074,0.1535,-0.1183,1.4944,0.2995,0.0260,0.0215,0.1449,-0.7422,1.3803,0.1896,0.0178,0.0139,0.1002,-1.0963,1.3413
2026-09-16T20:10:41.681Z,0.2350,0.0131,0.0117,0.1212,0.0826,1.6220,0.2852,0.0134,0.0137,0.1415,-0.3746,2.8177,0.1961,0.0231,0.0126,0.1222,-1.0286,0.9958
2026-09-16T20:10:42.683Z,0.2426,0.0265,0.0284,0.1688,-0.3241,1.5171,0.2916,0.0317,0.0078,0.1893,-0.2746,1.0691,0.2000,0.0282,0.0059,0.1179,-0.8621,0.9920
2026-09-16T20:10:43.684Z,0.2313,0.0133,0.0126,0.1292,-0.3312,2.4236,0.3041,0.0371,0.0365,0.1869,-0.8216,1.2852,0.1908,0.0277,0.0176,0.1241,-0.9226,1.2924
2026-09-16T20:10:44.681Z,0.2400,0.0177,0.0283,0.1538,-0.3448,2.0203,0.2841,0.0257,0.0153,0.1374,-0.5668,1.9229,0.2042,0.0241,0.0086,0.1380,-1.0718,0.9510
2026-09-16T20:10:45.683Z,0.2612,0.0224,0.0242,0.1679,-0.5101,1.3449,0.3062,0.0134,0.0195,0.1517,-0.6956,4.1637,0.2024,0.0160,0.0073,0.1220,-1.0187,1.1497
2026-09-16T20:10:46.683Z,0.2319,0.0067,0.0240,0.1617,-0.2759,5.3630,0.2787,0.0245,0.0164,0.1507,-0.6468,1.5182,0.1934,0.0034,0.0069,0.1292,-0.8959,8.6771
2026-09-16T20:10:47.690Z,0.2524,0.0042,0.0235,0.1148,-0.2586,8.1013,0.2927,0.0429,0.0213,0.1162,-0.4692,0.7723,0.2054,0.0226,0.0028,0.1199,-1.1380,1.5822
2026-09-16T20:10:48.691Z,0.2499,0.0233,0.0160,0.1582,-0.2987,1.1493,0.2800,0.0289,0.0178,0.1571,-0.7655,1.5920,0.1953,0.0183,0.0063,0.1244,-1.0414,1.3184
2026-09-16T20:10:49.695Z,0.2278,0.0102,0.0185,0.1791,-0.1174,2.7758,0.2654,0.0326,0.0113,0.1457,-0.6271,0.6451,0.1909,0.0064,0.0285,0.1037,-1.1874,4.8122
2026-09-16T20:10:50.699Z,0.2390,0.0154,0.0211,0.2084,-0.4330,2.7317,0.2945,0.0059,0.0104,0.1790,-0.8743,4.9221,0.2008,0.0104,0.0161,0.1353,-0.9562,2.1542
2026-09-16T20:10:51.701Z,0.2551,0.0258,0.0308,0.2140,-0.6987,1.5730,0.2814,0.0211,0.0241,0.1823,-0.5593,1.7855,0.1931,0.0201,0.0095,0.0924,-1.0560,1.0068
2026-09-16T20:10:52.703Z,0.2569,0.0220,0.0120,0.2138,-0.1548,1.8068,0.3259,0.0250,0.0224,0.2120,-0.7173,1.5558,0.2047,0.0253,0.0169,0.1166,-1.0023,1.0933
2026-09-16T20:10:53.698Z,0.2552,0.0156,0.0096,0.2080,-0.3687,1.7472,0.2969,0.0487,0.0169,0.1447,-0.8821,1.0206,0.1964,0.0142,0.0175,0.1087,-1.0057,2.7052
2026-09-16T20:10:54.699Z,0.2652,0.0258,0.0145,0.2348,-0.5925,1.0251,0.3038,0.0333,0.0213,0.1886,-0.7732,1.0281,0.1992,0.0174,0.0087,0.1258,-1.1810,1.5664
2026-09-16T20:10:55.703Z,0.2607,0.0324,0.0100,0.2199,-0.5894,0.9157,0.2974,0.0196,0.0202,0.1594,-0.5233,1.6111,0.1978,0.0262,0.0234,0.0997,-1.1011,1.2452
2026-09-16T20:10:56.700Z,0.2609,0.0037,0.0180,0.1614,-0.2892,12.4944,0.3023,0.0242,0.0164,0.2061,-0.4504,2.0545,0.2024,0.0291,0.0032,0.1483,-0.9681,1.2481
2026-09-16T20:10:57.739Z,0.2496,0.0341,0.0073,0.0971,-0.4190,1.1349,0.3097,0.0090,0.0044,0.1138,-0.9590,8.2534,0.2010,0.0223,0.0129,0.0569,-1.0360,1.3460
2026-09-16T20:10:58.729Z,0.2684,0.0110,0.0186,0.2244,-0.3856,3.1510,0.2953,0.0142,0.0051,0.1824,-0.8611,2.8762,0.2060,0.0066,0.0217,0.1081,-1.2162,6.4715
2026-09-16T20:10:59.740Z,0.2585,0.0218,0.0294,0.1475,-0.1143,1.5561,0.2986,0.0232,0.0137,0.1891,-0.5721,1.0843,0.2048,0.0020,0.0066,0.0990,-1.2007,16.0147
2026-09-16T20:11:00.739Z,0.2490,0.0165,0.0221,0.1254,-0.5629,1.6601,0.3095,0.0440,0.0120,0.1517,-1.0244,0.8954,0.1973,0.0279,0.0070,0.1382,-1.0193,0.6338
2026-09-16T20:11:01.743Z,0.3139,0.0181,0.0057,0.3291,-0.9748,1.5797,0.3523,0.0245,0.0239,0.3011,-0.7354,1.8703,0.2114,0.0158,0.0111,0.1520,-0.9843,1.2769
2026-09-16T20:11:02.743Z,0.2390,0.0210,0.0159,0.1891,0.1061,1.1821,0.3275,0.0198,0.0201,0.1975,-0.6974,2.6748,0.1969,0.0208,0.0123,0.1280,-0.9090,1.0883
2026-09-16T20:11:03.740Z,0.2913,0.0256,0.0169,0.2329,-0.6832,1.7457,0.3299,0.0119,0.0036,0.2561,-0.7791,2.6172,0.2103,0.0181,0.0206,0.1267,-1.0891,2.1045
2026-09-16T20:11:04.739Z,0.2187,0.0258,0.0218,0.1429,-0.4811,1.1646,0.3075,0.0186,0.0138,0.2058,-0.9090,2.5429,0.1962,0.0180,0.0100,0.1103,-1.0787,1.4110
2026-09-16T20:11:05.743Z,0.2960,0.0275,0.0137,0.2439,-0.5748,1.4030,0.3295,0.0146,0.0497,0.2259,-0.5569,5.0425,0.2163,0.0187,0.0134,0.1813,-1.0121,1.2177
2026-09-16T20:11:06.741Z,0.2159,0.0251,0.0077,0.1233,-0.0670,1.1846,0.2810,0.0297,0.0132,0.1321,-0.9663,1.4480,0.1968,0.0019,0.0150,0.1045,-1.1189,23.5745
2026-09-16T20:11:07.759Z,0.2690,0.0342,0.0310,0.1914,-0.3434,1.5449,0.3145,0.0252,0.0107,0.1693,-0.6971,1.6657,0.2031,0.0253,0.0102,0.1267,-1.1563,0.7027
2026-09-16T20:11:08.762Z,0.2405,0.0335,0.0078,0.1768,-0.3827,0.9611,0.2718,0.0418,0.0262,0.1030,-1.0796,1.2731,0.1994,0.0162,0.0085,0.0927,-1.3309,2.1000
2026-09-16T20:11:09.759Z,0.2382,0.0040,0.0132,0.1374,-0.5168,11.1045,0.2921,0.0241,0.0162,0.1741,-0.2084,1.8661,0.2012,0.0296,0.0094,0.1097,-1.1287,0.7586
2026-09-16T20:11:10.759Z,0.3100,0.0203,0.0108,0.2691,-0.7843,1.6772,0.3404,0.0498,0.0170,0.2223,-0.7774,0.7731,0.2050,0.0304,0.0041,0.1061,-1.1967,0.5586
2026-09-16T20:11:11.764Z,0.2233,0.0035,0.0109,0.1484,-0.0499,5.2766,0.3164,0.0544,0.0247,0.1746,-0.6304,0.9281,0.2082,0.0271,0.0088,0.1381,-1.0511,0.6852
2026-09-16T20:11:12.762Z,0.2875,0.0389,0.0443,0.2580,-0.3789,1.3635,0.3141,0.0312,0.0225,0.2101,-0.7965,1.5427,0.1999,0.0061,0.0164,0.1023,-1.0763,3.3475
2026-09-16T20:11:13.755Z,0.2645,0.0342,0.0270,0.1553,-0.3604,0.9255,0.3372,0.0382,0.0352,0.1861,-0.7101,1.2960,0.2092,0.0086,0.0038,0.1114,-1.0634,1.6456
2026-09-16T20:11:14.755Z,0.2492,0.0182,0.0327,0.1908,-0.0962,2.4561,0.2948,0.0102,0.0182,0.1547,-1.0496,4.4097,0.1877,0.0091,0.0049,0.0959,-1.0897,2.1148
2026-09-16T20:11:15.757Z,0.2585,0.0337,0.0144,0.1770,-0.2217,0.5657,0.3149,0.0051,0.0099,0.1917,-0.6634,9.0578,0.2113,0.0042,0.0070,0.1382,-1.0057,7.0563
2026-09-16T20:11:16.762Z,0.2518,0.0097,0.0148,0.1732,-0.1928,3.0057,0.2911,0.0379,0.0059,0.1346,-0.8600,0.8000,0.1873,0.0076,0.0127,0.0783,-1.0864,3.3035
2026-09-16T20:11:17.793Z,0.2702,0.0136,0.0268,0.0962,-0.4549,5.6067,0.3261,0.0251,0.0454,0.1047,-0.6833,3.5412,0.2132,0.0181,0.0219,0.0594,-1.0658,2.3777
2026-09-16T20:11:18.799Z,0.2307,0.0210,0.0152,0.1378,-0.2368,1.0870,0.2978,0.0436,0.0124,0.1374,-1.0311,1.2257,0.1967,0.0057,0.0108,0.1197,-0.8700,3.3915
2026-09-16T20:11:19.800Z,0.2821,0.0217,0.0241,0.2248,-0.3881,2.3042,0.3209,0.0301,0.0097,0.1921,-0.7808,1.2407,0.2101,0.0171,0.0047,0.1618,-1.1700,1.3691
2026-09-16T20:11:20.802Z,0.2421,0.0265,0.0121,0.1665,-0.6298,0.8436,0.3004,0.0370,0.0081,0.1568,-0.7805,0.7978,0.1916,0.0093,0.0029,0.1039,-0.9917,1.5360
2026-09-16T20:11:21.800Z,0.2705,0.0045,0.0010,0.1969,-0.0625,8.0522,0.3245,0.0188,0.0074,0.1869,-0.4961,2.0026,0.2105,0.0324,0.0183,0.1496,-1.1168,0.8097
2026-09-16T20:11:22.802Z,0.2896,0.0140,0.0374,0.2537,-0.7981,3.3311,0.3314,0.0180,0.0242,0.2614,-0.9648,1.5514,0.2037,0.0157,0.0066,0.0987,-1.2315,1.5030
2026-09-16T20:11:23.804Z,0.2152,0.0134,0.0077,0.1659,-0.0564,1.6847,0.3181,0.0086,0.0082,0.1893,-0.8555,4.9977,0.1994,0.0020,0.0191,0.1249,-0.9044,11.2147
2026-09-16T20:11:24.799Z,0.3273,0.0441,0.0249,0.3068,-0.6757,1.4611,0.3566,0.0384,0.0102,0.3087,-0.6741,1.2220,0.2158,0.0075,0.0108,0.1397,-1.0485,3.4915
2026-09-16T20:11:25.800Z,0.2417,0.0326,0.0059,0.1665,-0.2040,1.0510,0.3178,0.0125,0.0069,0.1513,-1.1040,3.6338,0.1894,0.0295,0.0215,0.0872,-1.0595,1.0072
2026-09-16T20:11:26.799Z,0.2507,0.0230,0.0228,0.1684,-0.1484,1.1791,0.3203,0.0148,0.0043,0.2296,-0.6733,1.7700,0.2007,0.0088,0.0034,0.1396,-1.0638,2.7813
2026-09-16T20:11:27.804Z,0.3118,0.0112,0.0396,0.2508,-0.7977,4.2531,0.3423,0.0516,0.0180,0.2296,-0.7635,0.4235,0.2114,0.0145,0.0117,0.1353,-1.1909,1.3466
2026-09-16T20:11:28.819Z,0.2790,0.0049,0.0125,0.2047,-0.6117,8.0229,0.3098,0.0525,0.0060,0.1399,-1.1870,0.9603,0.1947,0.0197,0.0057,0.0943,-1.1449,1.2805
2026-09-16T20:11:29.821Z,0.1961,0.0054,0.0199,0.1279,0.1122,4.2180,0.2942,0.0703,0.0072,0.1442,-0.7194,0.9844,0.1913,0.0094,0.0074,0.1244,-0.8174,4.3542
2026-09-16T20:11:30.822Z,0.2774,0.0443,0.0056,0.1890,-0.0302,0.7170,0.3134,0.0537,0.0090,0.1602,-0.1341,0.9777,0.2006,0.0161,0.0005,0.1302,-1.1837,0.4011
2026-09-16T20:11:31.824Z,0.2945,0.0224,0.0143,0.2664,-0.7761,1.0663,0.2878,0.0165,0.0057,0.1980,-0.7126,1.6654,0.1998,0.0295,0.0102,0.0984,-1.1511,0.6332
2026-09-16T20:11:32.823Z,0.2148,0.0282,0.0195,0.1297,-0.2955,1.3731,0.2664,0.0042,0.0068,0.1236,-0.9374,7.3367,0.1875,0.0078,0.0103,0.0865,-0.8694,2.4326
2026-09-16T20:11:33.819Z,0.2668,0.0531,0.0167,0.1820,0.0106,0.5578,0.3206,0.0402,0.0144,0.2077,-0.5731,0.9158,0.2034,0.0310,0.0131,0.1230,-1.2006,0.6320
2026-09-16T20:11:34.823Z,0.3013,0.0204,0.0266,0.2673,-0.9369,2.3881,0.3445,0.0104,0.0107,0.2363,-0.7953,4.0413,0.1983,0.0039,0.0173,0.1086,-1.0428,8.2522
2026-09-16T20:11:35.819Z,0.2460,0.0393,0.0248,0.1644,-0.0621,1.1232,0.3522,0.0539,0.0234,0.1769,-0.8808,0.7956,0.2057,0.0405,0.0029,0.1239,-0.9684,0.9004
2026-09-16T20:11:36.815Z,0.3194,0.0265,0.0327,0.2958,-0.9251,1.6083,0.3442,0.0256,0.0166,0.2616,-0.7710,2.1901,0.2122,0.0092,0.0125,0.1271,-1.0575,2.1807
2026-09-16T20:11:37.850Z,0.2168,0.0126,0.0282,0.0852,0.2518,4.4043,0.3339,0.0129,0.0317,0.1358,-0.7076,4.3146,0.2009,0.0012,0.0090,0.0630,-0.9584,46.2584
2026-09-16T20:11:38.852Z,0.3135,0.0170,0.0156,0.2795,-0.7661,1.7887,0.3591,0.0316,0.0393,0.2598,-0.6689,1.9534,0.2103,0.0180,0.0092,0.1252,-0.9783,1.5919
2026-09-16T20:11:39.855Z,0.2535,0.0272,0.0257,0.2017,-0.0384,1.6568,0.2971,0.0263,0.0174,0.1955,-0.8327,1.2173,0.1907,0.0188,0.0089,0.1069,-1.0946,1.2161
2026-09-16T20:11:40.865Z,0.1994,0.0200,0.0204,0.1349,-0.3362,1.7978,0.3018,0.0324,0.0149,0.1895,-0.5887,1.0713,0.2009,0.0137,0.0176,0.1227,-0.7854,1.4166
2026-09-16T20:11:41.858Z,0.3028,0.0281,0.0177,0.2517,-0.5355,0.8636,0.3705,0.0328,0.0078,0.2603,-0.6540,0.8452,0.2117,0.0153,0.0033,0.1692,-0.9729,1.2595
2026-09-16T20:11:42.860Z,0.3100,0.0335,0.0068,0.2756,-1.0072,0.7581,0.3479,0.0016,0.0190,0.2609,-0.7677,21.3239,0.2163,0.0077,0.0062,0.1616,-0.9937,3.1978
2026-09-16T20:11:43.858Z,0.2533,0.0291,0.0203,0.1885,-0.6360,1.3678,0.3288,0.0489,0.0028,0.2051,-0.9494,0.9579,0.1932,0.0058,0.0156,0.1024,-1.1668,6.2485
2026-09-16T20:11:44.860Z,0.2162,0.0161,0.0096,0.1582,-0.0476,1.7367,0.3299,0.0133,0.0060,0.2368,-0.8051,2.9659,0.2074,0.0094,0.0054,0.1570,-0.9873,1.0042
2026-09-16T20:11:45.862Z,0.3149,0.0170,0.0233,0.2695,-0.8910,2.7137,0.3448,0.0137,0.0068,0.2445,-0.7977,3.6927,0.2069,0.0070,0.0117,0.1214,-1.1548,6.1451
2026-09-16T20:11:46.864Z,0.2236,0.0189,0.0198,0.1334,-0.3515,1.3944,0.3037,0.0199,0.0150,0.1658,-0.7978,1.3643,0.1934,0.0159,0.0158,0.1093,-1.0948,2.3298
2026-09-16T20:11:47.899Z,0.2774,0.0167,0.0274,0.2329,-0.4281,2.5293,0.3119,0.0233,0.0360,0.1943,-0.5435,2.1695,0.1945,0.0107,0.0174,0.1156,-0.9612,3.2966
2026-09-16T20:11:48.904Z,0.2396,0.0234,0.0299,0.1859,-0.1636,2.6066,0.2911,0.0130,0.0220,0.1562,-0.6577,3.6954,0.1965,0.0065,0.0062,0.1404,-0.9853,3.8755
2026-09-16T20:11:49.904Z,0.2440,0.0207,0.0125,0.1976,-0.2459,1.4441,0.2990,0.0208,0.0093,0.1721,-0.6832,1.5091,0.1937,0.0106,0.0168,0.1192,-1.0960,2.2842
2026-09-16T20:11:50.930Z,0.2589,0.0256,0.0207,0.1434,-0.5638,0.8566,0.2949,0.0469,0.0265,0.1464,-0.3841,0.8759,0.1980,0.0077,0.0138,0.1172,-0.9428,4.1392
2026-09-16T20:11:51.905Z,0.2748,0.0134,0.0099,0.1335,-0.5432,1.4723,0.3328,0.0219,0.0587,0.2059,-0.8154,3.7688,0.2062,0.0064,0.0179,0.1494,-1.0020,5.3725
2026-09-16T20:11:52.933Z,0.2645,0.0106,0.0321,0.1351,-0.4700,3.3626,0.3049,0.0302,0.0431,0.1471,-0.8273,1.9603,0.1905,0.0077,0.0042,0.0949,-1.0481,2.9663
2026-09-16T20:11:53.940Z,0.2511,0.0291,0.0241,0.2122,-0.3735,1.3416,0.3087,0.0404,0.0188,0.2200,-0.8527,0.8867,0.1960,0.0206,0.0203,0.1114,-1.0009,1.3298
2026-09-16T20:11:54.943Z,0.2417,0.0229,0.0146,0.1846,-0.0992,1.6328,0.3083,0.0137,0.0102,0.1708,-0.7204,1.8622,0.2005,0.0481,0.0011,0.0897,-1.2322,0.6965
2026-09-16T20:11:55.945Z,0.2751,0.0155,0.0396,0.2652,-0.2765,3.2897,0.3240,0.0229,0.0257,0.2151,-0.8176,1.8124,0.1949,0.0009,0.0203,0.1149,-1.0090,46.9438
2026-09-16T20:11:56.949Z,0.2704,0.0276,0.0197,0.2048,-0.3650,1.5805,0.2962,0.0448,0.0205,0.1576,-0.5649,0.6589,0.2020,0.0048,0.0158,0.1303,-1.1642,6.0807
2026-09-16T20:11:57.952Z,0.2473,0.0153,0.0087,0.1129,-0.3140,1.0383,0.2977,0.0333,0.0139,0.1748,-0.6434,1.3987,0.1956,0.0085,0.0028,0.1151,-1.1083,3.8934
2026-09-16T20:11:58.953Z,0.2483,0.0038,0.0124,0.1277,-0.2183,4.2347,0.3096,0.0253,0.0204,0.1596,-0.7222,1.4992,0.1953,0.0256,0.0062,0.1217,-1.0801,0.6802
2026-09-16T20:11:59.950Z,0.2662,0.0132,0.0050,0.1987,-0.2407,1.9733,0.3325,0.0142,0.0194,0.1778,-0.7840,2.3211,0.2007,0.0124,0.0155,0.0942,-1.0508,3.3756
2026-09-16T20:12:00.952Z,0.2657,0.0064,0.0287,0.1989,-0.1831,6.5021,0.3463,0.0252,0.0215,0.2261,-0.8901,1.6838,0.2018,0.0380,0.0148,0.1101,-1.1473,0.7989
2026-09-16T20:12:01.941Z,0.2603,0.0330,0.0154,0.1832,-0.4314,1.3787,0.3009,0.0016,0.0166,0.1622,-0.6523,21.4715,0.2015,0.0057,0.0074,0.1084,-1.0576,4.7955
2026-09-16T20:12:02.973Z,0.2599,0.0130,0.0179,0.1705,-0.5192,6.1852,0.3269,0.0274,0.0230,0.1581,-0.7423,3.5712,0.1981,0.0339,0.0115,0.1039,-0.8376,1.0987
2026-09-16T20:12:03.973Z,0.2713,0.0327,0.0085,0.1932,-0.4100,0.6202,0.3434,0.0315,0.0199,0.2083,-0.8027,1.6130,0.2021,0.0139,0.0091,0.1298,-0.9421,1.9555
2026-09-16T20:12:04.965Z,0.2716,0.0195,0.0142,0.1422,-0.4959,1.5554,0.3283,0.0364,0.0284,0.1894,-0.7686,1.2874,0.1955,0.0333,0.0010,0.1072,-1.0143,0.5149
2026-09-16T20:12:05.975Z,0.2777,0.0365,0.0116,0.1751,-0.1743,0.6827,0.3271,0.0401,0.0186,0.2024,-0.7117,0.7838,0.2020,0.0263,0.0077,0.1323,-1.0260,0.6218
2026-09-16T20:12:06.968Z,0.2762,0.0245,0.0117,0.1568,-0.6534,0.8052,0.3179,0.0224,0.0333,0.1639,-0.7631,3.6926,0.1996,0.0277,0.0119,0.1257,-0.9963,0.9829
2026-09-16T20:12:07.972Z,0.2649,0.0123,0.0153,0.1747,-0.3938,2.2243,0.3056,0.0207,0.0021,0.1592,-0.8108,1.5244,0.1838,0.0026,0.0054,0.1326,-1.0657,6.8469
2026-09-16T20:12:08.965Z,0.2521,0.0231,0.0138,0.2298,-0.1513,1.5056,0.3034,0.0133,0.0109,0.1981,-0.7793,2.1940,0.1900,0.0236,0.0036,0.1329,-0.9129,1.0373
2026-09-16T20:12:09.975Z,0.2556,0.0201,0.0054,0.2346,-0.3145,1.9982,0.3149,0.0373,0.0131,0.1892,-0.6995,0.6546,0.1976,0.0186,0.0045,0.1196,-0.8918,1.5495
2026-09-16T20:12:10.974Z,0.2560,0.0132,0.0303,0.2248,-0.0693,4.6512,0.3336,0.0552,0.0051,0.2065,-0.4776,0.7613,0.2023,0.0245,0.0063,0.1229,-1.0428,1.4968
2026-09-16T20:12:11.971Z,0.2776,0.0234,0.0045,0.1612,-0.3881,0.9635,0.3293,0.0251,0.0101,0.1629,-0.6550,1.3311,0.1945,0.0038,0.0127,0.0909,-0.8035,10.5469
2026-09-16T20:12:12.992Z,0.2410,0.0307,0.0097,0.1858,-0.1023,0.7441,0.2762,0.0345,0.0210,0.1496,-0.5229,1.1718,0.1924,0.0115,0.0129,0.1231,-1.1080,3.0522
2026-09-16T20:12:14.009Z,0.2758,0.0425,0.0236,0.1280,-0.5396,1.1279,0.3247,0.0572,0.0161,0.1571,-0.8329,0.6728,0.1922,0.0148,0.0139,0.0842,-1.0712,2.6730
2026-09-16T20:12:15.012Z,0.2564,0.0132,0.0124,0.1617,-0.3906,3.0034,0.3158,0.0170,0.0162,0.1817,-0.7418,3.1477,0.1910,0.0243,0.0118,0.1369,-0.8716,1.3037
2026-09-16T20:12:16.004Z,0.2470,0.0158,0.0110,0.1536,-0.3357,1.7568,0.2817,0.0594,0.0259,0.1112,-0.5921,0.6577,0.1898,0.0037,0.0052,0.1108,-1.1039,6.6537
2026-09-16T20:12:17.006Z,0.2427,0.0060,0.0345,0.1582,0.0098,8.3504,0.2776,0.0197,0.0279,0.1524,-0.6441,2.6486,0.1834,0.0290,0.0079,0.1172,-0.8023,0.9204
2026-09-16T20:12:18.013Z,0.2444,0.0283,0.0228,0.1258,-0.1045,1.5203,0.2895,0.0331,0.0410,0.1501,-0.7038,1.9064,0.1849,0.0169,0.0039,0.1158,-0.9811,1.8014
2026-09-16T20:12:19.009Z,0.2595,0.0220,0.0365,0.1759,0.1350,2.0822,0.2987,0.0378,0.0078,0.1413,-0.3451,1.0829,0.1858,0.0177,0.0123,0.0972,-0.9653,1.9383
2026-09-16T20:12:20.015Z,0.2564,0.0234,0.0254,0.1686,0.3113,2.1446,0.3185,0.0064,0.0369,0.1726,-0.6999,11.2556,0.1899,0.0238,0.0250,0.1112,-0.7710,1.1997
2026-09-16T20:12:21.013Z,0.2580,0.0390,0.0060,0.1855,-0.0683,0.9822,0.3023,0.0411,0.0161,0.1598,-0.4651,0.8295,0.1886,0.0299,0.0102,0.1023,-0.9602,0.8613
2026-09-16T20:12:22.009Z,0.2513,0.0195,0.0151,0.1795,-0.3223,1.2203,0.2977,0.0319,0.0372,0.1681,-0.6395,1.4812,0.1816,0.0103,0.0135,0.1198,-0.8130,2.7577
2026-09-16T20:12:23.025Z,0.2623,0.0299,0.0323,0.1149,0.0841,2.3016,0.2875,0.0287,0.0114,0.1365,-0.3912,1.4373,0.1842,0.0276,0.0078,0.0860,-0.9794,1.3091
2026-09-16T20:12:24.028Z,0.2632,0.0305,0.0116,0.1896,-0.5363,1.3352,0.3013,0.0388,0.0137,0.1412,-0.5168,0.7504,0.1865,0.0281,0.0035,0.1099,-1.0425,1.0405
2026-09-16T20:12:25.028Z,0.2567,0.0083,0.0158,0.1480,-0.0191,5.4387,0.3070,0.0311,0.0149,0.1566,-0.5097,1.2521,0.1858,0.0095,0.0249,0.1049,-1.1167,3.4197
2026-09-16T20:12:26.029Z,0.2288,0.0188,0.0346,0.1847,1.8379,2.8112,0.2705,0.0097,0.0178,0.1048,1.2712,6.1942,0.1573,0.0064,0.0112,0.0877,-0.2392,5.4741
2026-09-16T20:12:27.031Z,0.0552,0.0042,0.0055,0.0143,0.5255,2.3544,0.1076,0.0062,0.0020,0.0130,1.0576,1.0506,0.0455,0.0013,0.0064,0.0093,2.4877,9.2346
2026-09-16T20:12:28.051Z,0.0290,0.0047,0.0027,0.0060,0.7394,0.6521,0.0326,0.0009,0.0026,0.0076,3.2315,8.1084,0.0196,0.0013,0.0012,0.0035,1.6247,1.8708
2026-09-16T20:12:29.071Z,0.0201,0.0011,0.0011,0.0017,-1.4272,1.9561,0.0133,0.0015,0.0002,0.0006,3.6321,0.4490,0.0126,0.0010,0.0005,0.0015,4.9776,1.1022
2026-09-16T20:12:30.071Z,0.0225,0.0015,0.0009,0.0041,9.9953,1.8272,0.0231,0.0019,0.0008,0.0075,20.5254,3.0546,0.0183,0.0022,0.0014,0.0049,11.3966,2.3799
2026-09-16T20:12:31.089Z,0.0188,0.0011,0.0012,0.0008,-1.7679,1.4756,0.0111,0.0006,0.0005,0.0005,8.0988,1.4164,0.0113,0.0012,0.0013,0.0026,9.2674,1.8042
2026-09-16T20:12:32.110Z,0.0179,0.0001,0.0002,0.0008,1.6415,5.3661,0.0068,0.0010,0.0013,0.0010,21.6025,1.7446,0.0099,0.0006,0.0003,0.0002,30.6622,0.7319
2026-09-16T20:12:33.130Z,0.0173,0.0033,0.0010,0.0014,2.5321,0.3695,0.0139,0.0011,0.0003,0.0012,3.2422,1.1118,0.0106,0.0019,0.0011,0.0021,7.7648,1.0918
2026-09-16T20:12:34.169Z,0.0187,0.0007,0.0011,0.0017,-1.6138,3.3423,0.0080,0.0001,0.0001,0.0002,52.4383,1.8285,0.0127,0.0004,0.0003,0.0018,4.7925,5.5745
2026-09-16T20:12:35.190Z,0.0174,0.0006,0.0003,0.0003,0.3094,0.8511,0.0069,0.0005,0.0004,0.0007,19.4688,1.5577,0.0146,0.0042,0.0011,0.0016,2.1215,0.4047
2026-09-16T20:12:36.208Z,0.0188,0.0009,0.0007,0.0009,-1.6464,1.0616,0.0057,0.0004,0.0004,0.0004,20.4154,1.7462,0.0052,0.0000,0.0000,0.0000,47.5523,1.1391
2026-09-16T20:12:37.231Z,0.0198,0.0024,0.0011,0.0010,-1.9542,0.5717,0.0055,0.0007,0.0007,0.0006,16.4607,1.6050,0.0054,0.0013,0.0003,0.0004,24.9096,0.4064
2026-09-16T20:12:38.243Z,0.0172,0.0015,0.0006,0.0005,2.2389,0.5368,0.0090,0.0013,0.0009,0.0006,20.6949,0.8419,0.0063,0.0014,0.0007,0.0008,19.2242,0.7997
2026-09-16T20:12:39.262Z,0.0195,0.0027,0.0027,0.0016,-1.0272,1.2381,0.0112,0.0008,0.0009,0.0007,4.3652,1.4934,0.0084,0.0010,0.0008,0.0010,6.8958,1.2852
2026-09-16T20:12:40.278Z,0.0192,0.0006,0.0014,0.0018,-0.5268,3.0111,0.0153,0.0011,0.0019,0.0022,2.9529,2.2694,0.0206,0.0018,0.0013,0.0020,4.5287,1.4018
2026-09-16T20:12:41.296Z,0.0168,0.0021,0.0008,0.0012,2.8417,0.7137,0.0070,0.0016,0.0011,0.0007,22.5082,0.8017,0.0088,0.0011,0.0003,0.0014,11.9687,1.8207
2026-09-16T20:12:42.329Z,0.0188,0.0011,0.0009,0.0008,-1.6327,1.3698,0.0074,0.0014,0.0020,0.0023,20.0401,2.0961,0.0080,0.0003,0.0005,0.0005,12.9908,2.5169
2026-09-16T20:12:43.350Z,0.0184,0.0030,0.0011,0.0016,0.4382,0.6712,0.0075,0.0009,0.0003,0.0002,15.2258,0.5200,0.0138,0.0004,0.0017,0.0015,2.1679,4.6585
2026-09-16T20:12:44.370Z,0.0176,0.0022,0.0009,0.0009,-0.1243,0.6305,0.0075,0.0000,0.0000,0.0000,7.2111,0.7003,0.0137,0.0023,0.0006,0.0041,3.6317,1.4170
2026-09-16T20:12:45.370Z,0.0186,0.0010,0.0004,0.0010,0.4860,0.9546,0.0037,0.0001,0.0000,0.0000,-0.1725,0.7183,0.0039,0.0001,0.0001,0.0001,53.1700,0.9571
2026-09-16T20:12:46.365Z,0.0178,0.0002,0.0001,0.0008,-0.4375,1.1394,0.0078,0.0007,0.0008,0.0007,15.2628,1.7686,0.0076,0.0004,0.0005,0.0003,18.8225,1.5788
2026-09-16T20:12:47.381Z,0.0167,0.0018,0.0011,0.0010,4.4570,0.6484,0.0057,0.0010,0.0006,0.0005,30.3604,0.6760,0.0127,0.0013,0.0006,0.0020,4.6349,1.5656
2026-09-16T20:12:48.403Z,0.0179,0.0020,0.0002,0.0014,-0.7018,0.4459,0.0073,0.0005,0.0006,0.0005,31.2395,1.6117,0.0046,0.0005,0.0006,0.0004,63.8685,1.6138
2026-09-16T20:12:49.406Z,0.0176,0.0010,0.0010,0.0013,6.4782,1.6282,0.0072,0.0001,0.0001,0.0001,18.3876,0.9463,0.0096,0.0022,0.0023,0.0023,22.9436,1.5874
2026-09-16T20:12:50.427Z,0.0176,0.0011,0.0010,0.0008,1.2341,1.3227,0.0044,0.0002,0.0002,0.0002,23.2056,1.4839,0.0136,0.0050,0.0022,0.0017,2.8923,0.5891
2026-09-16T20:12:51.442Z,0.0184,0.0028,0.0008,0.0018,0.1889,0.3857,0.0093,0.0004,0.0004,0.0010,17.2836,2.5379,0.0091,0.0008,0.0001,0.0011,14.1765,1.3627
2026-09-16T20:12:52.462Z,0.0177,0.0014,0.0011,0.0022,1.5368,1.6572,0.0080,0.0011,0.0008,0.0009,28.2678,1.1467,0.0065,0.0002,0.0005,0.0008,27.7491,6.0523
2026-09-16T20:12:53.480Z,0.0176,0.0011,0.0005,0.0007,-0.0243,0.7977,0.0053,0.0009,0.0009,0.0008,23.6588,1.3952,0.0131,0.0015,0.0013,0.0015,7.2378,1.0832
2026-09-16T20:12:54.499Z,0.0190,0.0020,0.0012,0.0013,-1.3122,0.9703,0.0072,0.0016,0.0005,0.0021,20.6689,1.0688,0.0077,0.0002,0.0007,0.0007,15.2911,3.4238
2026-09-16T20:12:55.519Z,0.0177,0.0016,0.0012,0.0015,-0.4384,1.3066,0.0030,0.0002,0.0003,0.0004,81.9118,3.8361,0.0101,0.0015,0.0027,0.0019,10.4192,1.9895
2026-09-16T20:12:56.537Z,0.0173,0.0003,0.0002,0.0006,0.7027,0.8939,0.0086,0.0009,0.0004,0.0019,17.1496,1.1361,0.0112,0.0007,0.0009,0.0013,7.9238,2.9752
2026-09-16T20:12:57.569Z,0.0169,0.0021,0.0002,0.0010,5.5563,0.6641,0.0078,0.0000,0.0000,0.0000,0.0000,0.0000,0.0078,0.0000,0.0000,0.0000,0.0000,0.0000
2026-09-16T20:12:58.589Z,0.0169,0.0014,0.0004,0.0009,2.5635,0.4392,0.0127,0.0002,0.0009,0.0015,13.6446,13.5164,0.0123,0.0028,0.0016,0.0023,8.3038,1.2125
2026-09-16T20:12:59.600Z,0.0176,0.0027,0.0012,0.0012,-0.1243,0.5294,0.0098,0.0010,0.0004,0.0003,21.7056,0.5224,0.0112,0.0001,0.0001,0.0001,17.9819,1.1980
2026-09-16T20:13:00.629Z,0.0173,0.0006,0.0014,0.0015,2.5321,3.4979,0.0078,0.0000,0.0000,0.0000,0.0000,0.0000,0.0104,0.0016,0.0003,0.0009,8.6556,0.4133
2026-09-16T20:13:01.638Z,0.0200,0.0031,0.0014,0.0024,-0.8816,0.7228,0.0089,0.0000,0.0000,0.0000,45.0204,0.5772,0.0104,0.0015,0.0008,0.0006,9.8872,0.6631
2026-09-16T20:13:02.641Z,0.0214,0.0011,0.0014,0.0024,-1.1748,2.7854,0.0094,0.0003,0.0007,0.0009,41.4486,4.7775,0.0155,0.0023,0.0011,0.0031,2.3069,1.6093
2026-09-16T20:13:03.657Z,0.0182,0.0012,0.0004,0.0010,-1.1194,0.8189,0.0078,0.0000,0.0000,0.0000,0.0000,0.0000,0.0110,0.0027,0.0009,0.0011,11.2949,0.7284
2026-09-16T20:13:04.680Z,0.0185,0.0022,0.0014,0.0009,-0.6741,0.7689,0.0108,0.0008,0.0001,0.0003,11.7305,0.4438,0.0141,0.0029,0.0010,0.0011,10.0560,0.4912
2026-09-16T20:13:05.685Z,0.0182,0.0015,0.0010,0.0009,-1.0926,0.7996,0.0078,0.0000,0.0000,0.0000,0.0000,0.0000,0.0121,0.0016,0.0010,0.0011,3.7562,0.9691
2026-09-16T20:13:06.697Z,0.0174,0.0020,0.0006,0.0012,0.3704,0.5991,0.0088,0.0009,0.0002,0.0010,62.9419,1.5917,0.0108,0.0013,0.0008,0.0017,12.4516,1.6384
2026-09-16T20:13:07.701Z,0.0168,0.0019,0.0005,0.0007,3.4697,0.5120,0.0082,0.0000,0.0000,0.0000,128.3409,0.0000,0.0116,0.0012,0.0007,0.0015,8.0589,1.7029
2026-09-16T20:13:08.719Z,0.0179,0.0032,0.0013,0.0011,-0.7361,0.5143,0.0116,0.0007,0.0007,0.0006,26.2153,1.5348,0.0115,0.0026,0.0008,0.0008,9.1676,0.4122
2026-09-16T20:13:09.750Z,0.0171,0.0022,0.0002,0.0008,1.4405,0.2894,0.0098,0.0001,0.0001,0.0001,48.0885,1.4802,0.0096,0.0012,0.0010,0.0014,12.8906,1.5763
2026-09-16T20:13:10.765Z,0.0169,0.0016,0.0014,0.0017,-0.4234,1.6082,0.0078,0.0000,0.0000,0.0000,0.0000,0.0000,0.0092,0.0007,0.0006,0.0006,23.6077,1.5554
2026-09-16T20:13:11.769Z,0.0204,0.0028,0.0014,0.0021,-1.3561,0.9728,0.0078,0.0000,0.0000,0.0000,0.0000,0.0000,0.0119,0.0018,0.0012,0.0013,4.0082,0.8224
2026-09-16T20:13:12.785Z,0.0165,0.0011,0.0004,0.0003,8.7079,0.5184,0.0078,0.0000,0.0000,0.0000,0.0000,0.0000,0.0112,0.0017,0.0006,0.0005,9.0251,0.4886
2026-09-16T20:13:13.822Z,0.0182,0.0013,0.0031,0.0021,-1.2848,3.1426,0.0103,0.0001,0.0000,0.0000,15.0526,0.9662,0.0128,0.0010,0.0011,0.0021,4.9295,2.2103
2026-09-16T20:13:14.855Z,0.0168,0.0029,0.0003,0.0012,-0.5175,0.2787,0.0100,0.0012,0.0011,0.0006,27.5575,1.1384,0.0120,0.0007,0.0011,0.0011,12.2896,2.2572
2026-09-16T20:13:15.875Z,0.0181,0.0026,0.0004,0.0008,-1.1678,0.3519,0.0078,0.0000,0.0000,0.0000,0.0000,0.0000,0.0099,0.0000,0.0000,0.0000,18.5327,1.0185
2026-09-16T20:13:16.907Z,0.0182,0.0013,0.0011,0.0009,-1.1917,0.9353,0.0078,0.0000,0.0000,0.0000,0.0000,0.0000,0.0124,0.0031,0.0013,0.0009,17.2191,0.5183
2026-09-16T20:13:17.926Z,0.0163,0.0026,0.0014,0.0013,1.3049,0.5835,0.0078,0.0000,0.0000,0.0000,0.0000,0.0000,0.0108,0.0018,0.0007,0.0007,56.2217,0.5968
2026-09-16T20:13:18.943Z,0.0150,0.0015,0.0008,0.0010,0.7751,0.6302,0.0090,0.0004,0.0009,0.0012,64.3740,4.7745,0.0151,0.0008,0.0002,0.0010,0.7358,1.0031
2026-09-16T20:13:19.963Z,0.0138,0.0016,0.0008,0.0006,2.3056,0.6260,0.0094,0.0000,0.0000,0.0000,28.3643,0.6725,0.0104,0.0003,0.0002,0.0002,13.0292,1.1629
2026-09-16T20:13:20.982Z,0.0159,0.0015,0.0009,0.0008,0.4773,0.8300,0.0092,0.0004,0.0001,0.0001,35.0256,0.5251,0.0112,0.0007,0.0002,0.0005,16.8179,0.7452
2026-09-16T20:13:22.008Z,0.0204,0.0030,0.0019,0.0012,-1.6418,0.7830,0.0078,0.0000,0.0000,0.0000,0.0000,0.0000,0.0110,0.0002,0.0001,0.0001,10.4805,0.9736
2026-09-16T20:13:23.018Z,0.0197,0.0033,0.0007,0.0014,-1.2543,0.3374,0.0078,0.0000,0.0000,0.0000,0.0000,0.0000,0.0120,0.0007,0.0006,0.0021,8.7088,2.2542
2026-09-16T20:13:24.049Z,0.0197,0.0029,0.0012,0.0022,-1.3105,0.8267,0.0078,0.0000,0.0000,0.0000,0.0000,0.0000,0.0099,0.0007,0.0003,0.0004,23.4731,0.6435
2026-09-16T20:13:25.066Z,0.0233,0.0016,0.0003,0.0012,-1.9778,0.6400,0.0102,0.0006,0.0002,0.0002,17.6516,0.3934,0.0078,0.0000,0.0000,0.0000,0.0000,0.0000
2026-09-16T20:13:26.084Z,0.0217,0.0003,0.0018,0.0018,-1.8875,7.5230,0.0098,0.0002,0.0001,0.0002,21.7056,1.5073,0.0133,0.0010,0.0016,0.0013,5.5301,2.0567
2026-09-16T20:13:27.087Z,0.0211,0.0006,0.0007,0.0009,-1.6193,2.2701,0.0086,0.0016,0.0006,0.0005,61.6819,0.5216,0.0138,0.0017,0.0004,0.0012,8.6213,0.5312
2026-09-16T20:13:28.108Z,0.0171,0.0005,0.0007,0.0007,-0.9302,1.8837,0.0078,0.0000,0.0000,0.0000,0.0000,0.0000,0.0125,0.0008,0.0011,0.0019,4.6094,2.8632
2026-09-16T20:13:29.124Z,0.0218,0.0033,0.0010,0.0012,-1.8206,0.4013,0.0078,0.0000,0.0000,0.0000,0.0000,0.0000,0.0104,0.0007,0.0017,0.0029,20.6672,4.9767
2026-09-16T20:13:30.140Z,0.0181,0.0005,0.0004,0.0024,-1.0014,5.0082,0.0094,0.0005,0.0003,0.0006,12.6748,1.0162,0.0105,0.0031,0.0019,0.0010,19.3054,0.7707
2026-09-16T20:13:31.166Z,0.0156,0.0015,0.0009,0.0010,-0.3145,0.7268,0.0078,0.0000,0.0000,0.0000,0.0000,0.0000,0.0136,0.0017,0.0005,0.0017,6.8853,0.7798
2026-09-16T20:13:32.186Z,0.0158,0.0020,0.0016,0.0012,-0.2641,0.9146,0.0075,0.0001,0.0001,0.0001,6.5245,0.9842,0.0148,0.0022,0.0015,0.0016,2.6246,1.0807
2026-09-16T20:13:33.201Z,0.0188,0.0028,0.0006,0.0013,-1.6180,0.5986,0.0078,0.0000,0.0000,0.0000,0.0000,0.0000,0.0089,0.0002,0.0001,0.0001,31.3919,0.5286
2026-09-16T20:13:34.225Z,0.0171,0.0015,0.0008,0.0007,-1.2633,0.7308,0.0078,0.0000,0.0000,0.0000,0.0000,0.0000,0.0101,0.0022,0.0014,0.0017,22.0141,0.9532
2026-09-16T20:13:35.266Z,0.0213,0.0021,0.0014,0.0015,-1.8624,0.8991,0.0090,0.0007,0.0002,0.0002,39.4675,0.4485,0.0119,0.0001,0.0002,0.0009,9.1989,5.1847
2026-09-16T20:13:36.269Z,0.0178,0.0018,0.0004,0.0013,-0.4247,0.4799,0.0078,0.0000,0.0000,0.0000,0.0000,0.0000,0.0130,0.0016,0.0003,0.0006,7.9615,0.3902
2026-09-16T20:13:37.264Z,0.0223,0.0008,0.0008,0.0013,-1.8528,1.2431,0.0082,0.0000,0.0000,0.0000,128.3409,0.0000,0.0116,0.0027,0.0009,0.0009,10.0925,0.6102
2026-09-16T20:13:38.283Z,0.0184,0.0027,0.0010,0.0014,-1.4989,0.5971,0.0109,0.0003,0.0005,0.0009,13.0286,3.5282,0.0125,0.0024,0.0007,0.0014,4.3550,0.7026
2026-09-16T20:13:39.303Z,0.0187,0.0038,0.0008,0.0013,-1.6404,0.3938,0.0104,0.0001,0.0001,0.0001,14.1030,0.7084,0.0119,0.0004,0.0006,0.0011,21.0532,3.7966
2026-09-16T20:13:40.321Z,0.0234,0.0036,0.0023,0.0017,-1.4088,0.8357,0.0078,0.0000,0.0000,0.0000,0.0000,0.0000,0.0103,0.0004,0.0002,0.0012,28.4150,2.6109
2026-09-16T20:13:41.339Z,0.0191,0.0021,0.0009,0.0011,-1.9179,0.6023,0.0093,0.0004,0.0002,0.0002,31.3919,0.6736,0.0097,0.0014,0.0008,0.0007,22.6761,0.8100
2026-09-16T20:13:42.357Z,0.0197,0.0009,0.0014,0.0011,-1.9014,1.8561,0.0078,0.0000,0.0000,0.0000,0.0000,0.0000,0.0132,0.0013,0.0014,0.0020,4.2903,1.8580
2026-09-16T20:13:43.376Z,0.0207,0.0013,0.0013,0.0011,-1.8333,1.3303,0.0078,0.0000,0.0000,0.0000,0.0000,0.0000,0.0131,0.0002,0.0001,0.0001,4.2146,0.8634
2026-09-16T20:13:44.427Z,0.0219,0.0011,0.0017,0.0013,-0.7626,1.9040,0.0078,0.0000,0.0000,0.0000,0.0000,0.0000,0.0134,0.0018,0.0010,0.0009,6.3024,0.8732
2026-09-16T20:13:45.462Z,0.0197,0.0031,0.0008,0.0020,-1.9756,0.6419,0.0078,0.0000,0.0000,0.0000,0.0000,0.0000,0.0170,0.0032,0.0029,0.0021,0.9505,1.0912
2026-09-16T20:13:46.462Z,0.0207,0.0020,0.0006,0.0010,-1.9153,0.6602,0.0098,0.0006,0.0008,0.0006,37.3252,1.7312,0.0167,0.0031,0.0009,0.0012,2.2952,0.5019
2026-09-16T20:13:47.466Z,0.0190,0.0023,0.0018,0.0012,-1.7446,0.9412,0.0154,0.0022,0.0007,0.0010,5.8011,0.6888,0.0119,0.0043,0.0018,0.0021,7.5564,0.7348
2026-09-16T20:13:48.484Z,0.0209,0.0013,0.0017,0.0016,-1.6835,1.6147,0.0135,0.0005,0.0003,0.0006,20.6502,1.5569,0.0092,0.0018,0.0006,0.0011,36.8940,0.8186
2026-09-16T20:13:49.504Z,0.0211,0.0014,0.0007,0.0006,-1.5112,0.5846,0.0151,0.0008,0.0007,0.0009,57.5639,1.9989,0.0108,0.0006,0.0002,0.0002,7.5870,0.5278
2026-09-16T20:13:50.522Z,0.0202,0.0028,0.0004,0.0011,-1.8494,0.4575,0.0150,0.0001,0.0001,0.0001,12.5365,1.1601,0.0100,0.0002,0.0001,0.0001,33.1133,0.6003
2026-09-16T20:13:51.525Z,0.0207,0.0016,0.0006,0.0010,0.8937,0.5452,0.0155,0.0018,0.0009,0.0008,25.0381,0.7920,0.0140,0.0015,0.0015,0.0014,4.0723,1.2239
2026-09-16T20:13:52.535Z,0.0217,0.0005,0.0006,0.0006,-0.6667,1.5960,0.0132,0.0008,0.0004,0.0005,11.2135,0.8722,0.0149,0.0014,0.0020,0.0012,0.7076,1.7879
2026-09-16T20:13:53.538Z,0.0223,0.0015,0.0011,0.0022,-0.7310,1.4798,0.0078,0.0000,0.0000,0.0000,0.0000,0.0000,0.0144,0.0014,0.0008,0.0014,5.2903,1.5644
2026-09-16T20:13:54.555Z,0.0225,0.0034,0.0021,0.0017,0.6609,0.7711,0.0078,0.0000,0.0000,0.0000,0.0000,0.0000,0.0171,0.0010,0.0007,0.0021,1.1372,2.5396
2026-09-16T20:13:55.605Z,0.0209,0.0037,0.0011,0.0010,-1.6063,0.3652,0.0140,0.0009,0.0010,0.0009,11.0107,1.4825,0.0103,0.0020,0.0011,0.0010,24.0682,0.7891
2026-09-16T20:13:56.595Z,0.0186,0.0009,0.0006,0.0012,-1.5112,0.8430,0.0109,0.0000,0.0000,0.0000,-1.4044,0.7080,0.0099,0.0015,0.0008,0.0019,19.7953,1.7536
2026-09-16T20:13:57.629Z,0.0204,0.0019,0.0009,0.0009,-1.9365,0.6728,0.0156,0.0000,0.0000,0.0000,0.0000,0.0000,0.0106,0.0011,0.0009,0.0005,18.0829,0.8989
2026-09-16T20:13:58.616Z,0.0220,0.0006,0.0000,0.0004,-0.9856,0.7100,0.0145,0.0011,0.0001,0.0004,22.1713,0.4702,0.0100,0.0000,0.0000,0.0000,18.4347,0.6741
2026-09-16T20:13:59.619Z,0.0209,0.0030,0.0001,0.0012,-1.6979,0.3275,0.0144,0.0013,0.0008,0.0013,10.5454,1.0496,0.0099,0.0028,0.0012,0.0011,23.4731,0.6193
2026-09-16T20:14:00.637Z,0.0189,0.0029,0.0005,0.0016,-0.8649,0.3616,0.0148,0.0000,0.0000,0.0000,2.5635,0.7201,0.0118,0.0028,0.0009,0.0008,7.0463,0.4633
2026-09-16T20:14:01.670Z,0.0201,0.0008,0.0004,0.0009,-1.7728,1.5388,0.0139,0.0007,0.0005,0.0010,5.9638,0.9211,0.0127,0.0021,0.0016,0.0015,14.7888,1.1242
2026-09-16T20:14:02.689Z,0.0202,0.0007,0.0011,0.0014,-1.8332,2.2402,0.0085,0.0000,0.0000,0.0000,86.2581,0.0000,0.0125,0.0005,0.0008,0.0008,3.0387,2.3529
2026-09-16T20:14:03.704Z,0.0204,0.0014,0.0007,0.0009,-1.9596,0.6394,0.0144,0.0005,0.0003,0.0004,18.0300,0.8936,0.0099,0.0001,0.0001,0.0000,23.4731,1.4598
2026-09-16T20:14:04.724Z,0.0204,0.0018,0.0014,0.0016,-1.2743,1.5355,0.0104,0.0009,0.0010,0.0011,31.8277,1.9790,0.0131,0.0004,0.0007,0.0021,2.7096,4.0095
2026-09-16T20:14:05.770Z,0.0207,0.0008,0.0024,0.0013,-1.3073,3.2978,0.0147,0.0008,0.0009,0.0006,25.8574,1.4616,0.0119,0.0022,0.0007,0.0016,9.7998,0.6756
2026-09-16T20:14:06.770Z,0.0205,0.0036,0.0018,0.0017,-1.4704,0.6622,0.0104,0.0004,0.0003,0.0002,22.2447,0.8142,0.0181,0.0008,0.0018,0.0018,1.7890,2.5127
2026-09-16T20:14:07.784Z,0.0221,0.0015,0.0010,0.0012,-0.3444,1.1493,0.0129,0.0007,0.0003,0.0008,17.0198,1.2308,0.0144,0.0016,0.0007,0.0014,6.0065,0.7549
2026-09-16T20:14:08.804Z,0.0203,0.0014,0.0008,0.0008,-1.9554,0.7152,0.0099,0.0000,0.0000,0.0000,0.1359,1.2411,0.0158,0.0010,0.0010,0.0011,-0.3893,1.2536
2026-09-16T20:14:09.829Z,0.0202,0.0014,0.0008,0.0017,-1.8422,1.3494,0.0078,0.0000,0.0000,0.0000,0.0000,0.0000,0.0200,0.0023,0.0002,0.0012,-1.8651,0.4293
2026-09-16T20:14:10.846Z,0.0220,0.0017,0.0001,0.0005,0.0811,0.2461,0.0078,0.0000,0.0000,0.0000,0.0000,0.0000,0.0183,0.0008,0.0015,0.0020,-0.9220,3.2754
2026-09-16T20:14:11.866Z,0.0218,0.0015,0.0008,0.0012,-1.5136,0.8648,0.0089,0.0014,0.0011,0.0007,53.2166,1.0415,0.0184,0.0017,0.0012,0.0021,-0.3314,1.5640
2026-09-16T20:14:12.886Z,0.0202,0.0020,0.0013,0.0015,2.3895,1.1191,0.0078,0.0000,0.0000,0.0000,0.0000,0.0000,0.0180,0.0012,0.0014,0.0019,1.6527,2.0048
2026-09-16T20:14:13.904Z,0.0217,0.0024,0.0012,0.0012,1.1759,0.6456,0.0162,0.0001,0.0003,0.0025,3.7809,18.2935,0.0170,0.0003,0.0006,0.0019,0.4563,8.0374
2026-09-16T20:14:14.930Z,0.0199,0.0047,0.0002,0.0021,0.6593,0.3795,0.0126,0.0011,0.0009,0.0011,25.0345,1.2319,0.0100,0.0016,0.0004,0.0016,9.7302,1.0939
2026-09-16T20:14:15.948Z,0.0209,0.0023,0.0012,0.0013,3.3008,0.7514,0.0157,0.0011,0.0007,0.0006,6.5312,0.7006,0.0097,0.0008,0.0008,0.0007,7.4450,1.3598
2026-09-16T20:14:16.965Z,0.0208,0.0007,0.0006,0.0009,10.7050,1.3800,0.0111,0.0015,0.0009,0.0010,23.4368,0.9199,0.0196,0.0025,0.0011,0.0015,2.9707,0.7362
2026-09-16T20:14:17.970Z,0.0210,0.0032,0.0017,0.0017,-0.6294,0.6795,0.0096,0.0010,0.0007,0.0005,26.3373,0.9129,0.0165,0.0015,0.0006,0.0008,2.6772,0.6809
2026-09-16T20:14:18.989Z,0.0220,0.0006,0.0012,0.0012,-0.5520,2.1624,0.0078,0.0000,0.0000,0.0000,0.0000,0.0000,0.0173,0.0011,0.0002,0.0010,-1.7966,0.7971
2026-09-16T20:14:20.009Z,0.0228,0.0006,0.0017,0.0024,5.2252,5.4008,0.0078,0.0000,0.0000,0.0000,0.0000,0.0000,0.0187,0.0012,0.0010,0.0012,-1.6967,1.3797
2026-09-16T20:14:21.025Z,0.0223,0.0013,0.0004,0.0005,-0.3625,0.5739,0.0088,0.0015,0.0012,0.0008,62.9419,1.0377,0.0190,0.0024,0.0010,0.0014,0.5375,0.6593
2026-09-16T20:14:22.044Z,0.0216,0.0013,0.0007,0.0010,-0.3672,0.8339,0.0082,0.0000,0.0000,0.0000,128.3409,0.0000,0.0187,0.0011,0.0011,0.0013,-1.5310,1.3656
2026-09-16T20:14:23.064Z,0.0197,0.0013,0.0007,0.0010,-1.6392,0.8057,0.0133,0.0000,0.0000,0.0002,45.2986,5.7020,0.0097,0.0013,0.0001,0.0005,25.7729,0.4326
2026-09-16T20:14:24.067Z,0.0208,0.0026,0.0008,0.0016,-0.0012,0.6143,0.0122,0.0001,0.0001,0.0001,-1.9951,1.0275,0.0090,0.0011,0.0007,0.0010,15.8483,0.8872
2026-09-16T20:14:25.087Z,0.0378,0.0088,0.0060,0.0080,1.6611,0.9657,0.0239,0.0013,0.0041,0.0070,4.5607,5.1443,0.0239,0.0015,0.0028,0.0049,2.2010,3.1593
2026-09-16T20:14:26.152Z,0.0439,0.0038,0.0069,0.0084,2.1762,2.7804,0.0432,0.0068,0.0012,0.0107,2.4967,0.7342,0.0231,0.0015,0.0016,0.0033,2.7665,2.6393
2026-09-16T20:14:27.149Z,0.0269,0.0018,0.0017,0.0068,1.0322,4.0007,0.0326,0.0045,0.0030,0.0067,0.3525,1.2461,0.0216,0.0020,0.0006,0.0028,0.9108,0.7716
2026-09-16T20:14:28.150Z,0.0215,0.0023,0.0009,0.0020,-1.3077,0.9174,0.0050,0.0006,0.0012,0.0015,54.5932,3.9314,0.0144,0.0007,0.0012,0.0014,2.5859,1.8431
2026-09-16T20:14:29.170Z,0.0186,0.0026,0.0011,0.0010,-1.3451,0.5187,0.0108,0.0015,0.0007,0.0006,10.3823,0.4830,0.0157,0.0014,0.0010,0.0046,1.8968,1.4403
2026-09-16T20:14:30.184Z,0.0190,0.0025,0.0010,0.0022,-0.1652,1.0535,0.0089,0.0005,0.0008,0.0007,17.1160,2.6482,0.0139,0.0027,0.0011,0.0019,2.1886,0.6415
2026-09-16T20:14:31.184Z,0.0246,0.0009,0.0011,0.0034,-0.3851,3.5106,0.0251,0.0027,0.0017,0.0009,3.2014,0.6318,0.0196,0.0025,0.0007,0.0028,2.0638,0.8866
2026-09-16T20:14:32.188Z,0.1593,0.0175,0.0128,0.0393,12.0066,1.4624,0.1561,0.0422,0.0044,0.0562,7.0826,0.3802,0.0884,0.0133,0.0044,0.0280,4.3433,1.3459
2026-09-16T20:14:33.190Z,0.1920,0.0169,0.0081,0.0952,-0.9688,1.7991,0.1376,0.0206,0.0138,0.0523,-0.8955,1.1773,0.2112,0.0091,0.0137,0.0832,-0.8903,3.9284
2026-09-16T20:14:34.193Z,0.2027,0.0141,0.0122,0.1329,-0.5766,2.7436,0.2330,0.0140,0.0073,0.1481,-0.5771,3.8944,0.2960,0.0361,0.0287,0.0935,-1.4082,1.6907
2026-09-16T20:14:35.195Z,0.1886,0.0149,0.0087,0.1115,0.2834,1.6504,0.3614,0.0098,0.0314,0.1825,-1.1451,10.6702,0.3573,0.0443,0.0205,0.1586,-1.3885,1.1458
2026-09-16T20:14:36.225Z,0.2006,0.0179,0.0277,0.0747,0.0213,2.9122,0.5032,0.0207,0.0111,0.1911,-0.6624,6.0847,0.3651,0.0400,0.0119,0.0981,-1.3389,1.8086
2026-09-16T20:14:37.234Z,0.2380,0.0260,0.0108,0.1649,0.2807,1.1459,0.5776,0.0169,0.0109,0.3534,-0.4521,4.9839,0.4062,0.0290,0.0197,0.1718,-1.3341,1.1382
2026-09-16T20:14:38.222Z,0.2730,0.0052,0.0107,0.1991,-0.1613,7.5289,0.5863,0.0443,0.0335,0.3571,-0.5259,2.2781,0.4156,0.0482,0.0071,0.2533,-1.2574,0.8634
2026-09-16T20:14:39.234Z,0.2802,0.0118,0.0235,0.1889,-0.1343,4.0654,0.6179,0.0179,0.0457,0.3964,-0.6633,3.5516,0.4160,0.0184,0.0296,0.2651,-1.3724,2.4811
2026-09-16T20:14:40.233Z,0.2959,0.0215,0.0200,0.2334,-0.0836,1.5735,0.6000,0.0277,0.0367,0.4078,-0.5115,5.5766,0.4270,0.0098,0.0108,0.2934,-1.1462,5.1057
2026-09-16T20:14:41.222Z,0.3064,0.0231,0.0271,0.2229,-0.2443,2.0985,0.6252,0.0279,0.0234,0.3827,-0.6634,3.3718,0.4190,0.0248,0.0250,0.2768,-1.2388,1.3068
2026-09-16T20:14:42.219Z,0.3145,0.0169,0.0088,0.2180,-0.0394,2.8166,0.5840,0.0392,0.0290,0.3990,-0.4011,3.4086,0.4023,0.0516,0.0285,0.2273,-1.1458,1.3738
2026-09-16T20:14:43.232Z,0.3084,0.0217,0.0406,0.2101,-0.2934,2.4289,0.6656,0.0331,0.0649,0.4984,-0.4675,2.5937,0.4042,0.0334,0.0226,0.2580,-1.2256,1.2044
2026-09-16T20:14:44.229Z,0.3060,0.0103,0.0398,0.2144,0.1159,4.9061,0.6682,0.0711,0.0181,0.4174,-0.4735,0.8288,0.4068,0.0092,0.0136,0.2895,-1.1401,3.3309
2026-09-16T20:14:45.231Z,0.3032,0.0175,0.0232,0.2100,-0.1711,2.4563,0.6504,0.0194,0.0322,0.4641,-0.4449,4.7015,0.4044,0.0261,0.0223,0.3116,-1.2039,2.4663
2026-09-16T20:14:46.251Z,0.3049,0.0105,0.0264,0.2099,0.1706,6.3533,0.6506,0.0276,0.0267,0.5262,-0.5351,3.6138,0.4001,0.0245,0.0062,0.2668,-1.1800,2.6898
2026-09-16T20:14:47.270Z,0.3045,0.0407,0.0275,0.1976,0.3009,1.2964,0.6158,0.0549,0.0404,0.3903,-0.4174,1.9886,0.3900,0.0287,0.0378,0.2177,-1.1398,1.7606
2026-09-16T20:14:48.274Z,0.3067,0.0191,0.0436,0.1879,-0.0813,3.3091,0.5808,0.0599,0.0265,0.4459,-0.5549,1.0628,0.3916,0.0383,0.0133,0.2643,-1.1734,1.2117
2026-09-16T20:14:49.265Z,0.3116,0.0141,0.0231,0.2389,-0.1351,4.6603,0.6214,0.0565,0.0140,0.4128,-0.5095,1.3545,0.3939,0.0114,0.0162,0.2703,-1.1349,2.7545
2026-09-16T20:14:50.268Z,0.3092,0.0170,0.0206,0.2217,0.0297,2.1236,0.5893,0.0743,0.0333,0.4536,-0.5790,1.1776,0.3805,0.0114,0.0254,0.2518,-1.1371,6.5882
2026-09-16T20:14:51.268Z,0.3116,0.0269,0.0364,0.2368,-0.1100,2.6222,0.5880,0.0227,0.0220,0.3947,-0.3145,2.7358,0.4030,0.0363,0.0193,0.2710,-1.2192,1.6561
2026-09-16T20:14:52.260Z,0.2737,0.0070,0.0217,0.1598,0.3062,8.7573,0.5866,0.0678,0.0031,0.4356,-0.6385,0.9125,0.3754,0.0145,0.0095,0.2625,-1.1161,2.1961
2026-09-16T20:14:53.261Z,0.2870,0.0320,0.0257,0.2018,-0.0521,1.8456,0.5466,0.0613,0.0463,0.3409,-0.4526,1.9666,0.3784,0.0232,0.0248,0.2090,-1.1915,1.6678
2026-09-16T20:14:54.263Z,0.2847,0.0059,0.0274,0.1626,0.1847,12.5540,0.5107,0.0147,0.0133,0.3735,-0.0598,2.7803,0.3879,0.0314,0.0155,0.2249,-1.2084,2.6630
2026-09-16T20:14:55.267Z,0.2724,0.0094,0.0319,0.1557,0.4681,6.8046,0.5291,0.0157,0.0199,0.3361,-0.4721,3.3048,0.3915,0.0358,0.0146,0.2773,-1.2724,1.9145
2026-09-16T20:14:56.285Z,0.3035,0.0131,0.0408,0.1485,-0.0572,7.5573,0.4891,0.0324,0.0616,0.1785,-0.2841,2.9807,0.3832,0.0366,0.0340,0.1490,-1.1653,1.9415
2026-09-16T20:14:57.293Z,0.2763,0.0301,0.0370,0.1850,0.1797,2.6593,0.4983,0.0212,0.0095,0.3083,-0.4469,2.7476,0.3736,0.0157,0.0122,0.2412,-1.2390,4.4119
2026-09-16T20:14:58.303Z,0.2690,0.0072,0.0360,0.1338,-0.0010,13.7850,0.4930,0.0274,0.0417,0.2746,-0.3790,2.6962,0.3537,0.0512,0.0168,0.1888,-1.2812,1.3437
2026-09-16T20:14:59.301Z,0.2744,0.0221,0.0385,0.1584,-0.0622,5.2684,0.4650,0.0334,0.0203,0.2841,-0.4270,2.8553,0.3688,0.0624,0.0238,0.1999,-1.2591,1.0826
2026-09-16T20:15:00.304Z,0.2740,0.0078,0.0446,0.1697,-0.0837,11.5239,0.4871,0.0321,0.0099,0.2855,-0.2591,1.5758,0.3686,0.0431,0.0388,0.2248,-1.1973,1.9443
2026-09-16T20:15:01.308Z,0.2777,0.0269,0.0517,0.1608,0.1836,3.6198,0.5011,0.0149,0.0115,0.3092,-0.3410,5.1128,0.3653,0.0392,0.0112,0.2254,-1.1473,2.3876
2026-09-16T20:15:02.308Z,0.2973,0.0130,0.0391,0.2004,0.0801,6.4770,0.5804,0.0121,0.0320,0.4258,-0.3275,5.0646,0.3829,0.0199,0.0191,0.2362,-1.1676,4.0529
2026-09-16T20:15:03.314Z,0.2846,0.0052,0.0413,0.1701,0.1084,20.6933,0.5237,0.0702,0.0322,0.3473,-0.2328,1.1743,0.3679,0.0301,0.0166,0.1937,-1.1651,2.6786
2026-09-16T20:15:04.300Z,0.2807,0.0114,0.0177,0.1677,0.2529,7.2363,0.5130,0.0166,0.0060,0.3466,-0.5180,4.3616,0.3665,0.0359,0.0252,0.2440,-1.1570,2.0276
2026-09-16T20:15:05.304Z,0.2828,0.0135,0.0321,0.1567,-0.1138,6.9707,0.4564,0.0177,0.0224,0.3026,-0.4249,4.3469,0.3699,0.0473,0.0269,0.1922,-1.1862,2.0868
2026-09-16T20:15:06.309Z,0.2819,0.0105,0.0399,0.1749,0.0509,11.1495,0.5354,0.0476,0.0373,0.3300,-0.5100,1.6954,0.3697,0.0143,0.0358,0.2420,-1.1313,5.9331
2026-09-16T20:15:07.330Z,0.2636,0.0206,0.0273,0.1116,-0.1391,2.6419,0.4897,0.0522,0.0464,0.2948,-0.2473,1.3609,0.3577,0.0296,0.0175,0.1904,-1.1455,1.4658
2026-09-16T20:15:08.319Z,0.2818,0.0266,0.0345,0.1538,0.0381,2.8163,0.4976,0.0306,0.0079,0.3266,-0.4879,1.8260,0.3536,0.0125,0.0149,0.2142,-1.1466,3.0167
2026-09-16T20:15:09.353Z,0.2669,0.0109,0.0464,0.1571,0.1772,5.9585,0.4375,0.0559,0.0328,0.2312,-0.4460,0.7251,0.3582,0.0097,0.0093,0.1849,-1.1576,6.7721
2026-09-16T20:15:10.341Z,0.2739,0.0195,0.0226,0.1431,-0.2461,5.2658,0.4082,0.0178,0.0260,0.2092,-0.3001,3.5727,0.3612,0.0533,0.0292,0.2478,-1.1264,1.2043
2026-09-16T20:15:11.341Z,0.2651,0.0121,0.0226,0.1279,0.1075,7.3756,0.4536,0.0313,0.0225,0.2748,-0.3505,2.0018,0.3546,0.0523,0.0094,0.2453,-1.1524,1.0953
2026-09-16T20:15:12.347Z,0.2554,0.0109,0.0367,0.1455,0.4300,8.8828,0.4182,0.0481,0.0083,0.2777,-0.3151,0.6559,0.3460,0.0535,0.0367,0.1735,-1.3530,1.4000
2026-09-16T20:15:13.349Z,0.2590,0.0194,0.0354,0.1405,0.2012,4.9360,0.4578,0.0307,0.0221,0.3222,-0.5168,2.2990,0.3522,0.0431,0.0185,0.2052,-1.1537,1.0193
2026-09-16T20:15:14.353Z,0.2694,0.0106,0.0628,0.1827,-0.1277,11.8681,0.4131,0.0395,0.0196,0.2734,-0.4094,1.0085,0.3451,0.0074,0.0320,0.2043,-1.3039,8.3369
2026-09-16T20:15:15.352Z,0.2698,0.0139,0.0455,0.1794,-0.3811,8.4434,0.4115,0.0309,0.0237,0.2843,-0.5825,0.9515,0.3314,0.0153,0.0261,0.1688,-1.3368,3.0330
2026-09-16T20:15:16.373Z,0.2704,0.0156,0.0601,0.1489,0.2110,4.7782,0.4122,0.0083,0.0261,0.2157,-0.4352,6.4389,0.3460,0.0090,0.0248,0.1693,-1.2661,4.6969
2026-09-16T20:15:17.383Z,0.2681,0.0174,0.0304,0.1023,-0.2373,4.2449,0.4707,0.0471,0.0361,0.3219,-0.4602,1.9786,0.3413,0.0235,0.0200,0.1076,-1.2528,2.1182
2026-09-16T20:15:18.385Z,0.2685,0.0097,0.0327,0.1330,0.2827,9.0955,0.4194,0.0377,0.0217,0.2771,-0.4439,2.1915,0.3377,0.0451,0.0364,0.1699,-1.3233,1.2718
2026-09-16T20:15:19.390Z,0.2593,0.0157,0.0580,0.1426,-0.2235,7.5501,0.3846,0.0322,0.0200,0.1990,-0.6428,1.3809,0.3343,0.0283,0.0228,0.1793,-1.1974,1.9346
2026-09-16T20:15:20.407Z,0.2751,0.0175,0.0372,0.1356,0.5828,2.8230,0.4103,0.0257,0.0360,0.2477,-0.8172,2.6043,0.3324,0.0229,0.0261,0.1642,-1.1922,2.3875
2026-09-16T20:15:21.407Z,0.2663,0.0147,0.0070,0.1441,0.8324,8.5982,0.4259,0.0167,0.0337,0.2013,-0.5835,3.7017,0.3378,0.0178,0.0118,0.2120,-1.1772,4.5096
2026-09-16T20:15:22.411Z,0.2679,0.0138,0.0240,0.1377,0.0964,7.1759,0.4182,0.0028,0.0109,0.2616,-0.4507,13.8043,0.3407,0.0229,0.0288,0.2001,-1.3333,2.2789
2026-09-16T20:15:23.408Z,0.2724,0.0174,0.0731,0.1629,0.1588,7.6645,0.4002,0.0154,0.0299,0.2322,-0.2640,3.3981,0.3312,0.0046,0.0402,0.1454,-1.2755,14.2710
2026-09-16T20:15:24.412Z,0.2730,0.0229,0.0342,0.1525,0.4201,4.7728,0.4076,0.0196,0.0357,0.2450,-0.4962,4.3750,0.3392,0.0244,0.0473,0.1827,-1.2672,2.9100
2026-09-16T20:15:25.414Z,0.2705,0.0155,0.0577,0.1533,0.4419,8.1770,0.4021,0.0096,0.0140,0.2462,-0.6196,6.1773,0.3345,0.0359,0.0180,0.2027,-1.2595,1.5011
2026-09-16T20:15:26.434Z,0.2632,0.0104,0.0595,0.1369,-0.5339,11.1456,0.3590,0.0202,0.0271,0.2074,0.0944,4.3349,0.3220,0.0302,0.0146,0.1686,-1.2856,2.0440
2026-09-16T20:15:27.454Z,0.2683,0.0134,0.0259,0.1442,0.0754,4.0446,0.3948,0.0096,0.0188,0.1745,-0.8361,9.4719,0.3279,0.0664,0.0098,0.1703,-1.1070,0.7779
2026-09-16T20:15:28.454Z,0.2664,0.0146,0.0484,0.1484,-0.5191,8.2505,0.3707,0.0439,0.0108,0.2320,-0.3065,1.5715,0.3342,0.0455,0.0239,0.1612,-1.3195,1.2067
2026-09-16T20:15:29.443Z,0.2572,0.0045,0.0334,0.1568,0.5530,25.7448,0.3771,0.0286,0.0343,0.2472,-0.1474,2.6984,0.3301,0.0452,0.0221,0.2139,-1.1773,1.2471
2026-09-16T20:15:30.450Z,0.2632,0.0164,0.0204,0.1570,-0.1344,7.0382,0.3715,0.0296,0.0040,0.2252,-0.2963,1.9898,0.3214,0.0477,0.0170,0.1694,-1.3029,1.5293
2026-09-16T20:15:31.461Z,0.2676,0.0220,0.0617,0.1257,0.1662,6.2278,0.4064,0.0379,0.0292,0.2013,-0.4871,1.7747,0.3338,0.0462,0.0138,0.1514,-1.2935,0.6747
2026-09-16T20:15:32.464Z,0.2668,0.0110,0.0065,0.1576,-0.2866,14.5989,0.3882,0.0223,0.0077,0.2269,-0.3226,3.0904,0.3306,0.0153,0.0102,0.1816,-1.1251,5.1371
2026-09-16T20:15:33.464Z,0.2662,0.0133,0.0594,0.1469,0.1500,11.4420,0.3990,0.0368,0.0196,0.2455,-0.4355,1.4308,0.3391,0.0342,0.0255,0.1948,-1.1180,2.1751
2026-09-16T20:15:34.466Z,0.2705,0.0037,0.0257,0.1302,-0.0639,30.4621,0.3656,0.0165,0.0295,0.1866,-0.4844,2.9029,0.3340,0.0328,0.0131,0.1811,-1.3326,2.1253
2026-09-16T20:15:35.471Z,0.2737,0.0143,0.0458,0.1623,-0.4262,9.6168,0.3612,0.0220,0.0160,0.2039,-0.4564,2.6863,0.3170,0.0495,0.0226,0.1248,-1.2340,1.0624
2026-09-16T20:15:36.475Z,0.2659,0.0352,0.0162,0.1427,0.0121,3.7943,0.3640,0.0142,0.0273,0.1847,-0.3844,3.4747,0.3313,0.0135,0.0194,0.1795,-1.1806,4.5053
2026-09-16T20:15:37.479Z,0.2576,0.0033,0.0290,0.1102,-0.1665,30.6232,0.3763,0.0373,0.0380,0.1696,-0.4503,2.5234,0.3275,0.0160,0.0119,0.1770,-1.2420,5.7409
2026-09-16T20:15:38.483Z,0.2652,0.0151,0.0488,0.1694,-0.0935,10.2848,0.3946,0.0336,0.0507,0.2203,-0.7788,2.6040,0.3412,0.0115,0.0372,0.1683,-1.2174,6.5624
2026-09-16T20:15:39.485Z,0.2785,0.0253,0.0363,0.1383,0.0130,4.5992,0.3449,0.0159,0.0165,0.1703,-0.4725,3.2724,0.3270,0.0264,0.0022,0.2162,-1.2816,1.3899
2026-09-16T20:15:40.488Z,0.2716,0.0189,0.0056,0.1416,-0.2071,7.3265,0.3970,0.0147,0.0216,0.2150,-0.6523,2.9710,0.3319,0.0316,0.0217,0.1789,-1.2593,1.7363
2026-09-16T20:15:41.484Z,0.2705,0.0133,0.0264,0.1289,-0.1154,8.3856,0.3512,0.0378,0.0240,0.2132,-0.5563,1.3461,0.3259,0.0340,0.0125,0.2116,-1.2676,2.0780
2026-09-16T20:15:42.501Z,0.2603,0.0222,0.0582,0.1262,0.0904,5.6668,0.3699,0.0157,0.0223,0.2306,-0.6308,2.7537,0.3272,0.0094,0.0195,0.1271,-1.1484,7.8949
2026-09-16T20:15:43.506Z,0.2705,0.0094,0.0401,0.1428,-0.3679,15.9560,0.3288,0.0180,0.0314,0.1822,-0.3609,3.1141,0.3277,0.0470,0.0145,0.1801,-1.3314,1.1335
2026-09-16T20:15:44.510Z,0.2729,0.0269,0.0427,0.1276,-0.1313,4.4560,0.3836,0.0220,0.0038,0.2034,-0.7109,2.0221,0.3252,0.0295,0.0198,0.1988,-1.1637,3.3039
2026-09-16T20:15:45.513Z,0.2630,0.0101,0.0369,0.1466,-0.2445,14.0583,0.3598,0.0165,0.0238,0.1999,-0.3373,3.3680,0.3225,0.0258,0.0307,0.1782,-1.2183,1.6622
2026-09-16T20:15:46.521Z,0.2612,0.0203,0.0549,0.1522,-0.2065,8.0521,0.3364,0.0265,0.0163,0.1627,-0.2211,1.4651,0.3206,0.0258,0.0136,0.1183,-1.3173,2.6994
2026-09-16T20:15:47.540Z,0.2470,0.0142,0.0229,0.0794,0.5583,3.2410,0.3257,0.0131,0.0070,0.1177,-0.5189,5.6129,0.3275,0.0179,0.0253,0.1353,-1.1602,3.6594
2026-09-16T20:15:48.545Z,0.2678,0.0328,0.0206,0.1338,-0.6668,3.3654,0.3531,0.0048,0.0188,0.2139,-0.2171,12.6209,0.3345,0.0039,0.0077,0.1900,-1.2970,10.4520
2026-09-16T20:15:49.552Z,0.2822,0.0089,0.0299,0.1646,-0.5754,13.3151,0.3484,0.0062,0.0072,0.1900,0.0371,5.8625,0.3230,0.0382,0.0240,0.2010,-1.3038,1.4333
2026-09-16T20:15:50.553Z,0.2918,0.0198,0.0430,0.1720,-0.0905,6.7440,0.3919,0.0210,0.0163,0.2607,-0.2890,3.1555,0.3482,0.0202,0.0090,0.2208,-1.1663,2.7292
2026-09-16T20:15:51.541Z,0.2765,0.0155,0.0335,0.1474,-0.0551,6.6521,0.4017,0.0189,0.0188,0.2751,-0.2674,2.6481,0.3248,0.0244,0.0176,0.1869,-1.1198,2.0364
2026-09-16T20:15:52.550Z,0.2831,0.0237,0.0557,0.1764,0.1515,5.0238,0.4078,0.0040,0.0303,0.2918,-0.2639,10.8532,0.3445,0.0184,0.0175,0.2331,-1.1497,2.5376
2026-09-16T20:15:53.570Z,0.2801,0.0272,0.0291,0.1627,-0.1491,4.2622,0.4068,0.0290,0.0126,0.2671,-0.1464,1.6409,0.3302,0.0454,0.0063,0.1776,-1.2746,0.8624
2026-09-16T20:15:54.572Z,0.2829,0.0062,0.0312,0.1520,0.2194,17.5132,0.4366,0.0322,0.0287,0.3224,-0.3404,1.9482,0.3235,0.0156,0.0087,0.2110,-1.1005,5.4903
2026-09-16T20:15:55.560Z,0.2781,0.0257,0.0274,0.1439,-0.1193,2.1121,0.4184,0.0329,0.0113,0.2659,-0.3794,0.9862,0.3210,0.0185,0.0261,0.1615,-1.3187,3.7268
2026-09-16T20:15:56.564Z,0.3007,0.0149,0.0371,0.1711,-0.2489,5.8221,0.4378,0.0077,0.0220,0.2739,0.1099,7.6943,0.3418,0.0345,0.0024,0.2170,-1.1057,2.1963
2026-09-16T20:15:57.583Z,0.2872,0.0282,0.0147,0.1059,0.0828,2.8860,0.4874,0.0098,0.0399,0.2681,-0.3136,5.5929,0.3341,0.0225,0.0078,0.1264,-1.0648,2.0512
2026-09-16T20:15:58.589Z,0.3109,0.0157,0.0506,0.1705,-0.2866,4.9490,0.4188,0.0322,0.0237,0.2883,-0.2380,1.6906,0.3370,0.0211,0.0124,0.2322,-1.1695,2.4746
2026-09-16T20:15:59.590Z,0.2717,0.0114,0.0412,0.1562,-0.1148,5.7408,0.4005,0.0231,0.0116,0.3074,0.0424,1.2384,0.3249,0.0342,0.0234,0.1651,-1.2759,0.9352
2026-09-16T20:16:00.578Z,0.2912,0.0091,0.0472,0.1728,0.0159,8.4557,0.4609,0.0159,0.0123,0.3661,-0.0004,3.3875,0.3254,0.0426,0.0239,0.1740,-1.1738,1.2978
2026-09-16T20:16:01.581Z,0.3227,0.0121,0.0443,0.2251,-0.2632,5.1861,0.4857,0.0150,0.0123,0.4232,-0.0533,3.9908,0.3446,0.0253,0.0147,0.2559,-1.1880,1.6393
2026-09-16T20:16:02.588Z,0.3332,0.0225,0.0327,0.2161,-0.1354,1.8310,0.5077,0.0207,0.0214,0.4136,-0.0248,1.4773,0.3348,0.0180,0.0114,0.2670,-1.0254,2.6190
2026-09-16T20:16:03.589Z,0.3222,0.0034,0.0452,0.2195,-0.2791,22.2266,0.4713,0.0130,0.0210,0.3389,0.2483,5.4790,0.3409,0.0204,0.0292,0.2818,-1.0769,3.9277
2026-09-16T20:16:04.613Z,0.3075,0.0161,0.0355,0.1884,-0.2052,3.7164,0.5106,0.0115,0.0127,0.4511,-0.3968,2.9531,0.3302,0.0203,0.0052,0.2010,-1.2532,1.6932
2026-09-16T20:16:05.612Z,0.2699,0.0325,0.0188,0.1327,0.0804,1.6225,0.4364,0.0447,0.0089,0.2669,-0.1838,1.4370,0.3206,0.0174,0.0434,0.1541,-1.1635,4.6736
2026-09-16T20:16:06.615Z,0.2930,0.0059,0.0454,0.1915,-0.3565,11.4361,0.4346,0.0077,0.0063,0.3268,0.1877,6.8529,0.3234,0.0664,0.0165,0.2034,-1.2442,0.8876
2026-09-16T20:16:07.652Z,0.3070,0.0528,0.0190,0.0839,-0.2843,0.9717,0.4150,0.0484,0.0335,0.1749,-0.4985,1.0358,0.3365,0.0285,0.0101,0.1028,-1.1403,2.8966
2026-09-16T20:16:08.642Z,0.2684,0.0200,0.0406,0.1271,0.0621,3.7867,0.4313,0.0166,0.0159,0.3275,-0.2772,2.9945,0.3231,0.0408,0.0192,0.1942,-1.2118,1.7593
2026-09-16T20:16:09.644Z,0.3048,0.0274,0.0327,0.1598,-0.2315,2.7795,0.4643,0.0213,0.0206,0.3427,0.0458,1.7839,0.3322,0.0313,0.0079,0.2426,-1.1593,1.3341
2026-09-16T20:16:10.647Z,0.2910,0.0092,0.0442,0.1723,-0.1881,11.2399,0.4085,0.0255,0.0196,0.2893,-0.5714,1.2775,0.3175,0.0409,0.0342,0.1654,-1.1015,1.5311
2026-09-16T20:16:11.649Z,0.2793,0.0149,0.0277,0.1502,-0.5313,4.0814,0.3463,0.0183,0.0137,0.2033,-0.0221,3.9840,0.3161,0.0270,0.0062,0.1650,-1.2555,2.0559
2026-09-16T20:16:12.652Z,0.2784,0.0172,0.0354,0.1359,-0.3036,3.2645,0.3672,0.0372,0.0109,0.2374,-0.3730,0.7915,0.3183,0.0174,0.0277,0.1888,-1.3165,3.5688
2026-09-16T20:16:13.652Z,0.2608,0.0126,0.0253,0.1712,0.0094,6.7694,0.3615,0.0136,0.0138,0.2261,-0.6207,2.9717,0.3125,0.0168,0.0181,0.1585,-1.3218,5.0017
2026-09-16T20:16:14.643Z,0.2940,0.0198,0.0479,0.1694,-0.3957,5.3404,0.3824,0.0308,0.0372,0.2933,-0.4096,1.5387,0.3259,0.0295,0.0131,0.1909,-1.2293,1.5906
2026-09-16T20:16:15.647Z,0.2882,0.0043,0.0493,0.1810,-0.4460,24.2662,0.3547,0.0067,0.0491,0.1864,-0.1055,11.1729,0.3111,0.0495,0.0408,0.1455,-1.2480,1.2974
2026-09-16T20:16:16.647Z,0.2881,0.0215,0.0357,0.1493,-0.3164,2.8365,0.3977,0.0183,0.0085,0.2914,-0.2120,2.0998,0.3239,0.0326,0.0008,0.1937,-1.2842,1.5980
2026-09-16T20:16:17.669Z,0.2903,0.0216,0.0550,0.1282,-0.3368,4.6978,0.3819,0.0088,0.0212,0.2103,-0.1290,4.8401,0.3228,0.0212,0.0417,0.1462,-1.2138,4.7234
2026-09-16T20:16:18.671Z,0.2783,0.0033,0.0224,0.1617,-0.2907,29.1488,0.3685,0.0116,0.0133,0.2319,-0.4042,4.9686,0.3228,0.0465,0.0190,0.1340,-1.0994,1.0028
2026-09-16T20:16:19.687Z,0.2944,0.0333,0.0476,0.1662,-0.4335,2.8240,0.3961,0.0204,0.0397,0.2519,-0.2282,3.8735,0.3207,0.0268,0.0126,0.1878,-1.1192,1.9109
2026-09-16T20:16:20.693Z,0.2802,0.0249,0.0463,0.1517,-0.2250,3.4677,0.3877,0.0639,0.0085,0.2842,-0.2416,0.7382,0.3204,0.0478,0.0195,0.1526,-1.2672,1.5657
2026-09-16T20:16:21.694Z,0.2907,0.0112,0.0178,0.1286,-0.2015,6.8340,0.4167,0.0080,0.0065,0.2866,-0.4375,7.6610,0.3157,0.0214,0.0149,0.1928,-1.1688,4.1497
2026-09-16T20:16:22.682Z,0.2899,0.0100,0.0528,0.1757,-0.6287,11.0141,0.3646,0.0266,0.0067,0.2384,-0.4053,2.4997,0.3295,0.0405,0.0277,0.1716,-1.2143,1.1867
2026-09-16T20:16:23.685Z,0.2895,0.0432,0.0396,0.1375,-0.1122,1.7301,0.3918,0.0071,0.0111,0.2681,-0.1507,8.8499,0.3056,0.0347,0.0109,0.1698,-1.2533,2.0781
2026-09-16T20:16:24.687Z,0.2985,0.0169,0.0520,0.1897,-0.4167,6.7974,0.3647,0.0282,0.0134,0.2257,-0.3995,2.1675,0.3159,0.0161,0.0062,0.1698,-1.2131,3.4158
2026-09-16T20:16:25.691Z,0.2809,0.0053,0.0454,0.1762,0.0096,20.0863,0.3578,0.0300,0.0134,0.1937,-0.2027,1.3927,0.3106,0.0216,0.0128,0.1891,-1.2726,3.4323
2026-09-16T20:16:26.688Z,0.2925,0.0190,0.0443,0.1726,-0.3921,5.2526,0.3780,0.0320,0.0162,0.2613,0.0746,2.0921,0.3121,0.0454,0.0172,0.1642,-1.1855,1.6637
2026-09-16T20:16:27.698Z,0.2956,0.0252,0.0151,0.1649,-0.3976,2.1595,0.3798,0.0319,0.0300,0.2305,-0.0918,1.2975,0.3214,0.0238,0.0050,0.1967,-1.1265,1.6733
2026-09-16T20:16:28.700Z,0.2973,0.0342,0.0537,0.1477,-0.1644,3.2648,0.3991,0.0363,0.0241,0.2381,0.0243,2.3532,0.3312,0.0580,0.0336,0.1759,-1.1682,0.7569
2026-09-16T20:16:29.711Z,0.2783,0.0164,0.0392,0.1342,-0.1826,4.8871,0.4146,0.0171,0.0180,0.3065,-0.3326,2.9858,0.3215,0.0148,0.0244,0.1683,-1.1936,5.3610
2026-09-16T20:16:30.731Z,0.2829,0.0129,0.0351,0.1468,-0.2406,8.6814,0.4173,0.0410,0.0369,0.2827,-0.1939,1.7042,0.3129,0.0177,0.0189,0.1724,-1.1613,3.8200
2026-09-16T20:16:31.732Z,0.2931,0.0037,0.0585,0.1525,-0.1506,30.5391,0.4242,0.0118,0.0118,0.2750,-0.3522,4.8276,0.3250,0.0306,0.0184,0.2088,-1.1527,1.7979
2026-09-16T20:16:32.733Z,0.2881,0.0306,0.0439,0.1595,-0.1868,3.4846,0.3951,0.0289,0.0177,0.2879,-0.0925,2.0648,0.3136,0.0355,0.0064,0.1766,-1.1887,1.2291
2026-09-16T20:16:33.729Z,0.2894,0.0228,0.0275,0.1573,-0.1188,4.5390,0.4347,0.0182,0.0087,0.3490,-0.1339,1.9319,0.3152,0.0040,0.0236,0.1875,-1.2078,9.6201
2026-09-16T20:16:34.733Z,0.2841,0.0409,0.0179,0.1376,-0.0227,1.7167,0.4104,0.0116,0.0189,0.3159,-0.1151,3.5959,0.3256,0.0193,0.0183,0.1608,-1.1666,3.1050
2026-09-16T20:16:35.727Z,0.2955,0.0149,0.0489,0.1721,-0.2079,7.9470,0.4330,0.0062,0.0381,0.3047,-0.2496,7.2607,0.3273,0.0121,0.0244,0.2425,-1.1095,3.3079
2026-09-16T20:16:36.727Z,0.2965,0.0083,0.0593,0.1852,0.1370,16.6525,0.4158,0.0166,0.0145,0.2827,-0.0928,3.4615,0.3222,0.0174,0.0093,0.2233,-1.1263,2.4032
2026-09-16T20:16:37.767Z,0.2805,0.0135,0.0259,0.1339,-0.1184,3.6501,0.3501,0.0166,0.0204,0.2129,-0.0511,3.5986,0.3148,0.0452,0.0194,0.1539,-1.1017,1.2022
2026-09-16T20:16:38.767Z,0.2854,0.0096,0.0251,0.1452,-0.4091,9.5493,0.3524,0.0107,0.0052,0.1523,-0.3828,3.3295,0.3169,0.0118,0.0060,0.1610,-1.2544,2.4810
2026-09-16T20:16:39.773Z,0.2713,0.0243,0.0338,0.1633,-0.2795,4.5861,0.3165,0.0255,0.0160,0.1833,-0.2779,2.0585,0.3090,0.0136,0.0203,0.1389,-1.2579,4.7079
2026-09-16T20:16:40.767Z,0.2658,0.0202,0.0387,0.1667,-0.0396,5.8793,0.3230,0.0335,0.0387,0.1620,-0.4565,1.5929,0.3012,0.0225,0.0133,0.1539,-1.2311,3.4339
2026-09-16T20:16:41.762Z,0.2839,0.0249,0.0480,0.1387,-0.2647,6.0421,0.3626,0.0145,0.0175,0.2419,0.0294,3.4369,0.3193,0.0302,0.0096,0.1362,-1.2706,2.3710
2026-09-16T20:16:42.764Z,0.2870,0.0231,0.0422,0.1691,0.0334,6.7868,0.4029,0.0142,0.0059,0.2861,-0.2826,2.1931,0.3173,0.0224,0.0056,0.2312,-1.2058,1.8001
2026-09-16T20:16:43.767Z,0.2664,0.0274,0.0334,0.1534,0.1108,4.2236,0.3861,0.0193,0.0186,0.2910,-0.7719,2.1873,0.3055,0.0146,0.0319,0.1594,-1.0616,5.5376
2026-09-16T20:16:44.770Z,0.2710,0.0094,0.0433,0.1368,-0.0201,11.8379,0.3853,0.0103,0.0256,0.2711,0.0417,5.6769,0.3066,0.0151,0.0125,0.2122,-1.2450,2.7725
2026-09-16T20:16:45.772Z,0.2699,0.0143,0.0414,0.1709,-0.4954,10.7306,0.3361,0.0136,0.0065,0.2133,-0.0853,4.8377,0.3062,0.0143,0.0056,0.1505,-1.2885,4.2496
2026-09-16T20:16:46.759Z,0.2640,0.0066,0.0197,0.1217,-0.4233,15.0136,0.3827,0.0127,0.0118,0.2834,0.0231,4.0412,0.2978,0.0332,0.0084,0.1747,-1.1508,2.4322
2026-09-16T20:16:47.782Z,0.2677,0.0133,0.0621,0.1453,-0.3702,10.1006,0.3461,0.0204,0.0116,0.1915,0.0332,2.8241,0.3131,0.0058,0.0292,0.1639,-1.2963,6.8145
2026-09-16T20:16:48.804Z,0.2584,0.0126,0.0511,0.1457,0.2507,12.3168,0.3634,0.0317,0.0430,0.1683,-0.1826,2.3657,0.3149,0.0283,0.0286,0.1594,-1.1551,2.2526
2026-09-16T20:16:49.807Z,0.2730,0.0136,0.0437,0.1514,-0.3414,11.2567,0.3409,0.0149,0.0204,0.1834,-0.3309,3.7307,0.2975,0.0437,0.0441,0.1359,-1.2171,1.3114
2026-09-16T20:16:50.812Z,0.2730,0.0117,0.0392,0.1549,-0.3094,13.7693,0.3272,0.0452,0.0057,0.2002,-0.2577,1.0485,0.3069,0.0167,0.0177,0.1668,-1.1308,3.2165
2026-09-16T20:16:51.800Z,0.2664,0.0134,0.0270,0.1294,-0.3290,9.9333,0.3375,0.0163,0.0140,0.2142,0.1883,3.2135,0.3104,0.0171,0.0193,0.1764,-1.2199,2.4677
2026-09-16T20:16:52.830Z,0.2670,0.0094,0.0327,0.1251,-0.3516,13.1900,0.3157,0.0112,0.0336,0.1932,-0.3410,5.9034,0.3072,0.0352,0.0127,0.1862,-1.2452,1.7346
2026-09-16T20:16:53.827Z,0.2712,0.0143,0.0503,0.1718,-0.4165,12.5824,0.2689,0.0132,0.0287,0.1714,-0.6175,4.2516,0.2973,0.0149,0.0306,0.1597,-1.3213,3.5968
2026-09-16T20:16:54.832Z,0.2711,0.0253,0.0421,0.1548,-0.0880,5.7393,0.3103,0.0202,0.0165,0.1732,-0.5464,3.5017,0.2992,0.0143,0.0113,0.2011,-1.2792,3.2589
2026-09-16T20:16:55.820Z,0.2538,0.0097,0.0131,0.1747,-0.3735,18.2579,0.3094,0.0393,0.0010,0.1460,-0.2127,1.4278,0.2952,0.0265,0.0145,0.2133,-1.2249,2.7170
2026-09-16T20:16:56.823Z,0.2760,0.0206,0.0247,0.1805,-0.4956,8.9148,0.3306,0.0339,0.0029,0.1919,-0.5449,1.3514,0.3157,0.0238,0.0137,0.2028,-1.2082,1.5453
2026-09-16T20:16:57.851Z,0.2790,0.0079,0.0340,0.1810,-0.4355,9.8026,0.3048,0.0358,0.0368,0.1118,-0.0212,1.7369,0.2843,0.0188,0.0172,0.1176,-1.1727,2.7602
2026-09-16T20:16:58.865Z,0.2519,0.0032,0.0452,0.0967,-0.1230,32.1383,0.2986,0.0205,0.0102,0.1634,-0.2238,3.2094,0.3023,0.0095,0.0279,0.0914,-1.2839,7.0815
2026-09-16T20:16:59.873Z,0.2743,0.0146,0.0467,0.1485,-0.3821,10.6946,0.3277,0.0176,0.0173,0.1922,-0.6491,3.4067,0.3072,0.0052,0.0202,0.1700,-1.1941,8.5372
2026-09-16T20:17:00.874Z,0.2748,0.0241,0.0227,0.1953,-0.1301,8.2194,0.3471,0.0091,0.0204,0.2403,-0.4329,7.0721,0.2938,0.0222,0.0272,0.1762,-1.2489,2.5489
2026-09-16T20:17:01.858Z,0.2641,0.0252,0.0211,0.1505,0.5885,6.0420,0.3270,0.0227,0.0260,0.2062,-0.2886,2.4444,0.2926,0.0160,0.0056,0.1457,-1.1910,3.0926
2026-09-16T20:17:02.873Z,0.2615,0.0214,0.0212,0.1349,0.0464,6.4024,0.3452,0.0116,0.0094,0.2104,-0.3300,4.9231,0.3126,0.0420,0.0222,0.1731,-1.1689,1.8395
2026-09-16T20:17:03.892Z,0.2656,0.0107,0.0258,0.1471,0.0985,5.7720,0.3432,0.0135,0.0125,0.1656,-0.1494,3.3059,0.3034,0.0399,0.0233,0.1861,-1.1784,1.4618
2026-09-16T20:17:04.888Z,0.2654,0.0112,0.0201,0.1521,-0.2401,13.4590,0.3028,0.0076,0.0133,0.1732,-0.3324,6.8245,0.2957,0.0469,0.0147,0.1538,-1.3427,1.5952
2026-09-16T20:17:05.882Z,0.2779,0.0138,0.0353,0.1574,-0.3980,11.7918,0.3559,0.0109,0.0296,0.2153,-0.5808,8.2922,0.2843,0.0179,0.0476,0.1536,-1.0159,4.1709
2026-09-16T20:17:06.887Z,0.2487,0.0081,0.0428,0.1481,0.2173,18.1774,0.3370,0.0331,0.0120,0.1723,0.4951,1.7274,0.3087,0.0130,0.0104,0.1291,-1.3889,4.8106
2026-09-16T20:17:07.888Z,0.2660,0.0356,0.0255,0.1318,-0.0902,3.8725,0.3806,0.0314,0.0159,0.2365,-0.7864,1.3076,0.3087,0.0278,0.0142,0.2550,-1.1220,1.2226
2026-09-16T20:17:08.913Z,0.2688,0.0245,0.0522,0.1543,0.1801,3.2407,0.3176,0.0155,0.0120,0.1183,-0.1909,4.1387,0.3020,0.0315,0.0343,0.0875,-1.2822,2.0544
2026-09-16T20:17:09.914Z,0.2575,0.0129,0.0085,0.1598,-0.1640,12.4861,0.3242,0.0138,0.0059,0.1730,-0.6989,2.3434,0.3102,0.0190,0.0190,0.1717,-1.1301,3.2341
2026-09-16T20:17:10.908Z,0.2712,0.0184,0.0211,0.1561,0.4433,8.6413,0.3461,0.0194,0.0219,0.1925,0.0685,5.3601,0.2922,0.0158,0.0388,0.0939,-1.2934,5.0652
2026-09-16T20:17:11.911Z,0.2624,0.0153,0.0542,0.1583,-0.3228,11.0741,0.3485,0.0217,0.0120,0.2363,-0.7834,2.7748,0.3140,0.0126,0.0135,0.2455,-1.0394,4.0368
2026-09-16T20:17:12.898Z,0.2874,0.0181,0.0243,0.1653,-0.1508,9.2181,0.3510,0.0088,0.0139,0.2580,-0.2388,6.5383,0.3090,0.0233,0.0120,0.2151,-1.2234,1.4341
2026-09-16T20:17:13.899Z,0.2711,0.0143,0.0485,0.1567,-0.1938,11.6133,0.3094,0.0105,0.0031,0.1814,-0.2767,2.5108,0.2997,0.0205,0.0428,0.1189,-1.3495,4.3938
2026-09-16T20:17:14.932Z,0.2507,0.0362,0.0406,0.1071,-0.2093,1.4789,0.2974,0.0117,0.0300,0.1209,-0.4451,5.6922,0.2929,0.0414,0.0341,0.1470,-1.1811,2.0674
2026-09-16T20:17:15.933Z,0.2840,0.0170,0.0352,0.1419,-0.1432,8.2932,0.3410,0.0111,0.0174,0.2147,-0.2077,4.5272,0.3026,0.0031,0.0128,0.1923,-1.2482,18.8558
2026-09-16T20:17:16.933Z,0.2832,0.0190,0.0256,0.1639,-0.4586,5.3524,0.3937,0.0133,0.0101,0.2583,-0.3582,2.7119,0.3160,0.0373,0.0091,0.1947,-1.2203,0.9446
2026-09-16T20:17:17.925Z,0.2909,0.0224,0.0664,0.1691,-0.0237,4.7613,0.4243,0.0228,0.0007,0.2994,-0.1485,1.0535,0.3099,0.0208,0.0079,0.2319,-1.0821,3.8560
2026-09-16T20:17:18.939Z,0.3168,0.0161,0.0303,0.1662,0.0287,3.1555,0.4751,0.0283,0.0243,0.3187,-0.1162,2.2003,0.3250,0.0184,0.0196,0.1497,-1.1334,2.9490
2026-09-16T20:17:19.953Z,0.3001,0.0182,0.0195,0.2011,-0.2758,3.5760,0.4517,0.0260,0.0318,0.3822,-0.3467,1.8983,0.3072,0.0378,0.0241,0.1762,-1.1513,1.6866
2026-09-16T20:17:20.950Z,0.2999,0.0211,0.0433,0.1716,-0.3239,4.6002,0.4693,0.0088,0.0080,0.3680,-0.5125,4.2149,0.3179,0.0345,0.0021,0.1731,-1.1516,1.5335
2026-09-16T20:17:21.952Z,0.3037,0.0076,0.0276,0.1649,-0.1976,9.5082,0.4538,0.0327,0.0179,0.4179,0.1713,1.6767,0.3039,0.0266,0.0157,0.1644,-1.1652,2.1861
2026-09-16T20:17:22.953Z,0.2863,0.0069,0.0506,0.1610,0.0873,14.2684,0.3983,0.0278,0.0114,0.2731,-0.5930,1.3677,0.3115,0.0177,0.0134,0.2104,-1.1398,4.0748
2026-09-16T20:17:23.954Z,0.2971,0.0164,0.0238,0.1676,-0.1571,5.5184,0.4392,0.0194,0.0197,0.3114,-0.3721,1.6956,0.3019,0.0315,0.0304,0.1801,-1.0729,3.2205
2026-09-16T20:17:24.946Z,0.3047,0.0215,0.0501,0.1873,0.0938,4.9608,0.4294,0.0266,0.0088,0.2927,-0.0598,1.2941,0.3233,0.0161,0.0111,0.2335,-1.0499,3.7602
2026-09-16T20:17:25.964Z,0.2363,0.0019,0.0120,0.0974,2.2197,42.2616,0.3433,0.0290,0.0183,0.1771,1.4936,2.9725,0.2088,0.0317,0.0128,0.0975,0.7714,1.3573
2026-09-16T20:17:26.966Z,0.0302,0.0059,0.0027,0.0066,1.4185,1.0587,0.0222,0.0048,0.0010,0.0041,2.2840,0.8968,0.0238,0.0053,0.0040,0.0048,0.5066,0.9301
2026-09-16T20:17:27.984Z,0.0727,0.0028,0.0053,0.0100,3.6935,4.4088,0.1031,0.0063,0.0028,0.0133,2.4381,1.7720,0.0987,0.0101,0.0094,0.0143,3.8908,1.7853
2026-09-16T20:17:29.018Z,0.0462,0.0038,0.0066,0.0079,8.7862,2.7142,0.0667,0.0053,0.0007,0.0094,6.2747,1.6660,0.0473,0.0025,0.0005,0.0063,9.1920,2.3425
2026-09-16T20:17:30.037Z,0.0408,0.0032,0.0026,0.0026,6.4147,1.0555,0.0469,0.0019,0.0017,0.0027,24.2878,1.2616,0.0234,0.0024,0.0018,0.0028,4.3459,1.3241
2026-09-16T20:17:31.070Z,0.0449,0.0038,0.0034,0.0106,0.7040,2.8675,0.0333,0.0002,0.0034,0.0123,2.0457,56.5525,0.0327,0.0026,0.0039,0.0068,2.7448,3.0664
2026-09-16T20:17:32.066Z,0.0687,0.0007,0.0025,0.0363,-1.0264,12.6818,0.0415,0.0093,0.0042,0.0171,-0.8475,0.9664,0.0560,0.0131,0.0058,0.0240,-0.2351,0.9312
2026-09-16T20:17:33.070Z,0.0676,0.0111,0.0024,0.0405,-0.8261,0.5683,0.0409,0.0072,0.0032,0.0094,-0.9362,1.2299,0.0537,0.0056,0.0040,0.0261,-0.0495,1.2200
2026-09-16T20:17:34.071Z,0.0682,0.0080,0.0050,0.0362,-0.5434,1.4515,0.0426,0.0058,0.0015,0.0133,-0.4124,0.5203,0.0587,0.0031,0.0034,0.0204,-0.8766,3.1154
2026-09-16T20:17:35.072Z,0.0685,0.0071,0.0027,0.0431,-0.7939,1.1454,0.0439,0.0065,0.0031,0.0097,-0.5210,0.7595,0.0583,0.0033,0.0076,0.0322,-0.6550,2.6389
2026-09-16T20:17:36.071Z,0.0716,0.0044,0.0029,0.0451,-1.1038,2.5350,0.0493,0.0095,0.0037,0.0145,-1.0916,0.7881,0.0607,0.0076,0.0030,0.0261,-0.8682,1.1586
2026-09-16T20:17:37.071Z,0.0732,0.0077,0.0025,0.0506,-0.9662,1.0079,0.0455,0.0041,0.0045,0.0233,-0.1947,1.8865,0.0595,0.0022,0.0031,0.0381,-0.8448,3.7566
2026-09-16T20:17:38.085Z,0.0681,0.0044,0.0026,0.0437,-0.9506,2.7504,0.0483,0.0044,0.0025,0.0154,-1.0304,1.9590,0.0587,0.0067,0.0023,0.0370,-0.6942,0.9342
2026-09-16T20:17:39.106Z,0.0717,0.0102,0.0040,0.0309,-0.9233,1.1244,0.0456,0.0013,0.0031,0.0138,-0.4353,8.0582,0.0591,0.0056,0.0052,0.0297,-0.7206,1.6853
2026-09-16T20:17:40.125Z,0.0715,0.0057,0.0040,0.0371,-1.0448,1.5551,0.0473,0.0026,0.0008,0.0201,-0.6875,2.0562,0.0648,0.0100,0.0078,0.0352,-0.9717,1.1510
2026-09-16T20:17:41.128Z,0.0742,0.0058,0.0091,0.0510,-0.9503,2.5348,0.0486,0.0063,0.0013,0.0144,-0.8647,1.2629,0.0614,0.0053,0.0037,0.0365,-0.7100,1.3887
2026-09-16T20:17:42.124Z,0.0757,0.0095,0.0031,0.0406,-1.0218,1.5974,0.0486,0.0030,0.0034,0.0187,-0.8718,2.6465,0.0624,0.0033,0.0049,0.0327,-0.9920,3.8215
2026-09-16T20:17:43.120Z,0.0757,0.0044,0.0032,0.0472,-1.0618,2.4307,0.0456,0.0040,0.0022,0.0099,-0.7565,2.3853,0.0614,0.0113,0.0077,0.0289,-0.9917,1.1975
2026-09-16T20:17:44.119Z,0.0735,0.0066,0.0089,0.0329,-1.0443,1.9961,0.0499,0.0019,0.0022,0.0174,-0.6431,2.7615,0.0601,0.0096,0.0063,0.0221,-0.8145,1.3587
2026-09-16T20:17:45.133Z,0.0728,0.0068,0.0076,0.0387,-0.8683,1.8416,0.0487,0.0060,0.0012,0.0239,-0.4807,0.8620,0.0620,0.0042,0.0030,0.0254,-1.0381,1.8839
2026-09-16T20:17:46.132Z,0.0737,0.0037,0.0021,0.0405,-1.1094,1.4265,0.0482,0.0023,0.0033,0.0168,-0.7154,2.9839,0.0591,0.0021,0.0064,0.0322,-0.6306,4.2115
2026-09-16T20:17:47.132Z,0.0711,0.0056,0.0068,0.0426,-0.6595,1.9076,0.0446,0.0055,0.0041,0.0217,-0.6784,2.0117,0.0602,0.0043,0.0051,0.0319,-0.7733,3.1783
2026-09-16T20:17:48.138Z,0.0735,0.0079,0.0084,0.0516,-0.8026,1.5599,0.0473,0.0024,0.0013,0.0207,-0.5271,1.9718,0.0583,0.0037,0.0044,0.0372,-0.5394,2.2402
2026-09-16T20:17:49.192Z,0.0744,0.0183,0.0027,0.0217,-1.1349,0.6648,0.0434,0.0026,0.0023,0.0128,-0.3826,3.7660,0.0594,0.0011,0.0103,0.0201,-0.6910,14.1474
2026-09-16T20:17:50.192Z,0.0743,0.0051,0.0031,0.0453,-1.0762,2.4307,0.0508,0.0049,0.0018,0.0263,-0.6365,1.9538,0.0636,0.0123,0.0019,0.0291,-0.8285,0.6399
2026-09-16T20:17:51.192Z,0.0737,0.0034,0.0079,0.0410,-0.9140,4.2095,0.0471,0.0060,0.0033,0.0212,-0.3176,1.7590,0.0629,0.0059,0.0059,0.0352,-0.7006,1.7921
2026-09-16T20:17:52.192Z,0.0730,0.0036,0.0054,0.0446,-0.7197,2.4883,0.0473,0.0019,0.0046,0.0176,-0.6293,4.6160,0.0583,0.0059,0.0060,0.0303,-0.7101,1.1843
2026-09-16T20:17:53.186Z,0.0763,0.0054,0.0041,0.0392,-1.0716,2.0926,0.0469,0.0065,0.0039,0.0140,-0.4601,2.1948,0.0602,0.0090,0.0046,0.0362,-0.4945,1.3785
2026-09-16T20:17:54.185Z,0.0735,0.0080,0.0074,0.0414,-0.9087,1.9129,0.0426,0.0029,0.0022,0.0158,-0.7622,1.0494,0.0597,0.0080,0.0071,0.0337,-0.8030,1.5124
2026-09-16T20:17:55.190Z,0.0709,0.0004,0.0040,0.0447,-0.8026,25.9572,0.0453,0.0012,0.0033,0.0186,-0.4513,4.2806,0.0626,0.0037,0.0033,0.0316,-0.9776,1.4414
2026-09-16T20:17:56.186Z,0.0725,0.0083,0.0065,0.0482,-0.9944,1.5417,0.0428,0.0039,0.0049,0.0184,-0.4842,2.1725,0.0574,0.0079,0.0015,0.0353,-0.5533,0.4282
2026-09-16T20:17:57.192Z,0.0746,0.0112,0.0092,0.0377,-1.1033,1.5002,0.0443,0.0044,0.0035,0.0148,-0.4395,2.4047,0.0634,0.0087,0.0027,0.0294,-0.9243,0.9332
2026-09-16T20:17:58.193Z,0.0797,0.0098,0.0055,0.0464,-0.8241,0.9483,0.0486,0.0020,0.0051,0.0154,-0.4490,3.4253,0.0629,0.0107,0.0022,0.0268,-0.5711,0.5062
2026-09-16T20:17:59.223Z,0.0762,0.0043,0.0063,0.0408,-0.8298,5.2266,0.0414,0.0062,0.0032,0.0135,0.1387,1.3387,0.0594,0.0006,0.0015,0.0191,-0.7803,17.6343
2026-09-16T20:18:00.230Z,0.0696,0.0032,0.0022,0.0443,-0.8562,2.4330,0.0488,0.0060,0.0016,0.0092,-0.9084,1.5541,0.0604,0.0017,0.0080,0.0316,-0.5615,6.3522
2026-09-16T20:18:01.252Z,0.0714,0.0036,0.0023,0.0469,-0.9298,3.3296,0.0439,0.0032,0.0021,0.0162,-0.3702,1.5551,0.0564,0.0044,0.0030,0.0253,-0.5892,1.5983
2026-09-16T20:18:02.248Z,0.0734,0.0036,0.0053,0.0433,-0.5293,3.6522,0.0489,0.0030,0.0028,0.0206,-0.4392,2.9506,0.0569,0.0063,0.0050,0.0348,-0.8224,1.4701
2026-09-16T20:18:03.250Z,0.0711,0.0064,0.0023,0.0419,-1.0128,2.3559,0.0476,0.0061,0.0037,0.0179,-0.7378,1.4284,0.0560,0.0056,0.0043,0.0346,-0.4644,1.3710
2026-09-16T20:18:04.252Z,0.0741,0.0058,0.0005,0.0471,-0.7034,2.1176,0.0536,0.0018,0.0023,0.0112,0.1771,4.9190,0.0570,0.0043,0.0041,0.0285,-0.5294,1.9805
2026-09-16T20:18:05.252Z,0.0746,0.0084,0.0096,0.0393,-0.1808,1.4716,0.0505,0.0075,0.0015,0.0198,0.0655,0.9470,0.0666,0.0077,0.0001,0.0428,-0.5428,0.8865
2026-09-16T20:18:06.249Z,0.0724,0.0082,0.0045,0.0332,-0.6874,1.0127,0.0477,0.0048,0.0011,0.0123,-0.7053,2.2452,0.0556,0.0085,0.0048,0.0349,-0.7069,0.7601
2026-09-16T20:18:07.248Z,0.0709,0.0020,0.0034,0.0471,-0.8607,4.6285,0.0472,0.0060,0.0027,0.0150,-0.6079,0.9019,0.0564,0.0053,0.0046,0.0261,-0.5521,1.8764
2026-09-16T20:18:08.244Z,0.0753,0.0077,0.0048,0.0434,-1.0851,1.8254,0.0463,0.0048,0.0035,0.0211,-0.3076,1.2479,0.0588,0.0051,0.0061,0.0355,-0.7139,1.8455
2026-09-16T20:18:09.289Z,0.0717,0.0050,0.0062,0.0234,-0.9855,2.4197,0.0453,0.0037,0.0010,0.0102,-0.1891,2.7651,0.0585,0.0078,0.0071,0.0187,-0.5027,1.5388
2026-09-16T20:18:10.290Z,0.0746,0.0116,0.0026,0.0460,-0.9441,1.1963,0.0452,0.0043,0.0024,0.0156,-0.3080,1.7107,0.0599,0.0026,0.0048,0.0324,-0.9425,3.6471
2026-09-16T20:18:11.289Z,0.0741,0.0073,0.0033,0.0369,-1.0262,2.0767,0.0449,0.0080,0.0024,0.0121,-0.7234,0.8216,0.0616,0.0106,0.0071,0.0374,-0.8461,1.2261
2026-09-16T20:18:12.305Z,0.0720,0.0115,0.0026,0.0419,-0.6592,0.7841,0.0415,0.0036,0.0030,0.0196,0.2082,2.1652,0.0605,0.0040,0.0010,0.0365,-1.0017,2.3666
2026-09-16T20:18:13.310Z,0.0761,0.0076,0.0062,0.0489,-1.0225,1.0276,0.0458,0.0035,0.0067,0.0163,-0.1890,3.3993,0.0628,0.0077,0.0062,0.0336,-0.5151,1.6291
2026-09-16T20:18:14.307Z,0.0760,0.0107,0.0024,0.0477,-1.0469,0.6484,0.0418,0.0032,0.0022,0.0193,-0.5626,2.5847,0.0593,0.0054,0.0038,0.0375,-0.7478,1.5958
2026-09-16T20:18:15.312Z,0.0730,0.0120,0.0010,0.0480,-0.9129,0.3558,0.0434,0.0016,0.0016,0.0130,-0.0638,4.0959,0.0577,0.0069,0.0013,0.0318,-0.7242,1.0888
2026-09-16T20:18:16.312Z,0.0738,0.0054,0.0034,0.0522,-1.0523,1.8740,0.0445,0.0056,0.0032,0.0123,-0.4480,1.3497,0.0584,0.0090,0.0039,0.0318,-0.8297,1.0418
2026-09-16T20:18:17.302Z,0.0743,0.0104,0.0085,0.0439,-0.9549,0.9523,0.0404,0.0066,0.0026,0.0118,-0.1668,1.4936,0.0575,0.0056,0.0042,0.0326,-0.8220,1.5355
2026-09-16T20:18:18.305Z,0.0724,0.0112,0.0059,0.0484,-1.0225,1.1273,0.0396,0.0054,0.0016,0.0162,-0.4126,1.3390,0.0565,0.0086,0.0043,0.0289,-0.7278,1.1995
2026-09-16T20:18:19.327Z,0.0695,0.0083,0.0017,0.0349,-0.6448,1.5201,0.0445,0.0029,0.0042,0.0117,-0.6157,4.7175,0.0569,0.0028,0.0023,0.0184,-0.6058,4.7784
2026-09-16T20:18:20.345Z,0.0738,0.0035,0.0028,0.0373,-0.8312,3.9078,0.0450,0.0039,0.0021,0.0146,-0.5603,1.7573,0.0569,0.0010,0.0033,0.0232,-0.2839,15.1418
2026-09-16T20:18:21.351Z,0.0737,0.0105,0.0031,0.0372,-0.9358,1.2207,0.0478,0.0013,0.0018,0.0171,-0.9215,3.1892,0.0581,0.0061,0.0022,0.0273,-0.7073,1.3278
2026-09-16T20:18:22.348Z,0.0734,0.0116,0.0024,0.0401,-0.9250,0.9202,0.0396,0.0018,0.0018,0.0158,-0.0358,3.5783,0.0621,0.0015,0.0054,0.0340,-0.8139,5.6372
2026-09-16T20:18:23.367Z,0.0732,0.0089,0.0077,0.0318,-1.2164,1.2806,0.0438,0.0015,0.0048,0.0122,-0.3575,5.5391,0.0581,0.0048,0.0044,0.0221,-0.8504,3.0345
2026-09-16T20:18:24.370Z,0.0762,0.0167,0.0012,0.0355,-1.0868,0.6698,0.0461,0.0016,0.0013,0.0179,-0.2484,4.9667,0.0613,0.0068,0.0022,0.0292,-0.8458,1.5082
2026-09-16T20:18:25.372Z,0.0771,0.0008,0.0053,0.0406,-1.1375,20.2120,0.0409,0.0014,0.0014,0.0136,-0.0705,4.0940,0.0587,0.0111,0.0025,0.0324,-0.7438,0.7038
2026-09-16T20:18:26.367Z,0.0748,0.0032,0.0037,0.0514,-0.9958,4.8408,0.0426,0.0019,0.0057,0.0164,-0.2925,4.9354,0.0584,0.0055,0.0019,0.0391,-0.1975,1.7544
2026-09-16T20:18:27.368Z,0.0752,0.0029,0.0044,0.0347,-1.1136,3.2540,0.0470,0.0013,0.0032,0.0152,-0.0580,11.1249,0.0622,0.0104,0.0085,0.0364,-0.6804,1.2345
2026-09-16T20:18:28.372Z,0.0752,0.0101,0.0026,0.0375,-1.1026,1.0896,0.0431,0.0012,0.0021,0.0161,-0.3487,7.1628,0.0607,0.0012,0.0081,0.0330,-1.0193,9.1735
2026-09-16T20:18:29.406Z,0.0729,0.0093,0.0052,0.0383,-0.9480,2.4996,0.0437,0.0044,0.0025,0.0124,-0.0673,1.3673,0.0598,0.0127,0.0034,0.0172,-0.8209,1.0537
2026-09-16T20:18:30.427Z,0.0747,0.0101,0.0022,0.0432,-1.0562,1.2455,0.0423,0.0041,0.0010,0.0080,-0.4669,1.3992,0.0583,0.0061,0.0072,0.0238,-0.5920,1.9778
2026-09-16T20:18:31.428Z,0.0751,0.0098,0.0033,0.0504,-0.8598,1.3059,0.0462,0.0038,0.0050,0.0214,-0.6509,1.6127,0.0594,0.0107,0.0013,0.0287,-0.5911,0.6858
2026-09-16T20:18:32.431Z,0.0751,0.0086,0.0092,0.0415,-1.0220,2.1087,0.0441,0.0046,0.0018,0.0183,-0.2237,1.8178,0.0600,0.0021,0.0032,0.0391,-0.8567,5.8251
2026-09-16T20:18:33.417Z,0.0741,0.0093,0.0048,0.0405,-1.0438,1.6153,0.0470,0.0032,0.0036,0.0216,0.1042,2.4206,0.0625,0.0073,0.0006,0.0394,-0.9293,0.9036
2026-09-16T20:18:34.453Z,0.0766,0.0099,0.0030,0.0467,-1.0361,1.0121,0.0467,0.0048,0.0039,0.0132,-0.2782,1.7958,0.0595,0.0093,0.0022,0.0330,-0.7283,1.2467
2026-09-16T20:18:35.452Z,0.0751,0.0066,0.0036,0.0426,-0.9305,1.1466,0.0488,0.0104,0.0033,0.0143,-0.6798,0.6294,0.0640,0.0033,0.0013,0.0258,-0.9776,1.7030
2026-09-16T20:18:36.450Z,0.0764,0.0047,0.0076,0.0413,-1.0921,3.1787,0.0452,0.0100,0.0008,0.0159,-0.4686,0.7124,0.0594,0.0027,0.0041,0.0382,-0.8166,3.6626
2026-09-16T20:18:37.438Z,0.0750,0.0040,0.0007,0.0462,-0.8278,1.7332,0.0436,0.0075,0.0033,0.0175,0.4993,0.8986,0.0600,0.0049,0.0050,0.0333,-0.5130,2.1716
2026-09-16T20:18:38.444Z,0.0770,0.0103,0.0028,0.0395,-0.9828,1.5593,0.0476,0.0053,0.0011,0.0284,-0.4112,1.5094,0.0615,0.0066,0.0007,0.0376,-0.6478,1.6220
2026-09-16T20:18:39.459Z,0.0775,0.0150,0.0026,0.0343,-1.1431,0.5332,0.0487,0.0018,0.0053,0.0180,-0.3873,5.9178,0.0595,0.0073,0.0063,0.0240,-0.5801,1.2249
2026-09-16T20:18:40.508Z,0.0706,0.0056,0.0037,0.0214,-0.9718,2.7256,0.0448,0.0035,0.0052,0.0104,-0.5832,3.3685,0.0600,0.0036,0.0039,0.0143,-0.9186,2.5618
2026-09-16T20:18:41.511Z,0.0722,0.0018,0.0027,0.0424,-0.9670,6.0406,0.0476,0.0047,0.0041,0.0216,-0.6243,1.1671,0.0615,0.0030,0.0044,0.0358,-0.8073,2.9305
2026-09-16T20:18:42.499Z,0.0768,0.0141,0.0057,0.0389,-0.6804,0.9237,0.0451,0.0029,0.0008,0.0157,0.0585,1.4394,0.0576,0.0053,0.0020,0.0262,-0.5593,1.7994
2026-09-16T20:18:43.499Z,0.0762,0.0072,0.0032,0.0357,-0.9157,1.4573,0.0522,0.0073,0.0005,0.0145,0.8149,0.9067,0.0594,0.0055,0.0040,0.0330,-0.6316,1.8314
2026-09-16T20:18:44.503Z,0.0764,0.0087,0.0072,0.0434,-1.0090,1.1418,0.0483,0.0045,0.0029,0.0136,0.2395,2.1517,0.0641,0.0102,0.0071,0.0342,-0.6765,0.8901
2026-09-16T20:18:45.532Z,0.0799,0.0136,0.0008,0.0352,-0.7282,0.9033,0.0493,0.0056,0.0037,0.0194,0.5885,1.1047,0.0644,0.0106,0.0088,0.0308,-0.6096,1.2228
2026-09-16T20:18:46.518Z,0.0714,0.0080,0.0076,0.0379,-0.6593,1.6871,0.0484,0.0024,0.0011,0.0221,-0.4354,4.2617,0.0585,0.0050,0.0036,0.0272,-0.5764,1.6055
2026-09-16T20:18:47.519Z,0.0720,0.0098,0.0047,0.0358,-0.8826,1.0564,0.0479,0.0031,0.0025,0.0185,-0.2680,2.8726,0.0605,0.0076,0.0057,0.0341,-0.7359,1.0550
2026-09-16T20:18:48.532Z,0.0703,0.0072,0.0027,0.0439,-0.9851,1.3991,0.0441,0.0038,0.0006,0.0104,-0.1869,1.6705,0.0602,0.0125,0.0087,0.0294,-0.7440,1.1696
2026-09-16T20:18:49.544Z,0.0748,0.0021,0.0091,0.0364,-0.9757,8.1861,0.0446,0.0059,0.0025,0.0113,0.3407,1.7700,0.0640,0.0110,0.0033,0.0273,-0.9788,1.0729
2026-09-16T20:18:50.561Z,0.0747,0.0062,0.0066,0.0275,-0.8875,2.8356,0.0514,0.0046,0.0007,0.0140,-0.3091,2.2160,0.0589,0.0023,0.0075,0.0219,-0.4288,6.5160
2026-09-16T20:18:51.562Z,0.0707,0.0072,0.0028,0.0367,-1.0642,1.3212,0.0469,0.0030,0.0032,0.0173,-0.5990,3.9732,0.0596,0.0066,0.0043,0.0363,-1.0264,1.0466
2026-09-16T20:18:52.572Z,0.0734,0.0157,0.0029,0.0307,-1.1250,0.5844,0.0425,0.0055,0.0035,0.0150,-0.5708,1.7076,0.0598,0.0106,0.0032,0.0386,-0.6753,0.7625
2026-09-16T20:18:53.566Z,0.0708,0.0050,0.0009,0.0466,-0.9580,2.4168,0.0397,0.0051,0.0026,0.0162,0.2649,1.9716,0.0671,0.0084,0.0063,0.0372,-1.0062,1.4616
2026-09-16T20:18:54.571Z,0.0714,0.0083,0.0028,0.0415,-0.8566,1.7117,0.0446,0.0074,0.0041,0.0164,0.2027,1.0814,0.0638,0.0066,0.0071,0.0379,-0.9346,1.4581
2026-09-16T20:18:55.571Z,0.0753,0.0019,0.0022,0.0425,-0.8358,6.4736,0.0417,0.0025,0.0011,0.0076,-0.5592,2.2562,0.0592,0.0060,0.0063,0.0309,-0.6985,2.0210
2026-09-16T20:18:56.584Z,0.0699,0.0028,0.0047,0.0273,-0.8505,3.5295,0.0394,0.0062,0.0020,0.0127,-0.5516,0.9680,0.0605,0.0011,0.0014,0.0304,-0.6983,10.2416
2026-09-16T20:18:57.585Z,0.0730,0.0060,0.0020,0.0462,-0.8321,1.6624,0.0437,0.0054,0.0040,0.0154,0.5532,1.5543,0.0594,0.0059,0.0037,0.0343,-0.5025,1.9228
2026-09-16T20:18:58.587Z,0.0709,0.0095,0.0010,0.0417,-0.8399,1.9096,0.0484,0.0057,0.0042,0.0135,-0.3878,1.4270,0.0584,0.0069,0.0023,0.0337,-0.6929,1.7996
2026-09-16T20:18:59.607Z,0.0709,0.0071,0.0035,0.0484,-0.8315,1.7228,0.0456,0.0019,0.0023,0.0120,-0.4086,3.4333,0.0589,0.0018,0.0026,0.0286,-0.8449,3.6164
2026-09-16T20:19:00.628Z,0.0751,0.0100,0.0006,0.0281,-0.9161,1.6953,0.0434,0.0035,0.0032,0.0089,-0.4394,1.5258,0.0589,0.0045,0.0035,0.0166,-0.7361,3.1150
2026-09-16T20:19:01.629Z,0.0720,0.0098,0.0040,0.0424,-1.0218,1.2229,0.0436,0.0066,0.0018,0.0159,-0.1905,1.6246,0.0569,0.0007,0.0067,0.0255,-0.6409,16.7605
2026-09-16T20:19:02.631Z,0.0687,0.0098,0.0024,0.0341,-0.9748,1.0630,0.0414,0.0067,0.0018,0.0139,-0.2114,0.8125,0.0600,0.0077,0.0071,0.0357,-0.8871,1.3306
2026-09-16T20:19:03.618Z,0.0722,0.0059,0.0015,0.0384,-0.8913,1.1929,0.0455,0.0008,0.0023,0.0197,-0.0894,5.6783,0.0561,0.0060,0.0056,0.0259,-0.6644,1.8745
2026-09-16T20:19:04.620Z,0.0775,0.0067,0.0039,0.0368,-1.1342,1.0395,0.0582,0.0041,0.0066,0.0178,-0.3457,2.6144,0.0571,0.0046,0.0027,0.0301,-0.6202,1.8799
2026-09-16T20:19:05.633Z,0.0772,0.0071,0.0013,0.0459,-0.8522,0.8488,0.0483,0.0028,0.0028,0.0160,0.6260,3.2179,0.0588,0.0039,0.0046,0.0406,-0.3148,3.0691
2026-09-16T20:19:06.632Z,0.0777,0.0059,0.0050,0.0426,-1.0755,2.9713,0.0518,0.0015,0.0039,0.0220,-0.2218,5.7329,0.0636,0.0021,0.0101,0.0319,-0.7494,5.5408
2026-09-16T20:19:07.652Z,0.0775,0.0009,0.0024,0.0537,-0.8794,10.8456,0.0454,0.0045,0.0011,0.0189,0.5152,1.4676,0.0645,0.0086,0.0031,0.0384,-0.3257,1.1770
2026-09-16T20:19:08.652Z,0.0731,0.0117,0.0001,0.0466,-0.9601,0.9723,0.0452,0.0039,0.0016,0.0128,0.1766,1.3923,0.0578,0.0045,0.0012,0.0335,-0.7446,1.5620
2026-09-16T20:19:09.673Z,0.0757,0.0075,0.0025,0.0447,-0.9529,1.6894,0.0534,0.0013,0.0048,0.0186,-0.3808,5.1249,0.0676,0.0055,0.0018,0.0312,-0.6400,2.1289
2026-09-16T20:19:10.692Z,0.0705,0.0034,0.0020,0.0400,-0.9055,4.9401,0.0420,0.0056,0.0028,0.0088,-0.6034,1.4624,0.0631,0.0099,0.0078,0.0193,-0.9260,1.1404
2026-09-16T20:19:11.692Z,0.0729,0.0060,0.0034,0.0284,-0.8606,1.6453,0.0460,0.0029,0.0029,0.0143,-0.5504,1.1434,0.0602,0.0036,0.0002,0.0245,-0.7005,1.7140
2026-09-16T20:19:12.691Z,0.0698,0.0079,0.0045,0.0473,-0.7164,1.5235,0.0388,0.0016,0.0057,0.0186,0.1040,8.3472,0.0593,0.0090,0.0061,0.0304,-1.0053,1.4650
2026-09-16T20:19:13.693Z,0.0746,0.0059,0.0023,0.0479,-1.0521,1.8869,0.0432,0.0053,0.0013,0.0210,-0.4591,1.7237,0.0589,0.0012,0.0039,0.0299,-0.9719,9.3655
2026-09-16T20:19:14.692Z,0.0741,0.0036,0.0065,0.0440,-1.0152,3.4018,0.0449,0.0083,0.0012,0.0223,-0.2930,0.9677,0.0563,0.0095,0.0030,0.0340,-0.6214,0.5537
2026-09-16T20:19:15.692Z,0.0803,0.0034,0.0041,0.0533,-0.9400,2.7688,0.0442,0.0014,0.0025,0.0212,-0.0987,3.7331,0.0637,0.0128,0.0029,0.0326,-0.8907,0.6592
2026-09-16T20:19:16.692Z,0.0739,0.0109,0.0018,0.0432,-1.0120,1.2162,0.0428,0.0078,0.0018,0.0185,-0.1575,0.5374,0.0626,0.0057,0.0043,0.0407,-0.7429,1.8854
2026-09-16T20:19:17.692Z,0.0717,0.0112,0.0059,0.0411,-1.1260,1.2228,0.0389,0.0040,0.0023,0.0105,-0.3411,1.9315,0.0639,0.0082,0.0060,0.0398,-0.6420,1.3303
2026-09-16T20:19:18.692Z,0.0745,0.0139,0.0030,0.0427,-1.1668,0.7864,0.0352,0.0046,0.0017,0.0100,0.0603,1.3201,0.0616,0.0110,0.0052,0.0334,-0.8345,0.8709
2026-09-16T20:19:19.699Z,0.0754,0.0071,0.0026,0.0381,-0.9870,1.2829,0.0405,0.0047,0.0023,0.0146,0.1216,0.9267,0.0652,0.0087,0.0024,0.0344,-0.6698,1.2256
2026-09-16T20:19:20.747Z,0.0765,0.0094,0.0081,0.0175,-0.9772,1.9762,0.0466,0.0062,0.0068,0.0127,-0.4748,1.3783,0.0630,0.0098,0.0007,0.0265,-0.7691,1.3297
2026-09-16T20:19:21.763Z,0.0749,0.0039,0.0054,0.0280,-0.6549,2.7485,0.0459,0.0039,0.0023,0.0149,-0.5588,1.5049,0.0601,0.0040,0.0032,0.0369,-0.6908,1.6863
2026-09-16T20:19:22.772Z,0.0747,0.0024,0.0014,0.0422,-1.0902,4.0851,0.0457,0.0038,0.0023,0.0208,-0.5330,1.6276,0.0619,0.0115,0.0026,0.0390,-0.5906,0.5192
2026-09-16T20:19:23.771Z,0.0762,0.0136,0.0073,0.0408,-1.1816,0.9618,0.0442,0.0042,0.0038,0.0146,-0.3779,2.1457,0.0583,0.0048,0.0034,0.0386,-0.5605,1.3880
2026-09-16T20:19:24.772Z,0.0739,0.0037,0.0099,0.0463,-0.8951,3.2634,0.0444,0.0007,0.0045,0.0191,-0.1149,12.3319,0.0619,0.0052,0.0039,0.0322,-0.6532,1.0301
2026-09-16T20:19:25.771Z,0.0732,0.0037,0.0064,0.0466,-0.9537,2.5417,0.0459,0.0039,0.0047,0.0193,0.5096,3.1035,0.0632,0.0085,0.0073,0.0338,-1.0436,1.2535
2026-09-16T20:19:26.769Z,0.0748,0.0126,0.0067,0.0361,-0.6014,0.8464,0.0442,0.0047,0.0024,0.0156,-0.0650,1.5020,0.0612,0.0050,0.0082,0.0369,-0.9143,2.2243
2026-09-16T20:19:27.773Z,0.0739,0.0113,0.0019,0.0473,-0.9237,0.8278,0.0428,0.0059,0.0017,0.0109,-0.2499,1.3481,0.0586,0.0050,0.0039,0.0302,-0.3216,1.4111
2026-09-16T20:19:28.772Z,0.0746,0.0037,0.0039,0.0361,-1.0248,4.1903,0.0407,0.0094,0.0042,0.0141,-0.3089,0.9116,0.0607,0.0116,0.0050,0.0332,-0.7554,0.5376
2026-09-16T20:19:29.765Z,0.0727,0.0039,0.0034,0.0422,-0.7647,2.2027,0.0391,0.0028,0.0027,0.0182,0.0065,2.4408,0.0625,0.0030,0.0036,0.0302,-0.8363,4.8838
2026-09-16T20:19:30.788Z,0.0715,0.0013,0.0073,0.0160,-0.9222,14.1244,0.0420,0.0036,0.0058,0.0094,-0.7834,2.8000,0.0577,0.0077,0.0027,0.0173,-0.8173,2.3817
2026-09-16T20:19:31.808Z,0.0752,0.0050,0.0035,0.0344,-1.0492,2.5138,0.0412,0.0046,0.0041,0.0154,-0.3931,1.7414,0.0621,0.0045,0.0093,0.0308,-0.8048,2.4909
2026-09-16T20:19:32.804Z,0.0738,0.0166,0.0073,0.0348,-0.9024,0.6760,0.0399,0.0010,0.0023,0.0107,-0.0054,5.3350,0.0592,0.0052,0.0108,0.0307,-0.3722,2.6256
2026-09-16T20:19:33.812Z,0.0726,0.0089,0.0039,0.0450,-1.0827,0.7712,0.0397,0.0052,0.0066,0.0083,-0.1840,1.9089,0.0604,0.0096,0.0007,0.0377,-0.6769,0.7005
2026-09-16T20:19:34.811Z,0.0724,0.0056,0.0100,0.0416,-0.7216,2.6136,0.0414,0.0050,0.0022,0.0147,-0.3218,1.6129,0.0644,0.0026,0.0064,0.0362,-0.8298,4.7302
2026-09-16T20:19:35.813Z,0.0736,0.0140,0.0022,0.0299,-1.0868,0.2792,0.0457,0.0054,0.0047,0.0131,-0.4226,1.4948,0.0586,0.0097,0.0044,0.0265,-0.8141,1.0504
2026-09-16T20:19:36.807Z,0.0692,0.0021,0.0008,0.0394,-0.7836,4.2105,0.0421,0.0052,0.0018,0.0156,-0.3295,0.9805,0.0593,0.0146,0.0052,0.0286,-0.6210,0.5697
2026-09-16T20:19:37.808Z,0.0729,0.0110,0.0018,0.0440,-0.9415,0.8188,0.0408,0.0032,0.0008,0.0107,-0.2101,1.7865,0.0576,0.0068,0.0059,0.0248,-0.7535,2.1624
2026-09-16T20:19:38.805Z,0.0725,0.0092,0.0054,0.0389,-0.9830,1.1999,0.0434,0.0003,0.0002,0.0125,-0.5441,23.0759,0.0586,0.0041,0.0081,0.0375,-0.5852,3.0569
2026-09-16T20:19:39.806Z,0.0751,0.0092,0.0008,0.0465,-0.7982,1.5557,0.0400,0.0041,0.0009,0.0078,0.0158,1.2094,0.0609,0.0052,0.0041,0.0409,-0.6445,1.3884
2026-09-16T20:19:40.821Z,0.0724,0.0042,0.0020,0.0265,-0.6527,1.6831,0.0435,0.0079,0.0009,0.0100,-0.1502,1.3128,0.0637,0.0065,0.0076,0.0208,-0.7861,2.0418
2026-09-16T20:19:41.839Z,0.0719,0.0014,0.0037,0.0246,-1.0183,12.0241,0.0396,0.0026,0.0011,0.0073,0.0285,1.2933,0.0615,0.0024,0.0019,0.0234,-0.8201,3.8534
2026-09-16T20:19:42.839Z,0.0749,0.0064,0.0056,0.0339,-0.7163,2.2213,0.0461,0.0049,0.0021,0.0129,-0.1295,3.1116,0.0612,0.0074,0.0062,0.0281,-0.4864,1.5602
2026-09-16T20:19:43.843Z,0.0781,0.0084,0.0025,0.0320,-0.5303,0.9849,0.0468,0.0076,0.0030,0.0173,-0.2852,1.0445,0.0612,0.0057,0.0029,0.0234,-0.7761,1.2204
2026-09-16T20:19:44.839Z,0.0743,0.0027,0.0040,0.0356,-0.2213,3.0354,0.0506,0.0030,0.0041,0.0132,-0.5771,3.7448,0.0654,0.0148,0.0052,0.0283,-0.7087,0.8591
2026-09-16T20:19:45.841Z,0.0772,0.0052,0.0042,0.0363,-0.8077,3.3980,0.0478,0.0043,0.0054,0.0135,-0.3638,2.4052,0.0596,0.0074,0.0025,0.0281,-0.9445,1.3436
2026-09-16T20:19:46.839Z,0.0751,0.0092,0.0054,0.0439,-0.6360,1.0067,0.0496,0.0065,0.0011,0.0180,-0.7240,1.5595,0.0586,0.0092,0.0087,0.0278,-0.4702,1.2575
2026-09-16T20:19:47.838Z,0.0758,0.0052,0.0055,0.0451,-0.8619,2.6259,0.0438,0.0051,0.0015,0.0154,-0.1258,1.2032,0.0640,0.0057,0.0054,0.0304,-0.7600,1.6775
2026-09-16T20:19:48.851Z,0.0771,0.0086,0.0010,0.0357,-0.8689,1.2712,0.0548,0.0103,0.0083,0.0133,-0.9338,0.9557,0.0649,0.0036,0.0006,0.0339,-0.9887,2.1011
2026-09-16T20:19:49.849Z,0.0770,0.0076,0.0075,0.0327,-0.7572,1.4050,0.0550,0.0059,0.0039,0.0175,-0.5779,1.9047,0.0640,0.0029,0.0026,0.0369,-0.2068,3.3475
2026-09-16T20:19:50.872Z,0.0721,0.0036,0.0042,0.0253,-0.8788,5.0123,0.0488,0.0038,0.0032,0.0086,-0.3876,1.4486,0.0591,0.0034,0.0024,0.0222,-0.7224,3.3348
2026-09-16T20:19:51.912Z,0.0701,0.0064,0.0047,0.0268,-0.9669,2.5783,0.0417,0.0043,0.0026,0.0081,0.1400,1.4554,0.0597,0.0038,0.0063,0.0176,-0.8620,4.4608
2026-09-16T20:19:52.909Z,0.0725,0.0085,0.0033,0.0391,-0.6751,1.4218,0.0431,0.0077,0.0010,0.0186,-0.4602,1.1136,0.0597,0.0056,0.0024,0.0280,-0.7389,1.1661
2026-09-16T20:19:53.925Z,0.0720,0.0030,0.0019,0.0315,-1.1616,3.6223,0.0360,0.0037,0.0008,0.0100,0.3121,2.1258,0.0614,0.0099,0.0072,0.0357,-0.8954,1.3505
2026-09-16T20:19:54.925Z,0.0758,0.0057,0.0050,0.0418,-1.1827,1.3647,0.0423,0.0032,0.0005,0.0160,0.2151,2.8496,0.0653,0.0022,0.0031,0.0305,-0.6588,3.3907
2026-09-16T20:19:55.921Z,0.0787,0.0029,0.0067,0.0415,-0.9849,3.9491,0.0428,0.0010,0.0022,0.0139,-0.1916,7.4306,0.0647,0.0046,0.0024,0.0329,-0.8401,2.5962
2026-09-16T20:19:56.927Z,0.0754,0.0127,0.0067,0.0426,-0.9505,1.0629,0.0428,0.0032,0.0022,0.0107,-0.2289,1.5550,0.0644,0.0107,0.0020,0.0309,-0.9262,0.7697
2026-09-16T20:19:57.928Z,0.0740,0.0114,0.0019,0.0312,-0.8776,1.0784,0.0391,0.0021,0.0053,0.0150,0.0132,3.6323,0.0602,0.0063,0.0048,0.0296,-0.7398,1.3756
2026-09-16T20:19:58.930Z,0.0716,0.0036,0.0035,0.0360,-1.0567,3.3022,0.0398,0.0051,0.0006,0.0113,-0.7202,1.3653,0.0623,0.0072,0.0056,0.0394,-0.8651,1.0499
2026-09-16T20:19:59.922Z,0.0722,0.0046,0.0067,0.0314,-0.8287,2.0467,0.0402,0.0023,0.0024,0.0162,0.1178,3.9571,0.0647,0.0087,0.0061,0.0284,-0.7657,1.4584
2026-09-16T20:20:00.940Z,0.0740,0.0044,0.0035,0.0412,-1.1491,2.2818,0.0367,0.0038,0.0018,0.0118,0.2561,1.3476,0.0624,0.0063,0.0067,0.0367,-0.7495,1.4578
2026-09-16T20:20:01.973Z,0.0769,0.0099,0.0022,0.0237,-1.0671,1.5352,0.0391,0.0030,0.0036,0.0087,-0.1731,1.8910,0.0617,0.0054,0.0018,0.0178,-1.0578,2.5178
2026-09-16T20:20:02.972Z,0.0759,0.0067,0.0030,0.0369,-1.1197,1.2421,0.0399,0.0058,0.0050,0.0114,0.0575,1.2214,0.0655,0.0051,0.0023,0.0408,-0.7479,1.0174
2026-09-16T20:20:03.973Z,0.0782,0.0050,0.0013,0.0339,-0.9353,2.2749,0.0500,0.0056,0.0022,0.0139,-0.2368,1.0140,0.0615,0.0053,0.0036,0.0398,-0.7727,1.5089
2026-09-16T20:20:04.972Z,0.0739,0.0097,0.0035,0.0460,-0.7675,0.7726,0.0440,0.0056,0.0040,0.0093,0.0989,1.4871,0.0606,0.0110,0.0047,0.0295,-0.6861,0.7166
2026-09-16T20:20:05.988Z,0.0766,0.0109,0.0021,0.0303,-0.7710,1.4214,0.0427,0.0073,0.0031,0.0128,-0.3288,1.5390,0.0601,0.0027,0.0015,0.0241,-0.7309,5.2013
2026-09-16T20:20:06.992Z,0.0766,0.0031,0.0059,0.0399,-0.6267,2.7118,0.0413,0.0073,0.0051,0.0130,5.2730,0.9591,0.0638,0.0037,0.0022,0.0332,-0.7520,1.6885
2026-09-16T20:20:07.986Z,0.0722,0.0067,0.0024,0.0365,-0.7766,1.9031,0.0440,0.0084,0.0055,0.0131,-0.2273,1.1846,0.0646,0.0029,0.0043,0.0370,-0.9395,3.8383
2026-09-16T20:20:08.982Z,0.0767,0.0027,0.0033,0.0481,-0.6931,6.2021,0.0386,0.0036,0.0009,0.0138,0.1693,2.3982,0.0594,0.0063,0.0092,0.0344,-0.5282,1.8072
2026-09-16T20:20:09.991Z,0.0724,0.0061,0.0028,0.0351,-1.1191,1.4817,0.0404,0.0055,0.0031,0.0167,-0.2739,1.4844,0.0600,0.0027,0.0037,0.0317,-0.5339,3.8807
2026-09-16T20:20:11.012Z,0.0721,0.0118,0.0047,0.0494,-0.7196,0.7104,0.0377,0.0051,0.0072,0.0171,-0.1995,1.9625,0.0599,0.0046,0.0105,0.0291,-0.6912,2.9489
2026-09-16T20:20:12.023Z,0.0731,0.0049,0.0027,0.0280,-0.8441,2.1097,0.0393,0.0037,0.0031,0.0080,-0.1537,1.8877,0.0649,0.0064,0.0030,0.0212,-0.5024,1.7982
2026-09-16T20:20:13.031Z,0.0714,0.0114,0.0079,0.0339,-0.7219,1.0836,0.0414,0.0067,0.0028,0.0127,-0.2363,1.2746,0.0612,0.0013,0.0074,0.0434,-0.9124,9.5334
2026-09-16T20:20:14.033Z,0.0828,0.0048,0.0016,0.0469,-0.1695,4.2243,0.0609,0.0084,0.0054,0.0153,-0.6769,1.2905,0.0637,0.0143,0.0046,0.0319,-0.6587,0.6322
2026-09-16T20:20:15.020Z,0.0837,0.0127,0.0124,0.0406,-0.1945,1.4261,0.0541,0.0066,0.0100,0.0137,0.3384,2.5850,0.0667,0.0025,0.0066,0.0359,-0.5257,4.4183
2026-09-16T20:20:16.022Z,0.0775,0.0087,0.0051,0.0440,-0.5195,1.4452,0.0450,0.0051,0.0029,0.0111,0.6095,1.0492,0.0636,0.0043,0.0047,0.0360,-0.6697,2.3452
2026-09-16T20:20:17.038Z,0.0778,0.0166,0.0087,0.0416,-0.8105,0.7412,0.0504,0.0013,0.0012,0.0199,0.3709,5.1451,0.0614,0.0096,0.0047,0.0328,-0.4680,1.1257
2026-09-16T20:20:18.051Z,0.0833,0.0024,0.0099,0.0558,0.3139,6.7676,0.0445,0.0050,0.0065,0.0165,1.9358,3.0413,0.0631,0.0013,0.0028,0.0328,-0.8290,9.0209
2026-09-16T20:20:19.036Z,0.0775,0.0064,0.0098,0.0457,-1.0418,2.6680,0.0347,0.0046,0.0010,0.0126,0.1383,2.5350,0.0625,0.0042,0.0062,0.0450,-0.9954,3.1590
2026-09-16T20:20:20.038Z,0.0766,0.0095,0.0064,0.0470,-0.8454,1.0557,0.0431,0.0043,0.0030,0.0184,-0.1544,1.9140,0.0665,0.0092,0.0031,0.0465,-1.0520,0.8127
2026-09-16T20:20:21.041Z,0.0972,0.0139,0.0061,0.0280,6.9485,1.1830,0.0764,0.0074,0.0053,0.0157,3.7264,2.6353,0.0705,0.0095,0.0053,0.0204,0.0877,1.5933
2026-09-16T20:20:22.091Z,0.0836,0.0041,0.0019,0.0311,-0.7533,5.4701,0.0595,0.0044,0.0025,0.0065,-0.1075,1.3885,0.0682,0.0126,0.0069,0.0269,-0.6878,1.9759
2026-09-16T20:20:23.111Z,0.0847,0.0131,0.0049,0.0399,-0.8926,1.6155,0.0402,0.0045,0.0031,0.0056,-0.1908,0.9776,0.0704,0.0107,0.0037,0.0315,-0.7998,1.0202
2026-09-16T20:20:24.109Z,0.0828,0.0101,0.0062,0.0568,-0.6658,1.4504,0.0400,0.0061,0.0031,0.0103,-0.2576,0.8310,0.0711,0.0083,0.0089,0.0408,-0.9916,1.3266
2026-09-16T20:20:25.108Z,0.0870,0.0133,0.0074,0.0538,-0.9745,0.9418,0.0345,0.0051,0.0028,0.0127,-0.0901,1.1260,0.0700,0.0061,0.0013,0.0506,-1.1387,1.7356
2026-09-16T20:20:26.112Z,0.0846,0.0102,0.0122,0.0519,-1.0715,1.2826,0.0342,0.0043,0.0025,0.0104,-0.0505,1.1017,0.0717,0.0028,0.0032,0.0445,-0.9769,2.9667
2026-09-16T20:20:27.111Z,0.0843,0.0013,0.0031,0.0477,-1.0672,4.9978,0.0337,0.0026,0.0005,0.0092,-0.1074,1.3753,0.0697,0.0040,0.0067,0.0376,-0.9946,3.5467
2026-09-16T20:20:28.109Z,0.0854,0.0106,0.0062,0.0527,-0.9226,1.2969,0.0377,0.0037,0.0021,0.0151,-0.1998,2.1930,0.0698,0.0086,0.0041,0.0445,-0.8709,0.9902
2026-09-16T20:20:29.111Z,0.0850,0.0052,0.0091,0.0416,-1.0450,4.0135,0.0326,0.0019,0.0019,0.0073,-0.4627,3.8473,0.0687,0.0017,0.0061,0.0375,-0.9862,6.3741
2026-09-16T20:20:30.113Z,0.0825,0.0030,0.0013,0.0488,-0.9118,4.5014,0.0392,0.0062,0.0017,0.0209,0.0684,0.7770,0.0684,0.0089,0.0044,0.0416,-0.9267,1.1007
2026-09-16T20:20:31.103Z,0.0872,0.0055,0.0072,0.0447,-1.0311,3.7141,0.0361,0.0031,0.0016,0.0107,-0.5933,2.1051,0.0693,0.0121,0.0046,0.0490,-1.0951,0.8967
2026-09-16T20:20:32.151Z,0.0845,0.0035,0.0018,0.0354,-0.8431,3.2159,0.0344,0.0028,0.0012,0.0119,0.5760,2.2093,0.0711,0.0045,0.0031,0.0225,-0.6942,2.4929
2026-09-16T20:20:33.172Z,0.0858,0.0007,0.0041,0.0235,-0.9014,22.1863,0.0367,0.0025,0.0036,0.0074,-0.5414,2.3130,0.0725,0.0053,0.0039,0.0285,-0.9837,2.9109
2026-09-16T20:20:34.163Z,0.0857,0.0051,0.0031,0.0481,-0.9963,1.4172,0.0357,0.0037,0.0010,0.0143,-0.0192,1.7437,0.0691,0.0004,0.0031,0.0451,-0.8917,24.1235
2026-09-16T20:20:35.165Z,0.0858,0.0102,0.0089,0.0521,-1.1365,1.5213,0.0375,0.0037,0.0059,0.0136,-0.5049,2.3504,0.0695,0.0037,0.0042,0.0407,-1.1219,2.3822
2026-09-16T20:20:36.171Z,0.0838,0.0081,0.0056,0.0522,-1.0953,1.6046,0.0342,0.0045,0.0026,0.0109,0.6090,1.4048,0.0694,0.0170,0.0024,0.0357,-0.6959,0.4385
2026-09-16T20:20:37.170Z,0.0862,0.0067,0.0110,0.0507,-0.9994,2.4348,0.0385,0.0026,0.0011,0.0155,-0.2702,4.0645,0.0674,0.0050,0.0033,0.0394,-0.8551,1.8159
2026-09-16T20:20:38.168Z,0.0846,0.0115,0.0039,0.0417,-1.0910,1.0802,0.0312,0.0031,0.0015,0.0092,-0.1600,1.6198,0.0698,0.0090,0.0036,0.0357,-0.7686,0.9545
2026-09-16T20:20:39.169Z,0.0813,0.0031,0.0043,0.0386,-1.1035,6.8069,0.0346,0.0013,0.0019,0.0149,-0.0837,6.7992,0.0701,0.0054,0.0033,0.0344,-0.9836,1.8912
2026-09-16T20:20:40.188Z,0.0864,0.0049,0.0108,0.0334,-1.1237,3.5924,0.0324,0.0030,0.0020,0.0081,-0.5668,1.8441,0.0687,0.0047,0.0012,0.0361,-0.8591,2.1874
2026-09-16T20:20:41.205Z,0.0834,0.0091,0.0040,0.0432,-1.0223,0.9520,0.0390,0.0064,0.0034,0.0138,-0.8889,1.0071,0.0681,0.0136,0.0077,0.0303,-1.0340,1.1588
2026-09-16T20:20:42.226Z,0.0862,0.0097,0.0034,0.0329,-1.1557,1.2688,0.0378,0.0023,0.0034,0.0115,-0.7645,3.5345,0.0702,0.0069,0.0044,0.0243,-0.9953,1.4016
2026-09-16T20:20:43.246Z,0.0856,0.0094,0.0068,0.0305,-0.9613,1.8803,0.0353,0.0044,0.0021,0.0095,-0.0090,0.7672,0.0680,0.0086,0.0028,0.0138,-1.1813,1.3222
2026-09-16T20:20:44.247Z,0.0884,0.0089,0.0016,0.0518,-1.0819,2.0153,0.0380,0.0029,0.0015,0.0142,-0.2090,1.7782,0.0678,0.0010,0.0076,0.0422,-0.8079,15.1109
2026-09-16T20:20:45.249Z,0.0877,0.0051,0.0044,0.0458,-1.1117,3.2006,0.0406,0.0038,0.0014,0.0165,-0.1883,2.5377,0.0711,0.0077,0.0034,0.0421,-0.8881,2.0812
2026-09-16T20:20:46.250Z,0.0865,0.0062,0.0011,0.0370,-1.2156,3.0400,0.0394,0.0045,0.0035,0.0195,-0.3589,1.2778,0.0684,0.0016,0.0080,0.0349,-1.1061,6.7320
2026-09-16T20:20:47.237Z,0.0869,0.0093,0.0058,0.0477,-1.1859,1.5993,0.0415,0.0046,0.0008,0.0116,-0.9753,1.8259,0.0683,0.0112,0.0039,0.0342,-1.0953,0.6645
2026-09-16T20:20:48.239Z,0.0878,0.0118,0.0061,0.0382,-1.0611,1.5714,0.0354,0.0014,0.0067,0.0124,-0.4976,7.8465,0.0708,0.0097,0.0027,0.0361,-0.9710,1.1968
2026-09-16T20:20:49.253Z,0.0905,0.0106,0.0036,0.0568,-1.1024,1.7322,0.0396,0.0014,0.0036,0.0134,0.1192,3.9388,0.0707,0.0086,0.0034,0.0403,-0.8557,1.1958
2026-09-16T20:20:50.251Z,0.0841,0.0072,0.0088,0.0433,-0.8806,2.8260,0.0408,0.0048,0.0033,0.0155,0.2651,2.1358,0.0727,0.0088,0.0037,0.0357,-0.9762,1.0151
2026-09-16T20:20:51.273Z,0.0851,0.0058,0.0044,0.0448,-0.8756,2.0736,0.0413,0.0075,0.0036,0.0145,-0.3541,0.7355,0.0706,0.0059,0.0043,0.0382,-0.9590,2.1313
2026-09-16T20:20:52.292Z,0.0878,0.0036,0.0092,0.0286,-0.6954,6.5829,0.0506,0.0015,0.0035,0.0129,-0.5914,5.2110,0.0758,0.0034,0.0060,0.0309,-1.0580,3.3681
2026-09-16T20:20:53.312Z,0.0859,0.0076,0.0044,0.0436,-0.8376,3.0803,0.0453,0.0042,0.0002,0.0114,0.1931,2.7001,0.0719,0.0076,0.0048,0.0242,-0.8696,2.3341
2026-09-16T20:20:54.309Z,0.0822,0.0020,0.0054,0.0337,-1.1185,6.8268,0.0607,0.0089,0.0044,0.0164,-0.3949,0.9222,0.0684,0.0044,0.0045,0.0373,-0.8065,3.6076
2026-09-16T20:20:55.312Z,0.0838,0.0040,0.0042,0.0442,-0.9898,2.2498,0.0455,0.0036,0.0012,0.0189,-0.4207,1.8481,0.0668,0.0046,0.0035,0.0424,-0.8246,1.9977
2026-09-16T20:20:56.306Z,0.0798,0.0056,0.0155,0.0364,-1.0791,3.1242,0.0369,0.0033,0.0027,0.0167,-0.0924,1.6405,0.0676,0.0079,0.0030,0.0338,-0.9437,1.1836
2026-09-16T20:20:57.313Z,0.0850,0.0060,0.0041,0.0391,-1.0191,1.6249,0.0389,0.0067,0.0075,0.0137,0.0649,1.5292,0.0669,0.0015,0.0124,0.0435,-0.9520,10.4654
2026-09-16T20:20:58.312Z,0.0786,0.0046,0.0060,0.0443,-0.9386,2.8932,0.0390,0.0032,0.0005,0.0172,-0.0596,1.3890,0.0636,0.0098,0.0035,0.0278,-1.0990,0.9590
2026-09-16T20:20:59.312Z,0.0829,0.0114,0.0036,0.0384,-1.1638,1.0617,0.0375,0.0019,0.0045,0.0143,0.6513,4.0237,0.0662,0.0071,0.0027,0.0429,-0.9712,1.4422
2026-09-16T20:21:00.311Z,0.0823,0.0134,0.0050,0.0438,-0.9874,0.7239,0.0367,0.0074,0.0047,0.0137,-0.2297,0.8770,0.0645,0.0023,0.0076,0.0346,-0.8956,5.8330
2026-09-16T20:21:01.306Z,0.0808,0.0088,0.0081,0.0486,-1.0118,1.2826,0.0393,0.0017,0.0046,0.0179,-0.3049,4.9014,0.0678,0.0048,0.0019,0.0386,-1.0877,1.8562
2026-09-16T20:21:02.332Z,0.0865,0.0111,0.0074,0.0395,-0.8151,1.9776,0.0464,0.0014,0.0024,0.0115,1.8871,8.2616,0.0708,0.0059,0.0065,0.0262,-0.8510,2.4859
2026-09-16T20:21:03.345Z,0.0878,0.0035,0.0076,0.0269,-0.9645,7.8580,0.0398,0.0013,0.0032,0.0115,0.1023,5.8546,0.0658,0.0043,0.0048,0.0224,-0.9073,3.9922
2026-09-16T20:21:04.344Z,0.0834,0.0131,0.0062,0.0521,-0.9136,0.9891,0.0343,0.0026,0.0025,0.0180,0.5939,2.7683,0.0720,0.0103,0.0028,0.0383,-0.7977,0.6449
2026-09-16T20:21:05.351Z,0.0855,0.0033,0.0091,0.0477,-0.9342,4.9184,0.0415,0.0024,0.0016,0.0210,-0.4608,2.5059,0.0729,0.0027,0.0009,0.0409,-0.9486,5.2272
2026-09-16T20:21:06.345Z,0.0871,0.0141,0.0063,0.0364,-0.8497,0.8351,0.0358,0.0019,0.0005,0.0091,0.5803,1.8244,0.0678,0.0097,0.0033,0.0408,-0.9575,0.9692
2026-09-16T20:21:07.345Z,0.0823,0.0027,0.0048,0.0570,-0.9998,6.9704,0.0390,0.0022,0.0027,0.0160,0.5536,3.2989,0.0685,0.0064,0.0017,0.0336,-0.8065,1.5414
2026-09-16T20:21:08.345Z,0.0864,0.0065,0.0015,0.0479,-1.1716,1.8511,0.0389,0.0032,0.0046,0.0162,0.0485,2.2795,0.0694,0.0101,0.0061,0.0401,-1.0820,0.7039
2026-09-16T20:21:09.345Z,0.0782,0.0045,0.0028,0.0372,-0.8682,3.6022,0.0390,0.0042,0.0013,0.0182,-0.0479,1.4343,0.0744,0.0040,0.0085,0.0455,-0.9020,3.6384
2026-09-16T20:21:10.345Z,0.0837,0.0073,0.0055,0.0617,-0.6973,2.1744,0.0415,0.0028,0.0049,0.0195,-0.1384,3.1851,0.0676,0.0110,0.0075,0.0320,-1.0809,1.1700
2026-09-16T20:21:11.351Z,0.0812,0.0025,0.0042,0.0559,-1.0344,6.9165,0.0371,0.0084,0.0046,0.0149,-0.5192,0.9049,0.0703,0.0051,0.0022,0.0451,-1.0813,1.6395
2026-09-16T20:21:12.372Z,0.0814,0.0070,0.0038,0.0450,-1.1350,2.8723,0.0349,0.0025,0.0037,0.0135,-0.3392,2.8133,0.0635,0.0016,0.0065,0.0341,-0.8271,6.2858
2026-09-16T20:21:13.406Z,0.0812,0.0019,0.0039,0.0280,-1.0491,11.0272,0.0373,0.0032,0.0029,0.0090,0.3961,1.5986,0.0687,0.0065,0.0056,0.0260,-1.0651,2.5141
2026-09-16T20:21:14.425Z,0.0886,0.0099,0.0075,0.0373,-0.6315,1.8965,0.0916,0.0106,0.0035,0.0153,0.3287,0.7922,0.0782,0.0021,0.0048,0.0338,-0.2318,4.7795
2026-09-16T20:21:15.433Z,0.0888,0.0142,0.0020,0.0425,-0.0348,1.2418,0.0701,0.0074,0.0018,0.0234,-0.3221,0.6970,0.0704,0.0075,0.0028,0.0544,-1.0440,1.4775
2026-09-16T20:21:16.431Z,0.0886,0.0122,0.0029,0.0430,-1.1920,1.1764,0.0434,0.0029,0.0025,0.0149,-0.4558,2.2742,0.0696,0.0070,0.0049,0.0389,-1.0353,1.3487
2026-09-16T20:21:17.429Z,0.0839,0.0151,0.0012,0.0517,-0.9693,1.1416,0.0470,0.0039,0.0012,0.0147,1.3777,1.6015,0.0712,0.0050,0.0066,0.0477,-0.7094,3.2546
2026-09-16T20:21:18.427Z,0.0902,0.0061,0.0029,0.0604,-0.9057,3.3097,0.0417,0.0021,0.0004,0.0148,0.0671,2.5674,0.0674,0.0039,0.0049,0.0431,-1.0291,2.3035
2026-09-16T20:21:19.427Z,0.0902,0.0078,0.0060,0.0612,-0.8902,2.1857,0.0403,0.0015,0.0020,0.0177,-0.5734,4.2546,0.0662,0.0047,0.0056,0.0389,-0.9837,3.0258
2026-09-16T20:21:20.421Z,0.0830,0.0044,0.0031,0.0444,-1.1404,3.3540,0.0428,0.0049,0.0030,0.0197,-0.5728,2.0213,0.0686,0.0145,0.0091,0.0435,-1.0225,0.8147
2026-09-16T20:21:21.421Z,0.0840,0.0080,0.0086,0.0489,-1.0564,1.3786,0.0412,0.0034,0.0023,0.0159,-0.6180,1.4406,0.0689,0.0061,0.0038,0.0350,-0.9540,1.2367
2026-09-16T20:21:22.447Z,0.0831,0.0062,0.0021,0.0514,-0.8227,2.3910,0.0411,0.0017,0.0023,0.0189,0.5510,5.2742,0.0679,0.0034,0.0055,0.0370,-0.8397,2.3371
2026-09-16T20:21:23.487Z,0.0835,0.0121,0.0016,0.0321,-0.8715,1.7936,0.0405,0.0026,0.0038,0.0104,-0.6073,4.0465,0.0704,0.0047,0.0035,0.0381,-0.9263,3.5515
2026-09-16T20:21:24.487Z,0.0830,0.0104,0.0104,0.0410,-0.8853,1.3269,0.0394,0.0023,0.0020,0.0107,0.7429,2.2289,0.0706,0.0098,0.0037,0.0452,-0.7420,1.0506
2026-09-16T20:21:25.507Z,0.0884,0.0020,0.0097,0.0504,-0.5156,9.6465,0.0585,0.0024,0.0035,0.0188,0.5216,3.0325,0.0710,0.0010,0.0094,0.0387,-0.7441,13.6904
2026-09-16T20:21:26.512Z,0.0923,0.0068,0.0234,0.0434,-0.4489,4.1752,0.0703,0.0060,0.0091,0.0227,-0.4363,1.9898,0.0733,0.0122,0.0082,0.0436,-0.5725,0.9607
2026-09-16T20:21:27.513Z,0.0839,0.0059,0.0060,0.0336,-0.6132,2.7581,0.0597,0.0018,0.0027,0.0159,-0.6426,4.2769,0.0702,0.0062,0.0116,0.0291,-0.8940,2.4593
2026-09-16T20:21:28.507Z,0.0881,0.0058,0.0077,0.0360,-0.8317,1.9410,0.0466,0.0004,0.0025,0.0159,1.1818,26.5264,0.0713,0.0121,0.0058,0.0348,-0.6165,0.5824
2026-09-16T20:21:29.507Z,0.0836,0.0065,0.0017,0.0440,-0.8975,2.4326,0.0421,0.0012,0.0021,0.0158,0.1374,8.4678,0.0691,0.0040,0.0027,0.0323,-1.1632,3.4144
2026-09-16T20:21:30.507Z,0.0811,0.0023,0.0018,0.0378,-0.9833,5.7869,0.0371,0.0018,0.0040,0.0124,0.3464,3.0773,0.0644,0.0099,0.0076,0.0371,-0.9867,1.0388
2026-09-16T20:21:31.507Z,0.0810,0.0096,0.0041,0.0494,-0.9837,1.5759,0.0390,0.0029,0.0021,0.0147,1.1127,2.1610,0.0687,0.0017,0.0037,0.0433,-1.0081,8.6898
2026-09-16T20:21:32.507Z,0.0819,0.0089,0.0038,0.0500,-1.0276,1.2660,0.0381,0.0027,0.0036,0.0187,-0.0447,3.4646,0.0645,0.0092,0.0030,0.0346,-0.9167,1.6911
2026-09-16T20:21:33.531Z,0.0823,0.0068,0.0036,0.0364,-0.8509,2.2710,0.0415,0.0083,0.0026,0.0091,0.6198,0.8642,0.0692,0.0046,0.0056,0.0303,-0.8743,3.7683
2026-09-16T20:21:34.551Z,0.0859,0.0083,0.0084,0.0405,-1.0588,1.8673,0.0392,0.0011,0.0020,0.0143,-0.0015,5.5614,0.0665,0.0151,0.0035,0.0385,-0.7650,0.5812
2026-09-16T20:21:35.551Z,0.0830,0.0138,0.0034,0.0499,-0.9347,1.0707,0.0383,0.0062,0.0024,0.0176,-0.4039,1.0168,0.0689,0.0093,0.0062,0.0379,-0.8011,0.7800
2026-09-16T20:21:36.569Z,0.0825,0.0097,0.0027,0.0502,-0.8251,1.0570,0.0368,0.0024,0.0022,0.0126,-0.0025,2.8674,0.0686,0.0032,0.0020,0.0469,-0.9939,1.9043
2026-09-16T20:21:37.571Z,0.0825,0.0066,0.0032,0.0416,-0.9947,1.5148,0.0388,0.0020,0.0026,0.0241,0.5104,3.8731,0.0686,0.0011,0.0045,0.0498,-0.9363,8.3950
2026-09-16T20:21:38.573Z,0.0838,0.0066,0.0053,0.0565,-0.9462,1.2474,0.0368,0.0002,0.0031,0.0219,0.0292,41.9972,0.0656,0.0024,0.0063,0.0396,-0.9681,4.1368
2026-09-16T20:21:39.573Z,0.0838,0.0016,0.0049,0.0473,-0.7258,9.3350,0.0451,0.0033,0.0044,0.0164,0.7617,3.2579,0.0721,0.0035,0.0066,0.0427,-0.8780,2.8177
2026-09-16T20:21:40.572Z,0.0783,0.0079,0.0005,0.0577,-0.8806,1.8468,0.0325,0.0056,0.0025,0.0142,0.0905,1.1197,0.0647,0.0134,0.0047,0.0313,-1.0407,0.8417
2026-09-16T20:21:41.573Z,0.0841,0.0107,0.0091,0.0414,-1.0018,1.2540,0.0393,0.0033,0.0026,0.0159,-0.3724,2.2841,0.0680,0.0063,0.0058,0.0396,-1.0035,2.1697
2026-09-16T20:21:42.571Z,0.0813,0.0083,0.0051,0.0477,-0.9954,1.5969,0.0397,0.0021,0.0020,0.0196,0.0631,3.0572,0.0679,0.0089,0.0042,0.0387,-0.8666,0.8242
2026-09-16T20:21:43.592Z,0.0833,0.0085,0.0052,0.0261,-1.0109,1.4192,0.0372,0.0025,0.0030,0.0085,0.0489,1.8558,0.0714,0.0034,0.0027,0.0210,-1.1940,4.0633
2026-09-16T20:21:44.605Z,0.0852,0.0032,0.0054,0.0489,-1.1001,6.9196,0.0371,0.0034,0.0030,0.0124,-0.2058,1.4935,0.0682,0.0027,0.0026,0.0305,-1.0775,3.9656
2026-09-16T20:21:45.607Z,0.0843,0.0154,0.0024,0.0491,-1.0878,0.7641,0.0446,0.0039,0.0003,0.0183,-0.3170,1.5735,0.0694,0.0068,0.0052,0.0301,-0.8709,1.2262
2026-09-16T20:21:46.612Z,0.0859,0.0050,0.0100,0.0438,-1.0374,3.6217,0.0378,0.0065,0.0051,0.0218,-0.0417,1.1320,0.0684,0.0063,0.0017,0.0378,-0.9513,1.1150
2026-09-16T20:21:47.609Z,0.0847,0.0049,0.0017,0.0467,-0.7612,2.4529,0.0369,0.0050,0.0028,0.0104,0.4742,1.3121,0.0650,0.0062,0.0033,0.0361,-1.0262,2.0116
2026-09-16T20:21:48.623Z,0.0806,0.0117,0.0056,0.0279,-0.7627,1.3039,0.0526,0.0050,0.0011,0.0147,-0.2947,2.0718,0.0675,0.0087,0.0071,0.0272,-0.9964,1.1302
2026-09-16T20:21:49.622Z,0.0847,0.0027,0.0008,0.0473,-0.7530,4.8211,0.0507,0.0046,0.0057,0.0195,-0.0524,1.8508,0.0703,0.0031,0.0041,0.0428,-0.7777,3.6693
2026-09-16T20:21:50.626Z,0.0829,0.0071,0.0086,0.0514,-0.7028,2.6464,0.0432,0.0034,0.0041,0.0125,0.9194,2.1549,0.0679,0.0028,0.0064,0.0480,-0.5030,4.4639
2026-09-16T20:21:51.632Z,0.0788,0.0123,0.0044,0.0447,-0.9510,1.0782,0.0450,0.0081,0.0007,0.0176,0.8501,0.6673,0.0670,0.0088,0.0028,0.0437,-1.0141,1.0840
2026-09-16T20:21:52.632Z,0.0834,0.0077,0.0099,0.0487,-0.9723,2.2300,0.0440,0.0026,0.0020,0.0129,0.0348,2.4854,0.0703,0.0034,0.0027,0.0434,-0.7721,2.9110
2026-09-16T20:21:53.649Z,0.0898,0.0074,0.0034,0.0484,-0.7991,1.7584,0.0534,0.0040,0.0016,0.0192,0.4816,1.5064,0.0736,0.0015,0.0016,0.0447,-0.7489,8.4859
2026-09-16T20:21:54.672Z,0.0887,0.0127,0.0118,0.0364,-0.7543,1.5012,0.0469,0.0042,0.0010,0.0079,0.9940,1.6928,0.0726,0.0071,0.0074,0.0295,-0.9500,1.5255
2026-09-16T20:21:55.669Z,0.0889,0.0084,0.0164,0.0479,-0.5470,2.7346,0.0408,0.0050,0.0038,0.0158,1.2818,2.9211,0.0700,0.0070,0.0062,0.0484,-0.7902,1.7248
2026-09-16T20:21:56.672Z,0.0830,0.0068,0.0073,0.0477,-0.8243,2.2868,0.0495,0.0008,0.0042,0.0203,-0.3461,7.2675,0.0696,0.0067,0.0051,0.0454,-0.8744,1.5332
2026-09-16T20:21:57.673Z,0.0871,0.0071,0.0051,0.0475,-0.3139,2.7642,0.0617,0.0015,0.0023,0.0178,-0.5071,5.8526,0.0729,0.0002,0.0016,0.0403,-0.7537,19.5818
2026-09-16T20:21:58.672Z,0.0875,0.0088,0.0148,0.0441,-0.6857,2.2958,0.0448,0.0035,0.0040,0.0160,0.4785,2.0680,0.0693,0.0073,0.0032,0.0383,-0.9613,1.2104
2026-09-16T20:21:59.670Z,0.0889,0.0147,0.0080,0.0466,-0.8284,0.8192,0.0499,0.0050,0.0070,0.0150,0.8456,1.8066,0.0725,0.0015,0.0075,0.0278,-0.6249,7.6499
2026-09-16T20:22:00.673Z,0.0805,0.0177,0.0089,0.0430,-0.8569,0.8808,0.0467,0.0013,0.0005,0.0193,0.0671,5.2260,0.0699,0.0032,0.0019,0.0226,-0.8775,1.7691
2026-09-16T20:22:01.673Z,0.0858,0.0104,0.0078,0.0467,-0.8292,0.9932,0.0476,0.0050,0.0049,0.0190,0.3482,1.5148,0.0676,0.0008,0.0067,0.0331,-0.6395,13.8172
2026-09-16T20:22:02.690Z,0.0814,0.0041,0.0101,0.0392,-0.8935,4.5793,0.0486,0.0022,0.0029,0.0141,-0.0485,3.3511,0.0695,0.0106,0.0042,0.0443,-0.9724,1.2231
2026-09-16T20:22:03.730Z,0.0857,0.0161,0.0066,0.0338,-0.8603,0.6685,0.0412,0.0063,0.0037,0.0113,-0.4010,0.8191,0.0707,0.0099,0.0029,0.0278,-1.0729,1.2958
2026-09-16T20:22:04.730Z,0.0796,0.0057,0.0101,0.0414,-0.8763,2.2988,0.0419,0.0015,0.0013,0.0134,1.1426,2.6373,0.0677,0.0040,0.0007,0.0406,-0.5943,1.7713
2026-09-16T20:22:05.730Z,0.0866,0.0044,0.0026,0.0458,-0.4210,4.8831,0.0533,0.0029,0.0034,0.0149,-0.4234,4.4912,0.0727,0.0157,0.0037,0.0407,-0.7650,1.0144
2026-09-16T20:22:06.730Z,0.0916,0.0061,0.0075,0.0379,-0.7028,3.7739,0.0588,0.0072,0.0042,0.0216,-0.4536,1.9411,0.0681,0.0028,0.0031,0.0431,-0.8577,3.6230
2026-09-16T20:22:07.730Z,0.0808,0.0121,0.0037,0.0533,-0.6830,0.8593,0.0435,0.0013,0.0039,0.0186,0.1716,4.1798,0.0730,0.0112,0.0064,0.0455,-1.0585,0.9331
2026-09-16T20:22:08.730Z,0.0841,0.0154,0.0035,0.0516,-0.4741,1.4225,0.0566,0.0042,0.0011,0.0187,-0.1479,1.1494,0.0711,0.0073,0.0043,0.0502,-0.9951,1.3451
2026-09-16T20:22:09.733Z,0.0810,0.0049,0.0055,0.0432,-0.7093,2.5191,0.0514,0.0076,0.0031,0.0132,-0.5274,0.4569,0.0655,0.0058,0.0069,0.0365,-0.8070,2.1126
2026-09-16T20:22:10.728Z,0.0842,0.0094,0.0027,0.0545,-0.6576,1.7369,0.0427,0.0045,0.0043,0.0173,-0.0663,1.8624,0.0654,0.0047,0.0043,0.0269,-0.8664,2.2247
2026-09-16T20:22:11.722Z,0.0821,0.0075,0.0095,0.0353,-0.9224,2.4767,0.0459,0.0043,0.0042,0.0172,-0.5562,2.0044,0.0659,0.0082,0.0056,0.0285,-0.8821,0.9045
2026-09-16T20:22:12.732Z,0.0840,0.0049,0.0038,0.0447,-0.9067,3.4621,0.0382,0.0049,0.0003,0.0211,0.7241,1.4763,0.0674,0.0052,0.0052,0.0379,-0.6410,1.5641
2026-09-16T20:22:13.751Z,0.0808,0.0018,0.0099,0.0386,-0.8206,8.3444,0.0407,0.0021,0.0039,0.0127,-0.7127,5.6212,0.0654,0.0079,0.0019,0.0384,-1.0060,0.9352
2026-09-16T20:22:14.791Z,0.0802,0.0085,0.0061,0.0300,-0.9441,1.4530,0.0372,0.0013,0.0049,0.0104,-0.3496,4.2998,0.0695,0.0039,0.0035,0.0234,-1.1332,3.8951
2026-09-16T20:22:15.790Z,0.0812,0.0114,0.0050,0.0389,-1.0332,0.6814,0.0450,0.0073,0.0035,0.0181,-0.4927,0.7237,0.0710,0.0067,0.0057,0.0411,-0.8481,1.1929
2026-09-16T20:22:16.792Z,0.0810,0.0063,0.0067,0.0480,-1.1209,1.5159,0.0341,0.0051,0.0024,0.0149,-0.1454,1.1688,0.0654,0.0054,0.0056,0.0386,-0.9086,2.1349
2026-09-16T20:22:17.790Z,0.0800,0.0121,0.0076,0.0455,-1.0649,1.0187,0.0361,0.0015,0.0004,0.0153,-0.2329,3.3582,0.0624,0.0089,0.0048,0.0318,-1.0683,1.1396
2026-09-16T20:22:18.790Z,0.0817,0.0151,0.0063,0.0286,-0.9430,1.1945,0.0418,0.0027,0.0015,0.0206,-0.1820,2.4741,0.0677,0.0058,0.0091,0.0438,-1.0834,2.1173
2026-09-16T20:22:19.793Z,0.0841,0.0059,0.0087,0.0465,-0.9802,3.8141,0.0397,0.0036,0.0026,0.0194,-0.5641,1.7032,0.0676,0.0059,0.0070,0.0478,-1.1630,2.4220
2026-09-16T20:22:20.792Z,0.0792,0.0093,0.0026,0.0353,-0.9101,1.0695,0.0392,0.0044,0.0025,0.0155,-0.5401,1.1285,0.0656,0.0094,0.0042,0.0451,-0.8798,1.0851
2026-09-16T20:22:21.791Z,0.0824,0.0028,0.0020,0.0543,-0.7237,6.3309,0.0369,0.0039,0.0060,0.0198,-0.3082,2.2945,0.0647,0.0061,0.0067,0.0393,-0.9027,1.9107
2026-09-16T20:22:22.791Z,0.0829,0.0033,0.0076,0.0438,-1.0016,5.9254,0.0370,0.0014,0.0057,0.0223,-0.1496,5.7925,0.0654,0.0037,0.0048,0.0431,-0.8992,2.9803
2026-09-16T20:22:23.792Z,0.0858,0.0065,0.0044,0.0517,-0.9543,2.7341,0.0340,0.0037,0.0036,0.0108,0.0802,1.6058,0.0654,0.0017,0.0024,0.0439,-0.7940,4.5974
2026-09-16T20:22:24.824Z,0.0835,0.0085,0.0034,0.0205,-1.1054,1.9608,0.0420,0.0034,0.0042,0.0088,-0.5913,2.5438,0.0671,0.0060,0.0024,0.0205,-0.9868,2.0008
2026-09-16T20:22:25.831Z,0.0835,0.0054,0.0051,0.0408,-0.9257,2.0039,0.0380,0.0107,0.0021,0.0122,-0.2973,0.7760,0.0654,0.0059,0.0060,0.0276,-1.0260,1.5824
2026-09-16T20:22:26.852Z,0.0802,0.0090,0.0045,0.0390,-0.8610,2.0752,0.0379,0.0031,0.0031,0.0234,-0.1662,2.5831,0.0690,0.0029,0.0037,0.0322,-1.0898,4.7467
2026-09-16T20:22:27.851Z,0.0834,0.0125,0.0043,0.0526,-0.9917,1.0776,0.0392,0.0023,0.0049,0.0217,-0.3790,3.3551,0.0668,0.0094,0.0047,0.0351,-0.8181,0.8982
2026-09-16T20:22:28.851Z,0.0819,0.0062,0.0068,0.0573,-0.6903,1.5954,0.0330,0.0063,0.0031,0.0139,0.0227,1.1443,0.0677,0.0033,0.0049,0.0503,-0.9450,2.7460
2026-09-16T20:22:29.839Z,0.0808,0.0105,0.0034,0.0420,-0.7677,1.0130,0.0392,0.0047,0.0023,0.0137,-0.6173,0.9874,0.0681,0.0098,0.0050,0.0384,-0.8882,1.2253
2026-09-16T20:22:30.843Z,0.0869,0.0021,0.0062,0.0463,-0.9647,5.6985,0.0388,0.0043,0.0027,0.0128,-0.5694,1.5154,0.0686,0.0144,0.0030,0.0433,-0.8435,0.6473
2026-09-16T20:22:31.851Z,0.0788,0.0015,0.0073,0.0524,-0.9570,7.6638,0.0386,0.0031,0.0033,0.0178,-0.0724,2.1369,0.0691,0.0082,0.0086,0.0422,-1.2031,1.3704
2026-09-16T20:22:32.840Z,0.0841,0.0022,0.0021,0.0559,-0.8382,6.6929,0.0351,0.0036,0.0052,0.0170,0.7537,1.9297,0.0662,0.0061,0.0099,0.0457,-1.0259,2.0747
2026-09-16T20:22:33.843Z,0.0780,0.0055,0.0056,0.0423,-1.0104,2.3075,0.0359,0.0015,0.0032,0.0144,-0.2126,3.9816,0.0660,0.0098,0.0084,0.0453,-0.9727,1.1306
2026-09-16T20:22:34.892Z,0.0820,0.0033,0.0058,0.0266,-0.9012,7.5799,0.0397,0.0055,0.0033,0.0104,-0.6874,0.9920,0.0631,0.0020,0.0050,0.0244,-1.0118,6.6381
2026-09-16T20:22:35.907Z,0.0818,0.0065,0.0043,0.0339,-0.8546,3.2042,0.0374,0.0047,0.0031,0.0122,0.6372,1.1878,0.0675,0.0020,0.0039,0.0156,-1.0362,4.4265
2026-09-16T20:22:36.908Z,0.0805,0.0122,0.0075,0.0367,-1.0884,1.2004,0.0363,0.0016,0.0008,0.0129,-0.2373,2.2998,0.0664,0.0150,0.0051,0.0348,-1.1611,0.5659
2026-09-16T20:22:37.932Z,0.0809,0.0090,0.0026,0.0534,-0.9254,1.9356,0.0373,0.0042,0.0026,0.0136,-0.0141,2.4160,0.0694,0.0065,0.0035,0.0401,-1.0736,2.1894
2026-09-16T20:22:38.932Z,0.0850,0.0199,0.0073,0.0466,-0.9232,0.5326,0.0436,0.0068,0.0019,0.0211,-0.7060,0.8070,0.0651,0.0019,0.0018,0.0325,-1.0357,4.8631
2026-09-16T20:22:39.917Z,0.0810,0.0048,0.0070,0.0343,-0.8898,2.5519,0.0376,0.0019,0.0038,0.0195,0.6855,2.8863,0.0710,0.0070,0.0057,0.0399,-0.7546,1.6475
2026-09-16T20:22:40.929Z,0.0833,0.0164,0.0019,0.0465,-0.9178,0.4763,0.0407,0.0023,0.0039,0.0122,-0.2575,2.6417,0.0658,0.0100,0.0055,0.0349,-0.9603,1.1458
2026-09-16T20:22:41.923Z,0.0841,0.0133,0.0059,0.0446,-1.0257,0.7971,0.0343,0.0008,0.0023,0.0116,1.7265,9.3748,0.0696,0.0073,0.0100,0.0370,-1.0115,1.6538
2026-09-16T20:22:42.923Z,0.0833,0.0111,0.0076,0.0381,-0.8545,1.0996,0.0413,0.0008,0.0037,0.0121,-0.2284,7.6302,0.0652,0.0132,0.0056,0.0263,-0.8898,0.7127
2026-09-16T20:22:43.928Z,0.0834,0.0119,0.0045,0.0363,-0.8490,1.1854,0.0409,0.0048,0.0019,0.0175,0.8616,1.8503,0.0638,0.0119,0.0048,0.0377,-0.8241,0.8193
2026-09-16T20:22:44.972Z,0.0793,0.0091,0.0039,0.0301,-1.0551,2.0443,0.0411,0.0009,0.0050,0.0095,0.1192,9.2286,0.0656,0.0069,0.0040,0.0225,-0.5703,2.9517
2026-09-16T20:22:45.966Z,0.0872,0.0018,0.0011,0.0521,-0.5425,8.9637,0.0395,0.0009,0.0056,0.0137,0.3374,9.4909,0.0683,0.0117,0.0042,0.0371,-0.7023,0.8461
2026-09-16T20:22:46.971Z,0.0827,0.0135,0.0079,0.0436,-1.0572,1.0467,0.0410,0.0017,0.0026,0.0173,0.4093,3.1700,0.0651,0.0048,0.0045,0.0396,-0.8414,2.9908
2026-09-16T20:22:47.966Z,0.0799,0.0083,0.0021,0.0358,-0.8532,1.3590,0.0495,0.0051,0.0018,0.0181,-0.8700,1.0163,0.0703,0.0094,0.0047,0.0501,-0.9797,0.9958
2026-09-16T20:22:48.991Z,0.0789,0.0052,0.0076,0.0538,-0.9594,3.1532,0.0401,0.0064,0.0027,0.0128,-0.4516,1.7615,0.0662,0.0173,0.0051,0.0269,-0.9305,0.6093
2026-09-16T20:22:49.991Z,0.0798,0.0058,0.0101,0.0492,-0.9493,3.2294,0.0437,0.0038,0.0046,0.0182,-0.0964,1.4096,0.0652,0.0083,0.0045,0.0338,-1.0053,1.8417
2026-09-16T20:22:50.988Z,0.0818,0.0045,0.0040,0.0586,-1.0481,2.3670,0.0429,0.0015,0.0007,0.0195,-0.2817,3.6188,0.0666,0.0085,0.0058,0.0381,-1.0824,0.8486
2026-09-16T20:22:51.992Z,0.0829,0.0036,0.0074,0.0456,-1.0660,4.8451,0.0396,0.0022,0.0032,0.0196,0.2724,2.0394,0.0685,0.0093,0.0012,0.0444,-1.0374,1.0292
2026-09-16T20:22:52.991Z,0.0839,0.0100,0.0100,0.0304,-0.9184,1.5420,0.0395,0.0042,0.0039,0.0135,-0.0809,1.6523,0.0671,0.0054,0.0089,0.0275,-1.0359,2.0889
2026-09-16T20:22:53.981Z,0.0829,0.0022,0.0034,0.0449,-0.9325,6.4959,0.0410,0.0025,0.0020,0.0192,-0.2324,2.9064,0.0705,0.0059,0.0044,0.0507,-1.1095,1.6609
2026-09-16T20:22:55.016Z,0.0847,0.0114,0.0110,0.0243,-1.1211,1.2455,0.0393,0.0020,0.0022,0.0112,-0.2565,3.8137,0.0682,0.0105,0.0026,0.0225,-1.1295,1.2978
2026-09-16T20:22:56.052Z,0.0884,0.0078,0.0054,0.0206,-1.1322,2.5950,0.0405,0.0024,0.0024,0.0078,-0.2656,2.1967,0.0680,0.0053,0.0074,0.0158,-0.8900,2.1716
2026-09-16T20:22:57.044Z,0.0879,0.0011,0.0068,0.0426,-1.0961,12.1100,0.0357,0.0043,0.0048,0.0118,-0.2922,1.4502,0.0655,0.0066,0.0035,0.0313,-0.9276,1.1303
2026-09-16T20:22:58.039Z,0.0893,0.0169,0.0031,0.0533,-0.8097,0.6918,0.0389,0.0055,0.0035,0.0193,-0.4754,1.1041,0.0682,0.0157,0.0036,0.0395,-1.0500,0.6685
2026-09-16T20:22:59.040Z,0.0800,0.0028,0.0056,0.0417,-1.2220,3.8687,0.0389,0.0035,0.0030,0.0162,-0.5288,1.6317,0.0685,0.0035,0.0027,0.0436,-0.9171,3.6540
2026-09-16T20:23:00.044Z,0.0823,0.0082,0.0030,0.0429,-1.0556,1.6675,0.0368,0.0014,0.0036,0.0122,-0.1766,5.5285,0.0666,0.0071,0.0040,0.0370,-1.0507,1.1155
2026-09-16T20:23:01.072Z,0.0814,0.0098,0.0067,0.0488,-0.8308,1.1930,0.0360,0.0012,0.0011,0.0093,-0.8051,3.2062,0.0635,0.0066,0.0050,0.0398,-0.7660,1.8992
2026-09-16T20:23:02.073Z,0.0842,0.0089,0.0066,0.0555,-0.7402,1.5869,0.0350,0.0033,0.0022,0.0187,-0.3651,1.8032,0.0685,0.0158,0.0013,0.0399,-1.1825,0.7580
2026-09-16T20:23:03.072Z,0.0822,0.0105,0.0019,0.0554,-0.9763,1.5657,0.0392,0.0040,0.0036,0.0160,-0.4134,1.6312,0.0651,0.0107,0.0028,0.0393,-0.9697,1.0080
2026-09-16T20:23:04.072Z,0.0807,0.0101,0.0080,0.0397,-0.8469,1.5513,0.0367,0.0009,0.0030,0.0195,-0.0642,7.1550,0.0674,0.0006,0.0026,0.0444,-0.9058,8.1887
2026-09-16T20:23:05.092Z,0.0805,0.0067,0.0062,0.0408,-0.9479,2.5392,0.0386,0.0032,0.0010,0.0144,-0.5627,2.1279,0.0657,0.0104,0.0066,0.0328,-0.9803,1.0189
2026-09-16T20:23:06.112Z,0.0849,0.0107,0.0070,0.0324,-0.9949,2.3863,0.0374,0.0036,0.0040,0.0151,0.0716,2.2776,0.0684,0.0050,0.0087,0.0177,-1.0627,3.2883
2026-09-16T20:23:07.107Z,0.0801,0.0099,0.0067,0.0432,-0.8540,1.3155,0.0442,0.0029,0.0011,0.0185,-0.3692,2.8771,0.0660,0.0067,0.0039,0.0396,-0.8498,1.4258
2026-09-16T20:23:08.112Z,0.0834,0.0063,0.0036,0.0504,-1.0225,2.6145,0.0450,0.0071,0.0013,0.0116,-0.2566,0.9384,0.0675,0.0086,0.0049,0.0319,-0.9821,1.4201
2026-09-16T20:23:09.106Z,0.0855,0.0096,0.0088,0.0395,-1.0555,1.2694,0.0388,0.0012,0.0013,0.0140,-0.2597,4.9076,0.0721,0.0142,0.0028,0.0359,-0.9793,0.7927
2026-09-16T20:23:10.108Z,0.0884,0.0035,0.0033,0.0555,-1.0531,5.2088,0.0377,0.0053,0.0028,0.0176,-0.1471,1.4580,0.0688,0.0050,0.0062,0.0333,-1.0589,1.7922
2026-09-16T20:23:11.109Z,0.0874,0.0134,0.0107,0.0441,-1.0525,1.2972,0.0376,0.0021,0.0036,0.0118,0.7383,2.8871,0.0686,0.0023,0.0053,0.0401,-0.9267,4.8124
2026-09-16T20:23:12.122Z,0.0852,0.0053,0.0047,0.0339,-1.0797,2.3488,0.0357,0.0024,0.0011,0.0156,-0.0349,2.2971,0.0726,0.0105,0.0066,0.0435,-0.8602,0.8440
2026-09-16T20:23:13.126Z,0.0840,0.0037,0.0096,0.0393,-1.0242,4.0224,0.0364,0.0048,0.0021,0.0139,0.4021,1.0068,0.0638,0.0045,0.0047,0.0322,-0.9950,3.0160
2026-09-16T20:23:14.125Z,0.0840,0.0115,0.0004,0.0443,-1.1397,1.2791,0.0373,0.0025,0.0039,0.0150,-0.4667,3.4679,0.0650,0.0018,0.0021,0.0361,-0.8675,3.2835
2026-09-16T20:23:15.173Z,0.0777,0.0084,0.0070,0.0271,-1.0709,1.7303,0.0374,0.0024,0.0017,0.0177,-0.5746,1.3046,0.0658,0.0056,0.0010,0.0331,-0.9300,1.1113
2026-09-16T20:23:16.189Z,0.0802,0.0046,0.0019,0.0344,-0.8853,3.1856,0.0373,0.0075,0.0022,0.0135,-0.7781,1.0654,0.0686,0.0042,0.0088,0.0281,-0.8853,3.2508
2026-09-16T20:23:17.187Z,0.0813,0.0158,0.0027,0.0466,-0.9191,0.8785,0.0378,0.0069,0.0037,0.0152,-0.4345,1.6042,0.0681,0.0135,0.0061,0.0451,-0.9656,0.9265
2026-09-16T20:23:18.191Z,0.0814,0.0147,0.0032,0.0479,-1.0438,0.9434,0.0382,0.0080,0.0019,0.0185,0.2998,0.5831,0.0674,0.0054,0.0054,0.0338,-0.8664,1.7283
2026-09-16T20:23:19.191Z,0.0849,0.0059,0.0076,0.0456,-1.0540,2.2893,0.0391,0.0014,0.0036,0.0085,-0.0714,5.1433,0.0656,0.0003,0.0037,0.0384,-0.9888,33.3418
2026-09-16T20:23:20.191Z,0.0845,0.0053,0.0004,0.0493,-1.0359,2.8252,0.0413,0.0040,0.0018,0.0162,-0.2864,2.0859,0.0671,0.0033,0.0020,0.0439,-1.1081,3.6723
2026-09-16T20:23:21.191Z,0.0846,0.0091,0.0066,0.0442,-0.9097,2.0239,0.0438,0.0026,0.0019,0.0148,0.9565,2.3422,0.0690,0.0089,0.0056,0.0354,-0.9999,0.9228
2026-09-16T20:23:22.192Z,0.0838,0.0012,0.0062,0.0562,-0.8779,15.7370,0.0403,0.0048,0.0012,0.0167,-0.4208,1.0298,0.0685,0.0100,0.0056,0.0318,-0.8165,1.0786
2026-09-16T20:23:23.211Z,0.0851,0.0084,0.0127,0.0389,-1.0327,1.9168,0.0491,0.0015,0.0032,0.0164,0.5030,3.6794,0.0692,0.0082,0.0063,0.0272,-0.6201,1.3813
2026-09-16T20:23:24.202Z,0.0918,0.0095,0.0101,0.0448,-0.3963,1.4300,0.0701,0.0034,0.0036,0.0187,-0.5056,4.1238,0.0708,0.0019,0.0031,0.0386,-0.7847,7.8601
2026-09-16T20:23:25.222Z,0.0850,0.0095,0.0079,0.0550,-0.7687,1.8663,0.0523,0.0008,0.0038,0.0208,-0.4165,14.1264,0.0677,0.0043,0.0038,0.0440,-0.8606,2.5231
2026-09-16T20:23:26.249Z,0.0926,0.0042,0.0027,0.0353,-0.6008,5.7803,0.0501,0.0043,0.0035,0.0155,0.4786,2.8391,0.0681,0.0040,0.0107,0.0221,-0.6026,4.5962
2026-09-16T20:23:27.244Z,0.0846,0.0092,0.0033,0.0368,-1.0213,1.2271,0.0522,0.0050,0.0012,0.0139,-0.4335,1.2025,0.0693,0.0097,0.0075,0.0340,-0.7578,1.2972
2026-09-16T20:23:28.247Z,0.0832,0.0130,0.0037,0.0313,-1.1647,1.1206,0.0366,0.0034,0.0014,0.0095,0.1439,0.9093,0.0681,0.0068,0.0061,0.0392,-0.6716,1.4515
2026-09-16T20:23:29.250Z,0.0834,0.0126,0.0033,0.0432,-1.1052,0.8682,0.0371,0.0009,0.0047,0.0108,-0.3664,5.8250,0.0669,0.0062,0.0009,0.0348,-1.0003,1.1651
2026-09-16T20:23:30.251Z,0.0842,0.0074,0.0051,0.0359,-1.0526,1.2268,0.0411,0.0025,0.0038,0.0137,0.3041,3.4168,0.0683,0.0153,0.0108,0.0329,-0.9459,1.1083
2026-09-16T20:23:31.250Z,0.0477,0.0033,0.0006,0.0040,2.1898,1.1535,0.0579,0.0035,0.0032,0.0055,8.2619,1.4604,0.0390,0.0018,0.0031,0.0044,4.4905,2.6479
2026-09-16T20:23:32.251Z,0.1251,0.0200,0.0024,0.0431,9.6985,1.1191,0.1104,0.0073,0.0064,0.0194,10.4896,2.6907,0.0659,0.0201,0.0056,0.0282,1.0710,0.6264
2026-09-16T20:23:33.252Z,0.0941,0.0042,0.0036,0.0615,-0.6738,3.1129,0.0528,0.0065,0.0053,0.0150,-0.4411,1.2125,0.0746,0.0069,0.0062,0.0449,-0.8095,2.3133
2026-09-16T20:23:34.238Z,0.0948,0.0081,0.0054,0.0542,-0.8431,2.4901,0.0459,0.0046,0.0020,0.0168,-0.7244,1.6960,0.0762,0.0069,0.0086,0.0369,-1.0202,2.1444
2026-09-16T20:23:35.272Z,0.0909,0.0019,0.0082,0.0612,-0.8966,8.5527,0.0377,0.0018,0.0009,0.0115,0.2184,2.4298,0.0760,0.0085,0.0071,0.0516,-0.9236,1.4282
2026-09-16T20:23:36.286Z,0.0861,0.0074,0.0073,0.0469,-0.9441,2.4029,0.0433,0.0058,0.0009,0.0123,0.3409,1.1967,0.0764,0.0023,0.0108,0.0315,-0.5641,6.5150
2026-09-16T20:23:37.308Z,0.0887,0.0089,0.0076,0.0583,-1.0325,1.1126,0.0405,0.0016,0.0037,0.0059,-0.2245,3.6225,0.0798,0.0178,0.0036,0.0431,-0.8586,0.8645
2026-09-16T20:23:38.311Z,0.0942,0.0107,0.0020,0.0543,-1.3064,1.6492,0.0372,0.0086,0.0013,0.0116,-0.5687,0.8368,0.0808,0.0154,0.0004,0.0410,-1.3457,1.1205
2026-09-16T20:23:39.304Z,0.0955,0.0037,0.0037,0.0513,-1.1450,2.7427,0.0395,0.0064,0.0011,0.0138,-0.1402,0.5122,0.0820,0.0073,0.0064,0.0519,-1.3035,2.3445
2026-09-16T20:23:40.308Z,0.0955,0.0076,0.0039,0.0516,-1.3515,2.0200,0.0370,0.0013,0.0020,0.0081,0.7261,3.3738,0.0881,0.0079,0.0117,0.0368,-1.3057,2.3382
2026-09-16T20:23:41.311Z,0.0936,0.0083,0.0103,0.0528,-1.1252,2.3673,0.0332,0.0028,0.0019,0.0100,0.8407,1.8647,0.0851,0.0121,0.0086,0.0523,-0.8724,1.2038
2026-09-16T20:23:42.307Z,0.0899,0.0057,0.0010,0.0620,-0.6965,2.6386,0.0329,0.0046,0.0023,0.0134,1.6212,1.1841,0.0817,0.0190,0.0087,0.0437,-0.8062,0.8802
2026-09-16T20:23:43.312Z,0.0918,0.0075,0.0045,0.0516,-0.9008,1.1351,0.0419,0.0039,0.0010,0.0128,-0.4391,1.0132,0.0756,0.0115,0.0070,0.0385,-1.2398,1.1602
2026-09-16T20:23:44.308Z,0.0922,0.0031,0.0046,0.0454,-1.1391,3.9514,0.0438,0.0047,0.0056,0.0183,-0.1527,2.3432,0.0732,0.0110,0.0005,0.0414,-0.6699,0.8382
2026-09-16T20:23:45.308Z,0.0973,0.0101,0.0010,0.0597,-0.7716,1.2534,0.0389,0.0050,0.0034,0.0131,-0.7331,1.0815,0.0790,0.0012,0.0047,0.0443,-1.0614,9.5083
2026-09-16T20:23:46.351Z,0.0941,0.0091,0.0070,0.0304,-1.1603,2.0746,0.0323,0.0027,0.0022,0.0072,0.3526,2.1032,0.0815,0.0032,0.0050,0.0338,-1.1237,3.5147
2026-09-16T20:23:47.372Z,0.0888,0.0052,0.0083,0.0562,-0.7092,2.7764,0.0350,0.0057,0.0014,0.0142,0.6324,0.9732,0.0770,0.0089,0.0030,0.0354,-1.0259,1.6027
2026-09-16T20:23:48.372Z,0.0908,0.0054,0.0035,0.0628,-1.1150,1.0766,0.0425,0.0034,0.0050,0.0228,-0.2458,2.0629,0.0767,0.0110,0.0037,0.0434,-1.0903,1.2262
2026-09-16T20:23:49.373Z,0.0958,0.0065,0.0076,0.0417,-0.9186,1.8515,0.0393,0.0015,0.0047,0.0140,-0.2271,5.1349,0.0832,0.0071,0.0039,0.0466,-1.1534,2.0871
2026-09-16T20:23:50.372Z,0.0903,0.0056,0.0066,0.0543,-0.8910,3.7635,0.0291,0.0002,0.0033,0.0100,1.9792,36.3226,0.0818,0.0044,0.0020,0.0525,-1.0466,2.6224
2026-09-16T20:23:51.358Z,0.0916,0.0038,0.0088,0.0489,-0.7043,4.2402,0.0387,0.0086,0.0022,0.0127,-0.6158,0.6304,0.0803,0.0150,0.0017,0.0357,-1.3206,0.7456
2026-09-16T20:23:52.373Z,0.0892,0.0187,0.0128,0.0477,-0.8649,0.8672,0.0388,0.0025,0.0029,0.0189,0.3459,1.4618,0.0764,0.0082,0.0079,0.0427,-0.8681,1.3682
2026-09-16T20:23:53.358Z,0.0933,0.0072,0.0063,0.0480,-1.0974,2.3887,0.0350,0.0014,0.0014,0.0128,0.3218,4.9141,0.0779,0.0026,0.0028,0.0387,-1.2022,4.7688
2026-09-16T20:23:54.372Z,0.0937,0.0118,0.0036,0.0522,-0.6913,0.7101,0.0317,0.0027,0.0047,0.0095,2.3668,3.1938,0.0793,0.0109,0.0066,0.0371,-0.7437,0.8423
2026-09-16T20:23:55.366Z,0.0940,0.0077,0.0055,0.0516,-1.1589,1.5087,0.0421,0.0052,0.0017,0.0180,-0.2739,1.5907,0.0785,0.0037,0.0022,0.0478,-1.1278,1.3383
2026-09-16T20:23:56.411Z,0.0967,0.0135,0.0051,0.0340,-0.9519,0.8867,0.0384,0.0028,0.0038,0.0077,0.3938,3.3527,0.0806,0.0037,0.0023,0.0344,-1.0303,3.8694
2026-09-16T20:23:57.409Z,0.0963,0.0080,0.0024,0.0556,-1.0588,2.1352,0.0361,0.0014,0.0024,0.0084,-0.0442,5.0279,0.0810,0.0079,0.0021,0.0416,-1.1457,0.9616
2026-09-16T20:23:58.426Z,0.0928,0.0071,0.0040,0.0625,-0.8181,1.3329,0.0377,0.0051,0.0016,0.0195,0.0812,0.9461,0.0774,0.0114,0.0043,0.0502,-1.1774,1.0265
2026-09-16T20:23:59.427Z,0.0908,0.0166,0.0049,0.0518,-0.8779,0.8155,0.0427,0.0026,0.0013,0.0195,-0.3288,2.2056,0.0762,0.0020,0.0077,0.0551,-0.8754,4.6034
2026-09-16T20:24:00.428Z,0.0928,0.0063,0.0085,0.0553,-1.1227,1.7935,0.0414,0.0016,0.0037,0.0121,-0.3791,3.1737,0.0772,0.0079,0.0059,0.0565,-1.1506,1.1693
2026-09-16T20:24:01.425Z,0.0932,0.0021,0.0005,0.0646,-0.9103,6.6971,0.0337,0.0027,0.0004,0.0100,0.8030,1.3639,0.0789,0.0136,0.0076,0.0461,-1.1016,1.1118
2026-09-16T20:24:02.426Z,0.0937,0.0011,0.0039,0.0542,-0.5411,7.3364,0.0408,0.0019,0.0006,0.0156,0.0738,2.7407,0.0771,0.0055,0.0022,0.0455,-1.2083,1.8121
2026-09-16T20:24:03.425Z,0.0936,0.0093,0.0062,0.0594,-1.1675,1.3411,0.0402,0.0044,0.0024,0.0210,-0.0184,0.9551,0.0722,0.0135,0.0084,0.0345,-1.2816,0.7622
2026-09-16T20:24:04.426Z,0.0883,0.0158,0.0091,0.0465,-1.1392,0.7543,0.0400,0.0026,0.0025,0.0187,-0.0427,2.6795,0.0743,0.0073,0.0078,0.0471,-0.6091,1.8212
2026-09-16T20:24:05.430Z,0.0903,0.0046,0.0069,0.0503,-0.7338,2.9311,0.0363,0.0026,0.0034,0.0186,0.7645,2.9172,0.0784,0.0076,0.0056,0.0524,-1.0016,1.5855
2026-09-16T20:24:06.446Z,0.0922,0.0074,0.0081,0.0369,-1.1111,2.4689,0.0363,0.0040,0.0036,0.0083,-0.2178,1.7858,0.0811,0.0072,0.0056,0.0422,-1.2846,2.5661
2026-09-16T20:24:07.472Z,0.0928,0.0085,0.0077,0.0403,-0.9803,1.7212,0.0300,0.0041,0.0033,0.0063,0.7766,1.3977,0.0825,0.0059,0.0069,0.0281,-1.1610,3.9531
2026-09-16T20:24:08.473Z,0.0922,0.0094,0.0044,0.0635,-0.6201,1.8733,0.0345,0.0031,0.0017,0.0119,0.8633,1.1856,0.0800,0.0049,0.0050,0.0490,-0.8034,2.7817
2026-09-16T20:24:09.491Z,0.0928,0.0082,0.0084,0.0657,-0.5326,1.6245,0.0413,0.0023,0.0034,0.0182,0.0552,2.7569,0.0822,0.0071,0.0031,0.0456,-1.1113,2.2862
2026-09-16T20:24:10.491Z,0.0921,0.0128,0.0018,0.0608,-1.2687,1.3705,0.0428,0.0010,0.0045,0.0133,-0.1421,5.8077,0.0727,0.0083,0.0034,0.0472,-0.9326,1.2195
2026-09-16T20:24:11.489Z,0.0895,0.0141,0.0068,0.0501,-1.0372,0.5382,0.0404,0.0039,0.0042,0.0193,0.2328,2.3700,0.0767,0.0119,0.0023,0.0477,-0.9182,1.0541
2026-09-16T20:24:12.492Z,0.0953,0.0101,0.0063,0.0579,-1.0511,1.5717,0.0387,0.0026,0.0036,0.0151,0.2358,2.6926,0.0785,0.0076,0.0045,0.0467,-1.1698,1.1782
2026-09-16T20:24:13.492Z,0.0905,0.0073,0.0068,0.0583,-1.0635,1.7217,0.0307,0.0017,0.0017,0.0058,0.6877,2.5483,0.0852,0.0054,0.0020,0.0405,-1.2094,2.0776
2026-09-16T20:24:14.492Z,0.0939,0.0061,0.0033,0.0591,-0.2948,1.7003,0.0457,0.0053,0.0068,0.0154,0.8970,1.7542,0.0833,0.0047,0.0063,0.0452,-1.0006,3.0239
2026-09-16T20:24:15.491Z,0.0919,0.0037,0.0018,0.0519,-1.0295,4.4709,0.0398,0.0053,0.0030,0.0201,0.0028,1.5768,0.0792,0.0099,0.0054,0.0512,-1.1987,1.6626
2026-09-16T20:24:16.489Z,0.0918,0.0079,0.0006,0.0503,-1.0535,0.5611,0.0695,0.0021,0.0052,0.0260,-0.1205,3.9413,0.0789,0.0049,0.0027,0.0530,-0.9125,2.0206
2026-09-16T20:24:17.508Z,0.0880,0.0064,0.0041,0.0377,-0.8750,3.0568,0.0395,0.0028,0.0024,0.0096,1.0162,2.4180,0.0782,0.0050,0.0044,0.0241,-0.9227,3.1150
2026-09-16T20:24:18.506Z,0.0896,0.0028,0.0095,0.0460,-0.9899,5.4476,0.0308,0.0007,0.0015,0.0079,1.5240,6.5091,0.0783,0.0038,0.0055,0.0388,-1.1491,2.8970
2026-09-16T20:24:19.507Z,0.0919,0.0151,0.0058,0.0579,-0.2896,1.0333,0.0378,0.0013,0.0021,0.0139,0.7318,3.8031,0.0837,0.0030,0.0053,0.0415,-1.1360,3.8848
2026-09-16T20:24:20.526Z,0.0902,0.0095,0.0040,0.0364,-0.8493,1.2115,0.0455,0.0033,0.0023,0.0155,0.6043,1.7148,0.0781,0.0089,0.0025,0.0324,-1.1920,1.2393
2026-09-16T20:24:21.528Z,0.0919,0.0057,0.0015,0.0688,-1.0526,2.5471,0.0463,0.0029,0.0032,0.0198,0.2283,2.1579,0.0744,0.0046,0.0020,0.0450,-1.0276,1.6598
2026-09-16T20:24:22.523Z,0.0944,0.0133,0.0047,0.0564,-1.0330,1.5515,0.0364,0.0034,0.0017,0.0130,1.5307,1.9154,0.0770,0.0117,0.0056,0.0446,-0.7720,1.0051
2026-09-16T20:24:23.529Z,0.0930,0.0106,0.0114,0.0629,-0.9729,1.3141,0.0363,0.0016,0.0019,0.0091,-0.1247,4.5186,0.0793,0.0020,0.0037,0.0507,-1.2162,4.1190
2026-09-16T20:24:24.525Z,0.0925,0.0074,0.0023,0.0507,-1.1511,2.5356,0.0329,0.0032,0.0033,0.0112,0.2568,1.5911,0.0851,0.0118,0.0087,0.0272,-1.2672,1.1822
2026-09-16T20:24:25.524Z,0.0942,0.0039,0.0050,0.0565,-0.4843,4.2342,0.0367,0.0037,0.0027,0.0205,1.0070,1.7859,0.0842,0.0091,0.0033,0.0467,-0.8070,1.2162
2026-09-16T20:24:26.528Z,0.0942,0.0047,0.0082,0.0597,-0.6487,4.3704,0.0418,0.0026,0.0013,0.0161,-0.0344,1.6794,0.0792,0.0088,0.0057,0.0504,-1.1947,0.9572
2026-09-16T20:24:27.571Z,0.0938,0.0150,0.0098,0.0348,-1.2772,1.3456,0.0447,0.0026,0.0028,0.0151,-0.7234,3.1000,0.0751,0.0073,0.0063,0.0253,-1.0322,2.3488
2026-09-16T20:24:28.558Z,0.0936,0.0126,0.0074,0.0490,-0.7257,0.9647,0.0449,0.0038,0.0032,0.0172,-0.2362,1.3757,0.0768,0.0075,0.0015,0.0448,-0.6394,1.2824
2026-09-16T20:24:29.572Z,0.0961,0.0125,0.0123,0.0521,-1.1739,1.7329,0.0351,0.0025,0.0030,0.0123,0.4134,2.3310,0.0824,0.0083,0.0033,0.0568,-1.1891,0.9984
2026-09-16T20:24:30.592Z,0.0964,0.0091,0.0037,0.0670,-0.7555,0.5787,0.0426,0.0066,0.0029,0.0130,0.0192,0.9307,0.0816,0.0028,0.0078,0.0457,-0.8253,4.4376
2026-09-16T20:24:31.589Z,0.0949,0.0061,0.0078,0.0648,-0.3005,2.5277,0.0476,0.0024,0.0018,0.0164,1.0911,2.7393,0.0800,0.0023,0.0066,0.0396,-0.9905,7.9719
2026-09-16T20:24:32.587Z,0.0971,0.0050,0.0023,0.0612,-1.1639,1.9974,0.0409,0.0015,0.0029,0.0210,-0.0826,4.0625,0.0774,0.0067,0.0079,0.0480,-1.1945,1.9711
2026-09-16T20:24:33.591Z,0.0911,0.0085,0.0053,0.0530,-1.2908,1.3896,0.0451,0.0094,0.0038,0.0181,-0.6080,0.8117,0.0742,0.0068,0.0046,0.0400,-0.7971,1.7896
2026-09-16T20:24:34.591Z,0.0947,0.0117,0.0069,0.0541,-0.9244,1.3859,0.0366,0.0049,0.0013,0.0097,0.6755,0.9530,0.0809,0.0075,0.0026,0.0491,-1.0791,2.0633
2026-09-16T20:24:35.591Z,0.0960,0.0024,0.0052,0.0603,-0.9932,6.7273,0.0277,0.0020,0.0011,0.0061,0.5885,1.6308,0.0814,0.0092,0.0043,0.0474,-1.1138,0.9589
2026-09-16T20:24:36.592Z,0.0954,0.0052,0.0028,0.0676,-0.3488,3.9435,0.0326,0.0014,0.0044,0.0133,0.9699,3.9417,0.0800,0.0100,0.0027,0.0474,-1.0772,1.0629
2026-09-16T20:24:37.632Z,0.0911,0.0029,0.0052,0.0462,-1.0955,6.7157,0.0428,0.0026,0.0028,0.0143,-0.6619,2.8375,0.0769,0.0138,0.0041,0.0350,-1.2430,1.0735
2026-09-16T20:24:38.622Z,0.0929,0.0160,0.0025,0.0388,-1.0721,0.5807,0.0375,0.0060,0.0004,0.0181,0.0498,1.3365,0.0751,0.0059,0.0051,0.0466,-0.4877,1.9898
2026-09-16T20:24:39.631Z,0.0916,0.0057,0.0043,0.0644,-1.2417,1.4327,0.0294,0.0034,0.0017,0.0058,0.5954,1.8925,0.0796,0.0145,0.0073,0.0331,-1.2716,0.9534
2026-09-16T20:24:40.632Z,0.0935,0.0074,0.0029,0.0679,-0.4187,1.2938,0.0334,0.0012,0.0024,0.0147,0.3523,3.4430,0.0814,0.0173,0.0051,0.0466,-1.0353,0.5323
2026-09-16T20:24:41.632Z,0.0863,0.0006,0.0048,0.0657,-0.2242,9.9807,0.0387,0.0015,0.0050,0.0207,0.3299,4.2005,0.0787,0.0064,0.0031,0.0517,-1.1335,1.7618
2026-09-16T20:24:42.640Z,0.0899,0.0043,0.0109,0.0495,-1.4008,3.7260,0.0469,0.0012,0.0028,0.0253,-0.5512,5.4195,0.0777,0.0046,0.0102,0.0470,-1.3286,3.2936
2026-09-16T20:24:43.651Z,0.0896,0.0023,0.0038,0.0514,-1.1923,7.0126,0.0417,0.0028,0.0008,0.0217,0.2984,2.7921,0.0735,0.0033,0.0081,0.0447,-0.7241,3.2096
2026-09-16T20:24:44.638Z,0.0899,0.0181,0.0046,0.0365,-0.9513,1.1394,0.0369,0.0020,0.0021,0.0108,0.0260,3.3826,0.0784,0.0013,0.0079,0.0459,-1.1302,7.9494
2026-09-16T20:24:45.645Z,0.0971,0.0138,0.0046,0.0547,-1.0883,1.3177,0.0297,0.0027,0.0015,0.0072,0.8874,2.5303,0.0790,0.0105,0.0055,0.0293,-1.2277,1.1823
2026-09-16T20:24:46.641Z,0.0942,0.0084,0.0055,0.0606,-0.7701,2.1924,0.0296,0.0010,0.0028,0.0066,1.0011,7.0746,0.0787,0.0081,0.0055,0.0430,-1.1636,2.3638
2026-09-16T20:24:47.689Z,0.0969,0.0038,0.0052,0.0244,-0.0987,4.9096,0.0492,0.0034,0.0060,0.0120,0.1798,3.8141,0.0836,0.0088,0.0042,0.0233,-0.9420,2.0019
2026-09-16T20:24:48.689Z,0.1022,0.0087,0.0058,0.0536,-0.5381,1.8948,0.0507,0.0035,0.0030,0.0162,-0.1098,2.0841,0.0819,0.0050,0.0008,0.0394,-0.8753,1.1576
2026-09-16T20:24:49.683Z,0.0964,0.0243,0.0131,0.0476,-0.7894,1.0808,0.0678,0.0079,0.0009,0.0218,-0.3884,2.5400,0.0844,0.0085,0.0093,0.0441,-0.8662,2.0482
2026-09-16T20:24:50.683Z,0.0942,0.0065,0.0041,0.0567,-1.2097,1.5287,0.0516,0.0061,0.0032,0.0207,-0.1418,1.0441,0.0803,0.0028,0.0034,0.0485,-0.9680,3.1390
2026-09-16T20:24:51.692Z,0.0978,0.0024,0.0081,0.0486,-0.4570,8.1158,0.0468,0.0081,0.0038,0.0170,0.1453,0.7145,0.0773,0.0032,0.0028,0.0424,-0.6568,3.1473
2026-09-16T20:24:52.691Z,0.0977,0.0144,0.0181,0.0573,-0.4644,1.8896,0.0555,0.0037,0.0045,0.0124,-0.1392,2.5405,0.0834,0.0020,0.0045,0.0500,-0.7295,7.0856
2026-09-16T20:24:53.697Z,0.0940,0.0039,0.0013,0.0509,-0.9349,2.8329,0.0345,0.0030,0.0036,0.0063,0.9962,1.8563,0.0787,0.0027,0.0041,0.0414,-1.2857,4.8932
2026-09-16T20:24:54.712Z,0.0942,0.0123,0.0031,0.0644,-0.5671,1.0683,0.0322,0.0012,0.0013,0.0096,-0.5971,6.4376,0.0797,0.0088,0.0060,0.0388,-1.1519,1.1466
2026-09-16T20:24:55.697Z,0.0887,0.0062,0.0024,0.0640,-0.2397,1.9813,0.0392,0.0037,0.0004,0.0157,-0.5697,1.3952,0.0755,0.0101,0.0018,0.0423,-1.1161,1.4451
2026-09-16T20:24:56.713Z,0.0933,0.0103,0.0100,0.0511,-0.7941,1.8579,0.0559,0.0036,0.0054,0.0193,0.4789,3.2824,0.0753,0.0060,0.0143,0.0417,-1.1748,3.0378
2026-09-16T20:24:57.726Z,0.0916,0.0075,0.0045,0.0426,-1.4834,3.2801,0.0493,0.0065,0.0027,0.0152,-0.4747,1.0423,0.0739,0.0066,0.0038,0.0232,-1.0086,1.7158
2026-09-16T20:24:58.726Z,0.0904,0.0039,0.0073,0.0411,-1.0424,4.3240,0.0373,0.0042,0.0043,0.0161,0.3897,1.3480,0.0774,0.0095,0.0045,0.0406,-0.8567,1.1787
2026-09-16T20:24:59.729Z,0.0916,0.0114,0.0024,0.0460,-1.1129,1.3695,0.0403,0.0022,0.0028,0.0145,-0.0147,3.9096,0.0783,0.0073,0.0122,0.0409,-0.8933,2.0353
2026-09-16T20:25:00.730Z,0.0904,0.0043,0.0049,0.0512,-1.0961,3.1595,0.0357,0.0033,0.0006,0.0093,0.1916,1.7640,0.0828,0.0066,0.0042,0.0487,-1.3413,1.8045
2026-09-16T20:25:01.731Z,0.0908,0.0046,0.0046,0.0535,-1.0879,3.9591,0.0297,0.0016,0.0038,0.0067,0.2916,3.3973,0.0781,0.0150,0.0045,0.0447,-1.2232,0.4885
2026-09-16T20:25:02.723Z,0.0968,0.0015,0.0027,0.0614,-0.6220,9.9326,0.0396,0.0037,0.0028,0.0124,0.6267,1.6380,0.0813,0.0107,0.0092,0.0452,-1.1259,1.2672
2026-09-16T20:25:03.724Z,0.0935,0.0039,0.0018,0.0683,-0.2091,4.0164,0.0429,0.0023,0.0023,0.0237,0.0112,1.4625,0.0810,0.0020,0.0085,0.0461,-1.0237,8.2244
2026-09-16T20:25:04.749Z,0.0923,0.0056,0.0099,0.0478,-0.7532,2.7205,0.0486,0.0044,0.0068,0.0153,-0.3455,2.1410,0.0786,0.0131,0.0047,0.0359,-1.3508,1.4019
2026-09-16T20:25:05.743Z,0.0940,0.0092,0.0039,0.0566,-1.4236,2.2369,0.0454,0.0046,0.0047,0.0212,-0.3836,1.8848,0.0781,0.0093,0.0077,0.0424,-1.1590,1.7712
2026-09-16T20:25:06.744Z,0.0924,0.0205,0.0061,0.0549,-1.3753,0.7930,0.0466,0.0063,0.0012,0.0247,-0.6950,0.9924,0.0746,0.0021,0.0101,0.0331,-0.8881,6.7514
2026-09-16T20:25:07.772Z,0.0941,0.0021,0.0134,0.0315,-1.1960,9.3997,0.0428,0.0028,0.0082,0.0180,-0.0957,3.1654,0.0768,0.0099,0.0028,0.0352,-0.5512,2.2443
2026-09-16T20:25:08.806Z,0.0932,0.0049,0.0014,0.0343,-0.5514,1.9879,0.0337,0.0073,0.0038,0.0056,-0.1260,0.8188,0.0754,0.0025,0.0034,0.0274,-0.8823,2.6628
2026-09-16T20:25:09.811Z,0.0995,0.0073,0.0029,0.0520,-1.1106,2.1959,0.0361,0.0060,0.0025,0.0128,-0.3685,0.4542,0.0804,0.0117,0.0053,0.0498,-1.2685,0.9935
2026-09-16T20:25:10.810Z,0.0897,0.0043,0.0044,0.0598,-0.7889,2.7808,0.0414,0.0034,0.0023,0.0122,0.5015,2.2283,0.0807,0.0105,0.0022,0.0430,-1.1380,1.1994
2026-09-16T20:25:11.809Z,0.0895,0.0147,0.0042,0.0407,-0.3798,0.6529,0.0414,0.0050,0.0021,0.0169,0.8073,1.4059,0.0813,0.0085,0.0032,0.0376,-0.9301,0.9245
2026-09-16T20:25:12.805Z,0.0906,0.0040,0.0037,0.0517,-0.9526,2.5172,0.0542,0.0052,0.0044,0.0180,-0.2630,1.7662,0.0778,0.0058,0.0032,0.0388,-1.1589,1.8108
2026-09-16T20:25:13.806Z,0.0914,0.0166,0.0068,0.0471,-1.2282,0.8401,0.0472,0.0024,0.0024,0.0242,-0.1028,2.3967,0.0769,0.0120,0.0047,0.0501,-0.5683,1.2920
2026-09-16T20:25:14.808Z,0.0928,0.0181,0.0048,0.0457,-1.1069,1.1759,0.0403,0.0049,0.0014,0.0087,-0.3230,0.9441,0.0828,0.0070,0.0041,0.0496,-1.1814,1.8958
2026-09-16T20:25:15.825Z,0.0933,0.0066,0.0112,0.0552,-0.2874,2.0654,0.0334,0.0056,0.0022,0.0104,0.8833,1.2389,0.0822,0.0025,0.0029,0.0545,-1.0740,5.2619
2026-09-16T20:25:16.826Z,0.0977,0.0077,0.0017,0.0539,-1.1677,2.1668,0.0463,0.0027,0.0015,0.0281,0.0873,3.1206,0.0807,0.0102,0.0051,0.0443,-1.1578,0.9910
2026-09-16T20:25:17.849Z,0.0948,0.0046,0.0081,0.0409,-1.1823,3.6385,0.0396,0.0044,0.0051,0.0094,0.1268,1.4060,0.0753,0.0101,0.0037,0.0330,-0.9439,0.8193
2026-09-16T20:25:18.871Z,0.0903,0.0052,0.0057,0.0338,-0.8331,3.4360,0.0361,0.0017,0.0012,0.0085,-0.0862,2.8227,0.0832,0.0001,0.0086,0.0338,-1.1028,116.9818
2026-09-16T20:25:19.858Z,0.0909,0.0075,0.0058,0.0515,-0.5867,1.3530,0.0481,0.0071,0.0053,0.0150,0.5603,1.1668,0.0738,0.0031,0.0057,0.0559,-1.0965,2.8098
2026-09-16T20:25:20.871Z,0.0956,0.0075,0.0132,0.0569,-0.7463,1.8769,0.0564,0.0052,0.0054,0.0150,0.2746,1.9043,0.0820,0.0066,0.0079,0.0486,-0.7608,1.5097
2026-09-16T20:25:21.871Z,0.0905,0.0048,0.0027,0.0572,-1.0724,2.5786,0.0349,0.0039,0.0016,0.0080,0.3874,1.4945,0.0847,0.0147,0.0059,0.0547,-1.1448,0.7260
2026-09-16T20:25:22.856Z,0.0865,0.0023,0.0032,0.0576,-0.2739,2.9570,0.0427,0.0044,0.0003,0.0159,0.0787,0.8225,0.0802,0.0042,0.0027,0.0515,-1.1296,2.6710
2026-09-16T20:25:23.863Z,0.0933,0.0049,0.0027,0.0598,-1.1753,1.5820,0.0476,0.0057,0.0013,0.0265,-0.7820,0.9552,0.0758,0.0049,0.0095,0.0428,-1.1222,2.5616
2026-09-16T20:25:24.872Z,0.0964,0.0131,0.0106,0.0431,-1.1550,1.5771,0.0415,0.0028,0.0042,0.0155,0.2136,2.9286,0.0801,0.0128,0.0049,0.0481,-1.0028,0.9333
2026-09-16T20:25:25.871Z,0.0945,0.0101,0.0026,0.0629,-0.7681,1.4286,0.0342,0.0029,0.0020,0.0104,1.4558,2.3515,0.0828,0.0244,0.0079,0.0342,-1.1676,0.4364
2026-09-16T20:25:26.889Z,0.0935,0.0151,0.0010,0.0440,-0.3686,1.1735,0.0480,0.0025,0.0030,0.0188,0.3468,2.6141,0.0777,0.0050,0.0044,0.0265,-1.3566,2.7938
2026-09-16T20:25:27.907Z,0.0952,0.0088,0.0059,0.0437,-1.3871,1.8730,0.0497,0.0029,0.0012,0.0242,-0.6904,2.3862,0.0753,0.0058,0.0055,0.0381,-0.9459,2.0162
2026-09-16T20:25:28.945Z,0.0947,0.0071,0.0111,0.0205,-1.1080,2.7262,0.0284,0.0051,0.0012,0.0064,1.4352,1.2836,0.0820,0.0020,0.0066,0.0300,-1.1167,5.7986
2026-09-16T20:25:29.953Z,0.0961,0.0069,0.0090,0.0499,-1.0094,1.9447,0.0328,0.0043,0.0027,0.0086,0.6239,1.1499,0.0778,0.0078,0.0112,0.0333,-1.1860,2.0204
2026-09-16T20:25:30.951Z,0.0912,0.0093,0.0091,0.0550,0.0668,2.2169,0.0410,0.0013,0.0002,0.0180,0.5812,5.1463,0.0801,0.0019,0.0065,0.0461,-1.0599,6.9881
2026-09-16T20:25:31.951Z,0.0919,0.0102,0.0042,0.0544,-0.6842,1.7961,0.0413,0.0048,0.0021,0.0181,-0.6243,2.7484,0.0737,0.0043,0.0077,0.0392,-1.3273,2.8908
2026-09-16T20:25:32.950Z,0.0898,0.0016,0.0038,0.0577,-1.4332,6.0619,0.0472,0.0071,0.0039,0.0216,-0.6250,0.9476,0.0749,0.0059,0.0020,0.0320,-1.0478,1.7060
2026-09-16T20:25:33.940Z,0.0910,0.0138,0.0070,0.0374,-1.0836,0.7111,0.0441,0.0012,0.0010,0.0198,-0.4474,5.7320,0.0750,0.0128,0.0068,0.0491,-0.5184,0.8916
2026-09-16T20:25:34.950Z,0.0947,0.0080,0.0051,0.0514,-0.9676,1.1708,0.0374,0.0082,0.0017,0.0146,0.2199,0.5769,0.0763,0.0113,0.0035,0.0359,-1.0181,0.5399
2026-09-16T20:25:35.941Z,0.0848,0.0107,0.0014,0.0442,-1.1602,0.9849,0.0366,0.0044,0.0036,0.0107,0.2893,1.1790,0.0778,0.0058,0.0009,0.0504,-1.3314,1.7366
2026-09-16T20:25:36.940Z,0.0934,0.0069,0.0054,0.0749,-0.7876,1.3166,0.0395,0.0029,0.0017,0.0147,0.0393,1.8052,0.0742,0.0062,0.0081,0.0388,-0.8078,2.1893
2026-09-16T20:25:37.974Z,0.0896,0.0110,0.0103,0.0527,-0.5153,1.4321,0.0404,0.0015,0.0038,0.0172,0.0648,4.6436,0.0784,0.0131,0.0084,0.0542,-0.9471,1.0270
2026-09-16T20:25:39.006Z,0.0915,0.0023,0.0042,0.0353,-0.7831,4.0096,0.0460,0.0044,0.0035,0.0199,-0.3609,1.8650,0.0808,0.0054,0.0025,0.0288,-1.4203,1.5757
2026-09-16T20:25:40.005Z,0.0889,0.0070,0.0055,0.0440,-1.3214,2.2440,0.0512,0.0021,0.0020,0.0217,0.4319,3.2271,0.0762,0.0048,0.0050,0.0391,-0.9558,1.7311
2026-09-16T20:25:41.007Z,0.0936,0.0040,0.0116,0.0552,-0.9954,4.0768,0.0402,0.0044,0.0010,0.0118,0.0403,1.9101,0.0768,0.0100,0.0077,0.0461,-0.5823,1.9201
2026-09-16T20:25:42.012Z,0.0915,0.0050,0.0015,0.0557,-0.9838,2.2697,0.0511,0.0059,0.0032,0.0101,2.0870,0.6304,0.0819,0.0117,0.0091,0.0482,-0.8209,1.0839
2026-09-16T20:25:43.010Z,0.0945,0.0028,0.0013,0.0613,-0.5511,2.7396,0.0409,0.0027,0.0042,0.0080,0.3834,1.9343,0.0789,0.0050,0.0103,0.0465,-1.0434,2.2069
2026-09-16T20:25:44.007Z,0.0919,0.0069,0.0026,0.0543,-0.0762,1.1906,0.0416,0.0060,0.0002,0.0163,0.6640,0.9754,0.0821,0.0051,0.0035,0.0368,-1.1561,1.4459
2026-09-16T20:25:45.003Z,0.0948,0.0131,0.0060,0.0633,-1.0810,0.7282,0.0425,0.0050,0.0007,0.0202,-0.3629,1.4616,0.0777,0.0076,0.0085,0.0432,-1.2414,1.6085
2026-09-16T20:25:46.006Z,0.0934,0.0041,0.0073,0.0474,-1.3929,3.8575,0.0431,0.0039,0.0051,0.0217,-0.5192,2.4815,0.0799,0.0149,0.0020,0.0394,-0.7491,0.9040
2026-09-16T20:25:47.007Z,0.0925,0.0079,0.0074,0.0539,-0.9862,2.2741,0.0457,0.0035,0.0022,0.0210,0.1593,3.6455,0.0799,0.0048,0.0071,0.0504,-0.8089,2.3533
2026-09-16T20:25:48.006Z,0.0960,0.0021,0.0008,0.0482,-0.5946,10.7748,0.0333,0.0047,0.0036,0.0123,0.9197,2.0429,0.0775,0.0042,0.0021,0.0496,-1.2100,2.8344
2026-09-16T20:25:49.028Z,0.0965,0.0103,0.0070,0.0405,-0.2020,1.2403,0.0399,0.0013,0.0026,0.0132,-0.1195,6.3162,0.0804,0.0043,0.0089,0.0279,-1.1699,3.2555
2026-09-16T20:25:50.045Z,0.0923,0.0081,0.0091,0.0482,-1.2642,1.9355,0.0410,0.0033,0.0019,0.0140,-0.1156,2.5231,0.0781,0.0111,0.0064,0.0320,-1.1197,0.9429
2026-09-16T20:25:51.051Z,0.0948,0.0130,0.0064,0.0534,-1.0784,0.7527,0.0362,0.0045,0.0035,0.0105,0.2239,1.7752,0.0788,0.0018,0.0077,0.0481,-1.1860,7.3676
2026-09-16T20:25:52.052Z,0.0950,0.0186,0.0050,0.0587,-0.6730,0.8239,0.0404,0.0013,0.0022,0.0200,0.3556,4.1967,0.0746,0.0023,0.0018,0.0484,-0.9167,6.2704
2026-09-16T20:25:53.052Z,0.0927,0.0040,0.0060,0.0445,-1.1834,4.3410,0.0418,0.0038,0.0033,0.0188,0.0697,2.4968,0.0741,0.0070,0.0022,0.0489,-1.0663,1.5561
2026-09-16T20:25:54.050Z,0.0911,0.0064,0.0019,0.0452,-1.1132,2.2221,0.0336,0.0022,0.0014,0.0062,0.6628,3.0071,0.0784,0.0041,0.0044,0.0434,-1.3155,4.9738
2026-09-16T20:25:55.051Z,0.0942,0.0077,0.0025,0.0526,-0.6518,1.9559,0.0396,0.0034,0.0037,0.0196,0.6547,2.0198,0.0813,0.0113,0.0054,0.0517,-1.1481,0.9858
2026-09-16T20:25:56.051Z,0.0960,0.0062,0.0057,0.0351,-1.2783,2.1385,0.0393,0.0029,0.0022,0.0168,0.2655,1.8848,0.0805,0.0132,0.0052,0.0375,-0.9392,0.9436
2026-09-16T20:25:57.052Z,0.0957,0.0082,0.0053,0.0628,-0.6469,1.5524,0.0393,0.0019,0.0053,0.0139,-0.0571,4.6579,0.0834,0.0180,0.0058,0.0431,-1.2689,0.4189
2026-09-16T20:25:58.051Z,0.0907,0.0033,0.0041,0.0466,-1.2842,3.8551,0.0418,0.0015,0.0050,0.0195,0.1018,5.8476,0.0764,0.0104,0.0052,0.0436,-0.9784,1.2472
2026-09-16T20:25:59.091Z,0.0979,0.0064,0.0069,0.0323,-0.7431,3.0780,0.0393,0.0041,0.0016,0.0087,0.6933,1.5633,0.0778,0.0031,0.0102,0.0211,-1.1427,4.0491
2026-09-16T20:26:00.091Z,0.0899,0.0039,0.0071,0.0441,-1.0855,3.8984,0.0418,0.0019,0.0019,0.0201,-0.1974,3.0596,0.0785,0.0133,0.0065,0.0314,-0.9300,0.9860
2026-09-16T20:26:01.101Z,0.0912,0.0038,0.0035,0.0555,-0.7354,3.3034,0.0395,0.0061,0.0031,0.0092,0.2628,1.2516,0.0799,0.0083,0.0052,0.0365,-1.0666,1.3971
2026-09-16T20:26:02.098Z,0.0917,0.0146,0.0041,0.0494,-0.8795,1.3374,0.0499,0.0055,0.0011,0.0216,-0.6071,0.4907,0.0777,0.0133,0.0087,0.0493,-1.1786,1.0383
2026-09-16T20:26:03.112Z,0.0943,0.0080,0.0033,0.0547,-1.1532,1.5347,0.0373,0.0032,0.0007,0.0122,0.2849,1.3452,0.0812,0.0032,0.0048,0.0478,-0.8607,4.7637
2026-09-16T20:26:04.106Z,0.0918,0.0054,0.0077,0.0608,-0.4646,1.7215,0.0435,0.0013,0.0048,0.0254,0.0828,5.6416,0.0812,0.0084,0.0024,0.0506,-1.0652,1.4202
2026-09-16T20:26:05.106Z,0.0873,0.0043,0.0128,0.0455,-1.2517,4.3405,0.0425,0.0045,0.0013,0.0235,0.2022,1.1133,0.0793,0.0101,0.0111,0.0450,-1.0105,1.7020
2026-09-16T20:26:06.107Z,0.0929,0.0135,0.0067,0.0548,-1.1403,1.4412,0.0343,0.0051,0.0005,0.0090,1.0640,0.6130,0.0760,0.0098,0.0034,0.0336,-1.1002,1.7478
2026-09-16T20:26:07.108Z,0.0886,0.0070,0.0048,0.0519,-0.2715,1.8958,0.0395,0.0006,0.0019,0.0197,0.2729,7.8971,0.0775,0.0181,0.0078,0.0402,-1.0151,0.8211
2026-09-16T20:26:08.108Z,0.0931,0.0044,0.0020,0.0434,-1.3516,1.6442,0.0422,0.0025,0.0010,0.0190,-0.3538,2.5900,0.0732,0.0057,0.0045,0.0418,-0.9930,1.7833
2026-09-16T20:26:09.130Z,0.0901,0.0108,0.0105,0.0380,-1.1019,1.3564,0.0417,0.0007,0.0019,0.0071,-0.0226,10.3633,0.0781,0.0128,0.0051,0.0330,-1.2872,0.6949
2026-09-16T20:26:10.150Z,0.0958,0.0105,0.0048,0.0464,-0.5153,1.4550,0.0368,0.0027,0.0032,0.0119,0.2594,2.9568,0.0786,0.0030,0.0049,0.0405,-0.7209,3.5512
2026-09-16T20:26:11.146Z,0.0936,0.0088,0.0057,0.0519,-0.6960,1.9396,0.0455,0.0057,0.0018,0.0224,-0.2221,1.0268,0.0799,0.0045,0.0017,0.0395,-1.2890,2.0105
2026-09-16T20:26:12.172Z,0.0902,0.0051,0.0064,0.0439,-1.1543,3.8720,0.0498,0.0083,0.0019,0.0261,0.1323,0.9153,0.0791,0.0051,0.0069,0.0309,-0.7489,1.7095
2026-09-16T20:26:13.166Z,0.0954,0.0079,0.0096,0.0553,-1.0136,2.2629,0.0412,0.0071,0.0014,0.0060,0.2444,0.5254,0.0835,0.0031,0.0065,0.0454,-0.9522,4.6053
2026-09-16T20:26:14.172Z,0.0937,0.0071,0.0044,0.0681,-0.8149,2.3438,0.0424,0.0051,0.0024,0.0146,-0.3292,1.2591,0.0804,0.0087,0.0031,0.0487,-0.9722,1.2676
2026-09-16T20:26:15.170Z,0.0913,0.0033,0.0030,0.0728,-0.1503,2.0890,0.0410,0.0049,0.0013,0.0153,1.8661,1.4719,0.0816,0.0125,0.0066,0.0448,-0.9731,1.1970
2026-09-16T20:26:16.166Z,0.0904,0.0045,0.0042,0.0548,-0.7879,1.9826,0.0444,0.0012,0.0021,0.0306,-0.2121,4.5290,0.0792,0.0014,0.0017,0.0467,-1.2150,15.4146
2026-09-16T20:26:17.170Z,0.0893,0.0097,0.0026,0.0436,-1.3906,1.1082,0.0485,0.0021,0.0024,0.0167,0.2095,3.2061,0.0733,0.0060,0.0080,0.0537,-1.0579,1.6980
2026-09-16T20:26:18.172Z,0.0925,0.0182,0.0153,0.0439,-1.1032,0.9856,0.0451,0.0077,0.0074,0.0181,-0.0162,1.3124,0.0766,0.0096,0.0031,0.0438,-0.7529,1.2356
2026-09-16T20:26:19.191Z,0.0903,0.0028,0.0121,0.0383,-0.9146,6.9796,0.0403,0.0029,0.0014,0.0112,0.3203,1.7968,0.0783,0.0110,0.0052,0.0325,-1.1186,1.1574
2026-09-16T20:26:20.207Z,0.1007,0.0018,0.0049,0.0299,-0.8754,7.9610,0.0397,0.0063,0.0021,0.0078,0.1323,0.8605,0.0793,0.0139,0.0064,0.0266,-0.8474,1.4737
2026-09-16T20:26:21.207Z,0.0930,0.0087,0.0030,0.0467,-0.3384,1.5189,0.0473,0.0073,0.0035,0.0187,-0.3843,1.0689,0.0847,0.0073,0.0055,0.0482,-1.3108,1.8904
2026-09-16T20:26:22.206Z,0.0897,0.0120,0.0054,0.0429,-1.1351,0.9869,0.0559,0.0045,0.0043,0.0253,-0.9478,2.0790,0.0798,0.0052,0.0009,0.0462,-0.8985,0.7591
2026-09-16T20:26:23.208Z,0.0936,0.0100,0.0065,0.0316,-1.1181,1.5158,0.0395,0.0047,0.0029,0.0144,0.6323,1.1766,0.0759,0.0056,0.0024,0.0438,-0.8500,1.8206
2026-09-16T20:26:24.226Z,0.0948,0.0032,0.0042,0.0509,-0.4774,7.8086,0.0375,0.0043,0.0010,0.0083,-0.4013,2.0947,0.0774,0.0011,0.0055,0.0441,-1.1665,12.7888
2026-09-16T20:26:25.226Z,0.1035,0.0088,0.0151,0.0481,-0.2168,2.7761,0.0526,0.0045,0.0049,0.0208,0.5503,3.0192,0.0855,0.0113,0.0107,0.0498,-0.7385,1.5328
2026-09-16T20:26:26.231Z,0.1040,0.0055,0.0094,0.0618,-0.3837,3.3755,0.0847,0.0040,0.0071,0.0246,-0.2203,3.4289,0.0865,0.0148,0.0151,0.0364,-1.1903,1.2793
2026-09-16T20:26:27.233Z,0.1019,0.0054,0.0073,0.0682,-0.7730,2.0309,0.0865,0.0061,0.0010,0.0247,-0.3302,1.0909,0.0854,0.0064,0.0087,0.0484,-0.8221,2.2956
2026-09-16T20:26:28.226Z,0.0893,0.0154,0.0092,0.0328,-0.8814,0.7034,0.0493,0.0017,0.0049,0.0137,0.5500,4.4852,0.0807,0.0022,0.0062,0.0401,-0.8620,4.0309
2026-09-16T20:26:29.246Z,0.0935,0.0084,0.0051,0.0504,-1.0830,1.6373,0.0386,0.0050,0.0022,0.0150,-0.2671,1.0327,0.0845,0.0106,0.0139,0.0459,-1.2075,1.9863
2026-09-16T20:26:30.290Z,0.0933,0.0068,0.0045,0.0516,-0.1378,4.1225,0.0380,0.0030,0.0032,0.0114,-0.0142,2.2205,0.0799,0.0094,0.0094,0.0390,-1.0945,2.1117
2026-09-16T20:26:31.291Z,0.0937,0.0099,0.0103,0.0523,-0.7798,1.5271,0.0468,0.0046,0.0044,0.0205,0.1680,1.7830,0.0789,0.0077,0.0052,0.0479,-1.2959,1.1757
2026-09-16T20:26:32.290Z,0.0895,0.0075,0.0035,0.0452,-1.4559,2.8227,0.0445,0.0013,0.0044,0.0205,-0.4694,5.3081,0.0772,0.0106,0.0090,0.0421,-0.8365,1.2785
2026-09-16T20:26:33.291Z,0.0879,0.0213,0.0069,0.0359,-1.0161,0.6024,0.0385,0.0029,0.0028,0.0150,0.6879,2.2374,0.0786,0.0085,0.0077,0.0520,-1.1261,1.3044
2026-09-16T20:26:34.289Z,0.0931,0.0087,0.0062,0.0399,-1.1706,1.2917,0.0325,0.0024,0.0023,0.0078,1.6828,2.5477,0.0798,0.0141,0.0011,0.0454,-1.3908,0.6645
2026-09-16T20:26:35.311Z,0.0955,0.0053,0.0062,0.0484,-0.2709,1.7535,0.0393,0.0050,0.0029,0.0165,0.0151,1.1018,0.0781,0.0158,0.0023,0.0424,-0.8028,0.7394
2026-09-16T20:26:36.298Z,0.0918,0.0104,0.0018,0.0553,-0.4309,1.2057,0.0432,0.0044,0.0017,0.0212,0.0141,1.6036,0.0824,0.0146,0.0101,0.0438,-1.3436,0.8350
2026-09-16T20:26:37.306Z,0.0890,0.0053,0.0059,0.0521,-1.3588,2.2008,0.0465,0.0088,0.0020,0.0202,0.5448,0.8765,0.0750,0.0076,0.0042,0.0372,-1.0737,0.8913
2026-09-16T20:26:38.306Z,0.0900,0.0060,0.0015,0.0541,-1.1702,1.8007,0.0439,0.0038,0.0014,0.0183,0.8367,1.6914,0.0767,0.0051,0.0027,0.0532,-0.6484,1.4410
2026-09-16T20:26:39.322Z,0.0925,0.0033,0.0011,0.0591,-1.1511,5.2899,0.0364,0.0018,0.0013,0.0109,1.0351,6.2015,0.0789,0.0045,0.0022,0.0359,-1.2123,2.8094
2026-09-16T20:26:40.371Z,0.0947,0.0084,0.0022,0.0440,-0.3010,3.0057,0.0415,0.0017,0.0028,0.0109,0.8239,4.6915,0.0798,0.0099,0.0051,0.0294,-0.8586,1.0690
2026-09-16T20:26:41.372Z,0.0962,0.0097,0.0018,0.0613,-0.3226,1.4874,0.0469,0.0038,0.0038,0.0197,0.2532,2.1766,0.0826,0.0080,0.0043,0.0467,-1.3391,2.1995
2026-09-16T20:26:42.371Z,0.0931,0.0044,0.0055,0.0568,-1.4055,2.3452,0.0459,0.0040,0.0050,0.0230,-0.2838,2.0969,0.0771,0.0052,0.0021,0.0505,-1.0094,1.6129
2026-09-16T20:26:43.371Z,0.0894,0.0070,0.0004,0.0640,-0.9422,1.8732,0.0418,0.0008,0.0005,0.0181,-0.4802,8.3197,0.0777,0.0070,0.0096,0.0385,-0.6740,1.5720
2026-09-16T20:26:44.373Z,0.0858,0.0015,0.0045,0.0493,-1.0160,6.1917,0.0369,0.0040,0.0004,0.0106,1.7870,0.8731,0.0774,0.0078,0.0048,0.0411,-1.1965,1.9045
2026-09-16T20:26:45.372Z,0.0953,0.0057,0.0080,0.0691,-0.5311,3.0424,0.0383,0.0014,0.0009,0.0125,0.1184,3.2055,0.0755,0.0101,0.0035,0.0483,-0.7577,2.0578
2026-09-16T20:26:46.392Z,0.0942,0.0092,0.0078,0.0414,-0.1899,1.4807,0.0468,0.0028,0.0055,0.0163,-0.3930,2.9338,0.0791,0.0060,0.0083,0.0455,-1.2096,2.3429
2026-09-16T20:26:47.392Z,0.0949,0.0101,0.0054,0.0565,-1.3832,1.6539,0.0502,0.0049,0.0030,0.0221,-0.0371,1.1474,0.0788,0.0112,0.0112,0.0423,-0.7955,1.4605
2026-09-16T20:26:48.391Z,0.0911,0.0041,0.0076,0.0429,-1.2236,4.0980,0.0372,0.0025,0.0017,0.0116,-0.1126,1.9414,0.0763,0.0077,0.0082,0.0393,-0.7202,2.3861
2026-09-16T20:26:49.391Z,0.0911,0.0068,0.0038,0.0513,-0.9968,1.7889,0.0339,0.0026,0.0022,0.0086,0.2431,1.5391,0.0783,0.0081,0.0056,0.0479,-1.0867,1.5842
2026-09-16T20:26:50.425Z,0.0874,0.0056,0.0041,0.0286,-0.4344,3.0215,0.0402,0.0058,0.0031,0.0147,1.2251,1.0998,0.0772,0.0082,0.0057,0.0268,-1.0191,1.8712
2026-09-16T20:26:51.431Z,0.0919,0.0033,0.0016,0.0603,-0.6961,3.6558,0.0436,0.0030,0.0022,0.0170,-0.6428,2.2570,0.0767,0.0094,0.0021,0.0380,-1.3483,0.7135
2026-09-16T20:26:52.431Z,0.0901,0.0053,0.0053,0.0417,-1.5092,3.4574,0.0482,0.0019,0.0027,0.0244,-0.1555,4.9099,0.0766,0.0120,0.0070,0.0451,-1.1191,1.3133
2026-09-16T20:26:53.423Z,0.0868,0.0145,0.0014,0.0362,-1.2743,0.8055,0.0457,0.0101,0.0024,0.0240,-0.5813,0.8911,0.0801,0.0132,0.0030,0.0444,-0.7214,0.6543
2026-09-16T20:26:54.431Z,0.0953,0.0070,0.0034,0.0578,-0.9382,0.9890,0.0354,0.0050,0.0004,0.0115,-0.7546,0.9220,0.0735,0.0033,0.0040,0.0421,-0.9743,2.6163
2026-09-16T20:26:55.431Z,0.0879,0.0081,0.0006,0.0464,-1.1159,0.8604,0.0347,0.0014,0.0021,0.0103,1.1397,4.7784,0.0777,0.0079,0.0022,0.0338,-1.3429,1.5609
2026-09-16T20:26:56.428Z,0.0932,0.0044,0.0038,0.0644,-1.1855,3.1864,0.0295,0.0086,0.0003,0.0108,1.2603,0.7976,0.0782,0.0066,0.0076,0.0485,-1.2976,3.0199
2026-09-16T20:26:57.432Z,0.0903,0.0062,0.0027,0.0540,-1.1281,2.7099,0.0356,0.0028,0.0044,0.0100,0.1427,2.8800,0.0771,0.0100,0.0038,0.0459,-1.2347,1.0345
2026-09-16T20:26:58.452Z,0.0897,0.0082,0.0099,0.0504,-1.2097,1.4790,0.0361,0.0026,0.0024,0.0088,-0.0827,1.7881,0.0746,0.0050,0.0006,0.0455,-1.1859,3.6635
2026-09-16T20:26:59.450Z,0.0915,0.0180,0.0041,0.0435,-1.1452,0.5238,0.0339,0.0017,0.0038,0.0101,0.3183,3.7866,0.0753,0.0096,0.0079,0.0504,-1.1365,1.4479
2026-09-16T20:27:00.491Z,0.0903,0.0101,0.0098,0.0279,-1.0296,1.3372,0.0382,0.0020,0.0026,0.0110,0.0386,4.8523,0.0796,0.0069,0.0055,0.0211,-0.9072,1.8806
2026-09-16T20:27:01.486Z,0.0955,0.0029,0.0046,0.0474,-1.4391,3.0294,0.0534,0.0066,0.0035,0.0245,-0.2776,1.1228,0.0748,0.0092,0.0040,0.0369,-0.8323,1.4632
2026-09-16T20:27:02.487Z,0.0925,0.0033,0.0069,0.0550,-1.0420,4.0533,0.0501,0.0023,0.0054,0.0248,-0.0230,3.2600,0.0756,0.0085,0.0069,0.0406,-1.2589,1.6743
2026-09-16T20:27:03.492Z,0.0942,0.0081,0.0028,0.0577,-0.0324,1.6912,0.0449,0.0093,0.0047,0.0203,0.4456,0.7548,0.0780,0.0139,0.0048,0.0374,-1.1911,1.0373
2026-09-16T20:27:04.491Z,0.0954,0.0032,0.0039,0.0569,-0.7213,3.3368,0.0387,0.0044,0.0006,0.0131,0.0125,1.1209,0.0718,0.0018,0.0058,0.0399,-0.9279,6.0452
2026-09-16T20:27:05.489Z,0.0908,0.0109,0.0039,0.0473,-1.1336,1.1123,0.0310,0.0007,0.0020,0.0099,0.9036,8.5816,0.0783,0.0079,0.0032,0.0429,-1.2790,1.4799
2026-09-16T20:27:06.491Z,0.0981,0.0051,0.0049,0.0564,-0.7893,3.9698,0.0394,0.0066,0.0023,0.0140,0.7918,0.9298,0.0770,0.0070,0.0026,0.0429,-1.0028,1.3855
2026-09-16T20:27:07.492Z,0.0898,0.0075,0.0046,0.0364,-0.9909,1.7368,0.0528,0.0068,0.0046,0.0114,0.0790,1.2202,0.0824,0.0131,0.0011,0.0527,-0.7800,0.6989
2026-09-16T20:27:08.489Z,0.0972,0.0055,0.0053,0.0630,-1.0420,1.9341,0.0475,0.0066,0.0058,0.0276,-0.1415,1.1786,0.0745,0.0131,0.0020,0.0465,-0.5627,0.7495
2026-09-16T20:27:09.512Z,0.0930,0.0146,0.0084,0.0329,-1.2978,0.8835,0.0467,0.0032,0.0025,0.0148,-0.2002,1.7132,0.0758,0.0087,0.0090,0.0281,-0.7287,1.4661
2026-09-16T20:27:10.551Z,0.0960,0.0083,0.0092,0.0387,-1.4621,2.2403,0.0459,0.0030,0.0057,0.0141,-0.3071,3.2808,0.0747,0.0060,0.0078,0.0287,-0.7865,3.9269
2026-09-16T20:27:11.550Z,0.0986,0.0095,0.0058,0.0582,-1.4020,1.8189,0.0544,0.0017,0.0011,0.0271,-0.6212,4.0547,0.0781,0.0075,0.0050,0.0522,-0.7099,1.4228
2026-09-16T20:27:12.540Z,0.0934,0.0067,0.0132,0.0460,-1.2748,3.1330,0.0549,0.0041,0.0058,0.0215,0.0057,3.8304,0.0767,0.0082,0.0076,0.0497,-0.8490,1.5194
2026-09-16T20:27:13.538Z,0.0994,0.0135,0.0120,0.0554,-1.2685,1.1990,0.0473,0.0022,0.0023,0.0228,-0.0053,4.6106,0.0764,0.0029,0.0121,0.0442,-0.5884,5.1025
2026-09-16T20:27:14.551Z,0.0951,0.0139,0.0030,0.0610,-1.2459,0.8216,0.0450,0.0043,0.0055,0.0239,-0.4207,1.4836,0.0705,0.0052,0.0056,0.0421,-0.5643,2.0186
2026-09-16T20:27:15.552Z,0.0949,0.0022,0.0050,0.0449,-1.0842,8.3381,0.0420,0.0024,0.0056,0.0212,-0.2261,3.6724,0.0784,0.0045,0.0036,0.0474,-0.6620,3.7989
2026-09-16T20:27:16.550Z,0.0898,0.0078,0.0047,0.0378,-1.0676,1.6229,0.0338,0.0019,0.0059,0.0110,0.3422,5.1407,0.0815,0.0053,0.0028,0.0452,-0.8343,2.5597
2026-09-16T20:27:17.550Z,0.0937,0.0066,0.0031,0.0490,-1.1455,2.6554,0.0334,0.0051,0.0023,0.0096,-0.2415,0.8231,0.0783,0.0063,0.0042,0.0471,-1.1491,2.0057
2026-09-16T20:27:18.550Z,0.0919,0.0080,0.0053,0.0500,-0.4378,1.6121,0.0390,0.0058,0.0019,0.0155,0.8093,1.0420,0.0807,0.0036,0.0045,0.0451,-0.9764,2.2663
2026-09-16T20:27:19.542Z,0.0949,0.0028,0.0052,0.0629,-0.5127,3.7949,0.0474,0.0045,0.0060,0.0256,-0.2607,2.0947,0.0784,0.0074,0.0022,0.0539,-1.3628,1.6043
2026-09-16T20:27:20.568Z,0.0920,0.0037,0.0033,0.0517,-1.3729,3.3447,0.0454,0.0047,0.0010,0.0183,-0.5227,1.0267,0.0784,0.0126,0.0094,0.0436,-0.9662,1.2821
2026-09-16T20:27:21.583Z,0.0914,0.0184,0.0035,0.0256,-1.1112,0.4705,0.0358,0.0038,0.0043,0.0059,-0.6459,2.0580,0.0750,0.0096,0.0049,0.0277,-0.9339,1.0994
2026-09-16T20:27:22.580Z,0.0932,0.0073,0.0051,0.0545,-0.4469,1.8241,0.0421,0.0019,0.0033,0.0130,-0.3791,3.2526,0.0780,0.0096,0.0111,0.0399,-1.0164,1.4646
2026-09-16T20:27:23.592Z,0.1005,0.0174,0.0050,0.0614,-0.6857,0.5322,0.0465,0.0027,0.0074,0.0237,-0.1243,3.2289,0.0776,0.0036,0.0011,0.0466,-1.1511,2.3088
2026-09-16T20:27:24.589Z,0.0915,0.0084,0.0029,0.0380,-1.3494,1.1612,0.0449,0.0029,0.0008,0.0196,-0.0711,2.3945,0.0724,0.0100,0.0086,0.0399,-0.5311,1.3432
2026-09-16T20:27:25.592Z,0.0916,0.0056,0.0047,0.0474,-1.1656,2.0906,0.0296,0.0029,0.0013,0.0134,1.2544,1.7304,0.0793,0.0067,0.0037,0.0448,-1.1837,1.8419
2026-09-16T20:27:26.593Z,0.0957,0.0103,0.0020,0.0605,-0.1771,0.4332,0.0364,0.0021,0.0025,0.0178,2.0027,2.9656,0.0800,0.0018,0.0032,0.0403,-1.0640,5.1026
2026-09-16T20:27:27.591Z,0.0939,0.0192,0.0023,0.0396,-0.7229,0.5399,0.0462,0.0021,0.0004,0.0238,-0.2480,2.9921,0.0772,0.0157,0.0086,0.0520,-1.1580,0.9318
2026-09-16T20:27:28.593Z,0.0896,0.0010,0.0011,0.0442,-1.1516,9.5034,0.0410,0.0036,0.0014,0.0225,0.2407,1.2348,0.0745,0.0108,0.0025,0.0440,-0.7679,0.7279
2026-09-16T20:27:29.590Z,0.0901,0.0017,0.0058,0.0478,-1.0982,12.6574,0.0405,0.0028,0.0005,0.0137,0.7106,0.5989,0.0770,0.0044,0.0041,0.0454,-1.2458,2.2316
2026-09-16T20:27:30.612Z,0.0936,0.0144,0.0052,0.0530,-0.3799,0.6623,0.0414,0.0015,0.0043,0.0202,0.0808,7.6833,0.0798,0.0117,0.0047,0.0371,-1.0271,1.1693
2026-09-16T20:27:31.631Z,0.0946,0.0066,0.0040,0.0473,-0.7216,2.6844,0.0475,0.0018,0.0024,0.0216,-0.1005,6.1300,0.0836,0.0070,0.0086,0.0447,-1.2735,2.1641
2026-09-16T20:27:32.642Z,0.1003,0.0213,0.0036,0.0485,-1.1979,0.8006,0.0558,0.0056,0.0035,0.0200,0.2488,1.3987,0.0766,0.0129,0.0051,0.0309,-0.7689,1.1685
2026-09-16T20:27:33.650Z,0.0917,0.0102,0.0063,0.0637,-0.9150,1.2676,0.0380,0.0031,0.0034,0.0119,0.3279,2.2598,0.0798,0.0096,0.0023,0.0413,-1.1965,0.7497
2026-09-16T20:27:34.642Z,0.0976,0.0018,0.0037,0.0795,-0.7652,6.8024,0.0386,0.0055,0.0034,0.0123,-0.4772,1.2983,0.0792,0.0029,0.0084,0.0463,-0.9401,6.0601
2026-09-16T20:27:35.650Z,0.0949,0.0084,0.0018,0.0696,0.0182,1.2018,0.0434,0.0049,0.0012,0.0241,-0.2350,1.1717,0.0839,0.0029,0.0072,0.0431,-1.1719,5.1157
2026-09-16T20:27:36.646Z,0.0938,0.0041,0.0017,0.0628,-1.1644,2.1909,0.0477,0.0044,0.0014,0.0195,-0.4328,1.8705,0.0765,0.0103,0.0051,0.0388,-1.1298,1.1729
2026-09-16T20:27:37.650Z,0.0941,0.0208,0.0068,0.0488,-1.1490,0.5937,0.0414,0.0031,0.0021,0.0174,-0.6251,2.2850,0.0778,0.0133,0.0018,0.0439,-0.7394,0.9133
2026-09-16T20:27:38.642Z,0.0919,0.0106,0.0045,0.0424,-1.2692,0.9198,0.0323,0.0017,0.0015,0.0067,-0.0628,3.4179,0.0810,0.0100,0.0029,0.0411,-1.3723,1.3831
2026-09-16T20:27:39.644Z,0.0963,0.0048,0.0043,0.0580,-0.2515,2.2045,0.0348,0.0013,0.0007,0.0122,0.5179,4.9990,0.0746,0.0039,0.0071,0.0388,-0.9943,4.0540
2026-09-16T20:27:40.652Z,0.0922,0.0057,0.0095,0.0486,-0.5880,3.4782,0.0471,0.0039,0.0045,0.0285,-0.4043,2.0573,0.0770,0.0043,0.0092,0.0355,-1.1707,2.6840
2026-09-16T20:27:41.683Z,0.0948,0.0071,0.0026,0.0218,-1.2945,1.9305,0.0414,0.0038,0.0018,0.0117,-0.4717,1.2055,0.0771,0.0074,0.0072,0.0195,-0.7048,2.0751
2026-09-16T20:27:42.686Z,0.0935,0.0157,0.0046,0.0520,-1.1333,0.7567,0.0347,0.0022,0.0027,0.0093,-0.0817,2.1281,0.0765,0.0058,0.0048,0.0396,-1.0502,2.7214
2026-09-16T20:27:43.689Z,0.0958,0.0066,0.0068,0.0648,-0.5339,2.4833,0.0359,0.0030,0.0047,0.0110,0.1659,2.6065,0.0796,0.0196,0.0072,0.0453,-1.0892,0.4831
2026-09-16T20:27:44.681Z,0.0916,0.0083,0.0076,0.0582,-0.8003,1.9854,0.0525,0.0043,0.0009,0.0284,-0.0892,1.0879,0.0821,0.0057,0.0076,0.0458,-1.2766,2.2705
2026-09-16T20:27:45.685Z,0.0932,0.0077,0.0053,0.0465,-1.2436,2.4251,0.0485,0.0088,0.0031,0.0236,-0.6327,1.1108,0.0782,0.0128,0.0046,0.0437,-0.9514,0.9090
2026-09-16T20:27:46.691Z,0.1016,0.0043,0.0064,0.0688,-0.3313,4.5138,0.0608,0.0017,0.0025,0.0152,-0.0041,9.6663,0.0784,0.0045,0.0047,0.0385,-0.6904,2.6319
2026-09-16T20:27:47.685Z,0.0950,0.0046,0.0054,0.0577,-0.2440,3.1112,0.0467,0.0028,0.0011,0.0245,0.2882,1.2421,0.0785,0.0199,0.0048,0.0466,-0.9658,0.4131
2026-09-16T20:27:48.711Z,0.0978,0.0058,0.0075,0.0309,-0.9032,2.8552,0.0475,0.0073,0.0026,0.0201,-0.1028,1.0960,0.0802,0.0057,0.0075,0.0343,-0.9934,3.2558
2026-09-16T20:27:49.707Z,0.0929,0.0139,0.0079,0.0447,-0.7263,1.5369,0.0372,0.0060,0.0016,0.0097,-0.5296,0.7613,0.0837,0.0046,0.0069,0.0442,-1.1312,4.5811
2026-09-16T20:27:50.709Z,0.0929,0.0061,0.0019,0.0589,-0.4276,2.2170,0.0463,0.0027,0.0014,0.0243,-0.3718,1.8531,0.0766,0.0104,0.0027,0.0449,-1.0621,1.5773
2026-09-16T20:27:51.753Z,0.0920,0.0081,0.0042,0.0382,-1.1146,1.6575,0.0475,0.0043,0.0039,0.0110,-0.2475,1.8775,0.0748,0.0068,0.0058,0.0298,-0.9729,2.0355
2026-09-16T20:27:52.770Z,0.0969,0.0072,0.0044,0.0384,-0.6335,1.4577,0.0385,0.0023,0.0020,0.0094,1.0960,3.1634,0.0815,0.0076,0.0052,0.0310,-1.1174,1.7904
2026-09-16T20:27:53.771Z,0.0913,0.0088,0.0060,0.0516,-1.0526,1.8824,0.0475,0.0042,0.0043,0.0252,-0.6470,2.0904,0.0781,0.0112,0.0110,0.0382,-1.0080,1.4461
2026-09-16T20:27:54.772Z,0.0963,0.0116,0.0073,0.0464,-0.8904,1.0039,0.0364,0.0019,0.0041,0.0103,1.2401,3.1688,0.0788,0.0024,0.0075,0.0426,-1.0779,3.9902
2026-09-16T20:27:55.772Z,0.0942,0.0030,0.0021,0.0621,-0.3603,2.0603,0.0478,0.0026,0.0011,0.0217,0.1323,3.3319,0.0770,0.0040,0.0055,0.0434,-1.2082,2.7842
2026-09-16T20:27:56.772Z,0.0946,0.0081,0.0042,0.0418,-1.0903,1.6103,0.0379,0.0066,0.0012,0.0095,0.6205,0.6651,0.0762,0.0043,0.0052,0.0389,-0.8794,1.6090
2026-09-16T20:27:57.771Z,0.0894,0.0126,0.0050,0.0472,-0.5267,0.9815,0.0429,0.0048,0.0068,0.0145,-0.0038,1.6372,0.0816,0.0061,0.0034,0.0404,-1.1225,2.1689
2026-09-16T20:27:58.771Z,0.0949,0.0023,0.0054,0.0566,-0.8578,7.0552,0.0466,0.0042,0.0046,0.0259,-0.0295,1.4006,0.0780,0.0106,0.0027,0.0487,-1.2545,1.1701
2026-09-16T20:27:59.791Z,0.0923,0.0124,0.0016,0.0346,-1.2710,1.4543,0.0363,0.0033,0.0012,0.0135,0.3330,1.7265,0.0736,0.0112,0.0029,0.0417,-0.6589,0.9476
2026-09-16T20:28:00.790Z,0.0935,0.0081,0.0038,0.0497,-0.7233,1.1960,0.0462,0.0022,0.0014,0.0106,-0.6162,1.9840,0.0777,0.0127,0.0043,0.0465,-1.0429,1.0157
2026-09-16T20:28:01.811Z,0.0924,0.0056,0.0003,0.0485,-0.5739,1.2802,0.0470,0.0046,0.0026,0.0189,0.4161,1.5567,0.0842,0.0061,0.0081,0.0450,-1.0981,2.7639
2026-09-16T20:28:02.822Z,0.0903,0.0081,0.0040,0.0449,-1.3937,1.0984,0.0467,0.0040,0.0007,0.0226,-0.2459,1.9885,0.0780,0.0016,0.0068,0.0385,-0.9206,7.9731
2026-09-16T20:28:03.831Z,0.0883,0.0078,0.0033,0.0502,-1.1038,2.2080,0.0347,0.0014,0.0024,0.0137,-0.2873,5.9257,0.0830,0.0112,0.0063,0.0414,-1.1322,0.9354
2026-09-16T20:28:04.831Z,0.0929,0.0053,0.0043,0.0464,-0.5552,1.0399,0.0420,0.0024,0.0034,0.0187,0.9652,3.3981,0.0785,0.0046,0.0039,0.0500,-1.1102,2.8361
2026-09-16T20:28:05.831Z,0.0957,0.0019,0.0064,0.0648,-0.4421,6.0088,0.0433,0.0029,0.0029,0.0202,0.5546,1.9745,0.0736,0.0092,0.0008,0.0345,-1.1450,0.8988
2026-09-16T20:28:06.820Z,0.0919,0.0037,0.0015,0.0497,-1.4016,3.2698,0.0490,0.0036,0.0014,0.0266,-0.5924,1.7199,0.0770,0.0067,0.0077,0.0456,-1.1461,2.3994
2026-09-16T20:28:07.830Z,0.0928,0.0135,0.0127,0.0538,-1.1648,1.2698,0.0389,0.0024,0.0033,0.0220,0.7091,3.3181,0.0762,0.0091,0.0049,0.0397,-0.5398,1.4800
2026-09-16T20:28:08.831Z,0.0900,0.0138,0.0027,0.0453,-1.0812,0.9730,0.0343,0.0027,0.0030,0.0107,0.6412,2.2616,0.0766,0.0028,0.0010,0.0420,-1.0531,1.7317
2026-09-16T20:28:09.831Z,0.0933,0.0100,0.0011,0.0285,-1.2664,0.6813,0.0313,0.0010,0.0016,0.0122,1.0206,5.1801,0.0795,0.0054,0.0064,0.0443,-1.1892,2.4814
2026-09-16T20:28:10.831Z,0.0941,0.0038,0.0056,0.0590,-1.0144,3.0683,0.0341,0.0034,0.0005,0.0083,0.4665,0.7731,0.0729,0.0055,0.0065,0.0393,-1.1866,3.2896
2026-09-16T20:28:11.859Z,0.0921,0.0058,0.0104,0.0350,-0.5470,3.3515,0.0373,0.0016,0.0025,0.0117,0.2349,4.7667,0.0738,0.0071,0.0032,0.0356,-1.0250,2.9223
2026-09-16T20:28:12.891Z,0.0937,0.0047,0.0052,0.0406,-0.2072,3.3593,0.0405,0.0031,0.0013,0.0112,-0.3872,2.9221,0.0749,0.0131,0.0041,0.0246,-1.0800,1.0215
2026-09-16T20:28:13.889Z,0.0910,0.0100,0.0060,0.0627,0.0710,0.9808,0.0375,0.0028,0.0013,0.0135,0.0680,2.6094,0.0770,0.0047,0.0061,0.0510,-0.8390,3.1135
2026-09-16T20:28:14.885Z,0.0991,0.0053,0.0093,0.0600,-0.1453,2.0790,0.0391,0.0011,0.0065,0.0146,1.0498,8.3928,0.0739,0.0032,0.0012,0.0412,-1.0322,3.7935
2026-09-16T20:28:15.892Z,0.0929,0.0092,0.0059,0.0525,-0.0403,1.3495,0.0447,0.0052,0.0059,0.0190,0.0318,1.5250,0.0763,0.0027,0.0057,0.0455,-1.0549,3.3459
2026-09-16T20:28:16.892Z,0.0904,0.0045,0.0021,0.0609,0.0900,1.8588,0.0417,0.0010,0.0060,0.0163,0.6741,8.5226,0.0772,0.0079,0.0045,0.0453,-1.1050,1.8557
2026-09-16T20:28:17.886Z,0.0925,0.0065,0.0069,0.0693,-0.0853,1.8491,0.0376,0.0021,0.0006,0.0196,0.7210,2.3258,0.0746,0.0091,0.0016,0.0521,-0.9868,1.1758
2026-09-16T20:28:18.891Z,0.0908,0.0086,0.0026,0.0597,-0.7323,0.9886,0.0369,0.0060,0.0022,0.0095,0.0414,0.9234,0.0768,0.0111,0.0052,0.0452,-1.0261,0.7350
2026-09-16T20:28:19.891Z,0.0951,0.0118,0.0039,0.0631,-1.1012,1.1566,0.0313,0.0035,0.0032,0.0106,0.4757,1.6712,0.0770,0.0033,0.0096,0.0531,-1.2804,4.1010
2026-09-16T20:28:20.890Z,0.0964,0.0083,0.0066,0.0480,-1.0306,2.7263,0.0337,0.0024,0.0036,0.0135,0.6445,2.0109,0.0753,0.0062,0.0025,0.0390,-1.2091,1.5371
2026-09-16T20:28:21.911Z,0.0891,0.0128,0.0035,0.0346,-0.9588,0.5345,0.0551,0.0025,0.0039,0.0164,-0.2912,2.5235,0.0802,0.0041,0.0088,0.0465,-0.8423,4.4337
2026-09-16T20:28:22.923Z,0.0919,0.0086,0.0068,0.0284,-1.0017,1.6655,0.0518,0.0058,0.0008,0.0184,0.1814,1.8958,0.0771,0.0151,0.0054,0.0333,-0.7568,0.6745
2026-09-16T20:28:23.928Z,0.0933,0.0198,0.0031,0.0343,-1.3020,0.3962,0.0556,0.0044,0.0092,0.0280,-0.3636,2.3698,0.0792,0.0164,0.0052,0.0374,-0.5587,0.4269
2026-09-16T20:28:24.924Z,0.0925,0.0168,0.0054,0.0578,-1.3768,0.9033,0.0537,0.0040,0.0055,0.0341,-0.7004,2.8786,0.0784,0.0040,0.0047,0.0488,-0.7468,3.9843
2026-09-16T20:28:25.925Z,0.0891,0.0079,0.0063,0.0604,-1.4347,1.0223,0.0521,0.0021,0.0019,0.0345,-0.4434,3.7899,0.0813,0.0030,0.0078,0.0466,-1.1392,4.8781
2026-09-16T20:28:26.926Z,0.0966,0.0081,0.0030,0.0559,-1.4636,1.5518,0.0551,0.0057,0.0028,0.0330,-0.1272,1.0189,0.0790,0.0124,0.0086,0.0408,-1.2348,1.2740
2026-09-16T20:28:27.920Z,0.0976,0.0122,0.0069,0.0550,-1.2479,1.6323,0.0560,0.0020,0.0015,0.0243,-0.5686,2.5291,0.0779,0.0099,0.0043,0.0422,-1.1002,0.7151
2026-09-16T20:28:28.932Z,0.0934,0.0016,0.0095,0.0432,-1.0170,13.9988,0.0556,0.0050,0.0045,0.0289,-0.4707,2.0777,0.0771,0.0027,0.0030,0.0393,-1.2566,3.1007
2026-09-16T20:28:29.929Z,0.0912,0.0112,0.0043,0.0467,-1.0023,0.8429,0.0527,0.0026,0.0025,0.0292,-0.3368,2.7061,0.0775,0.0083,0.0090,0.0414,-1.3277,1.4992
2026-09-16T20:28:30.931Z,0.0926,0.0039,0.0033,0.0604,-0.9107,3.4183,0.0572,0.0012,0.0100,0.0277,-0.1751,12.9781,0.0833,0.0038,0.0047,0.0499,-1.3715,3.5909
2026-09-16T20:28:31.952Z,0.0952,0.0107,0.0097,0.0543,-0.7928,1.2563,0.0567,0.0017,0.0044,0.0275,-0.2446,4.8602,0.0784,0.0077,0.0065,0.0464,-1.1775,1.8059
2026-09-16T20:28:32.991Z,0.0946,0.0068,0.0067,0.0407,-0.6638,2.3644,0.0528,0.0101,0.0056,0.0142,-0.5246,0.9365,0.0775,0.0067,0.0046,0.0239,-1.3259,1.4924
2026-09-16T20:28:33.991Z,0.0938,0.0039,0.0019,0.0517,-0.2560,3.5761,0.0518,0.0011,0.0020,0.0252,0.4160,5.0446,0.0766,0.0215,0.0092,0.0386,-1.1102,0.6493
2026-09-16T20:28:35.011Z,0.0897,0.0043,0.0053,0.0521,-0.1970,2.8228,0.0541,0.0059,0.0037,0.0218,-0.1370,1.0113,0.0741,0.0067,0.0029,0.0451,-1.2174,1.6882
2026-09-16T20:28:36.010Z,0.0915,0.0049,0.0037,0.0574,-0.0207,1.7379,0.0527,0.0028,0.0044,0.0273,-0.4488,3.6065,0.0779,0.0110,0.0052,0.0448,-1.1312,1.0356
2026-09-16T20:28:37.006Z,0.0908,0.0054,0.0049,0.0640,0.1046,2.4895,0.0489,0.0105,0.0061,0.0265,-0.0486,0.6865,0.0805,0.0085,0.0075,0.0431,-1.0985,2.2627
2026-09-16T20:28:37.998Z,0.0937,0.0066,0.0062,0.0576,-0.1694,1.5485,0.0489,0.0103,0.0014,0.0204,-0.1153,0.5909,0.0777,0.0112,0.0061,0.0417,-1.1631,0.8719
2026-09-16T20:28:39.007Z,0.0892,0.0071,0.0017,0.0610,-0.1072,2.2736,0.0481,0.0026,0.0021,0.0225,-0.5292,2.7847,0.0777,0.0042,0.0081,0.0511,-1.0305,2.5092
2026-09-16T20:28:40.011Z,0.0863,0.0002,0.0040,0.0509,-0.4693,52.5556,0.0407,0.0025,0.0019,0.0133,1.4333,3.1762,0.0739,0.0069,0.0014,0.0530,-1.0920,1.5733
2026-09-16T20:28:41.010Z,0.0894,0.0065,0.0076,0.0494,-1.1123,2.9779,0.0338,0.0031,0.0021,0.0082,0.8175,1.3993,0.0768,0.0054,0.0016,0.0410,-1.3821,1.7180
2026-09-16T20:28:42.011Z,0.0916,0.0065,0.0088,0.0407,-1.1328,2.3808,0.0411,0.0055,0.0022,0.0197,-0.3158,0.9275,0.0750,0.0100,0.0038,0.0467,-1.0695,1.0679
2026-09-16T20:28:43.052Z,0.0857,0.0053,0.0120,0.0221,-0.9407,3.4694,0.0485,0.0040,0.0026,0.0154,-0.7338,2.7928,0.0790,0.0025,0.0039,0.0364,-0.7434,6.3367
2026-09-16T20:28:44.051Z,0.0955,0.0134,0.0056,0.0370,-1.3352,1.0961,0.0537,0.0091,0.0050,0.0229,-0.7279,0.8804,0.0766,0.0101,0.0096,0.0377,-0.7933,1.8419
2026-09-16T20:28:45.051Z,0.0961,0.0077,0.0026,0.0445,-1.3932,1.8943,0.0522,0.0053,0.0042,0.0226,-0.4377,1.1062,0.0779,0.0055,0.0031,0.0415,-0.9239,2.2282
2026-09-16T20:28:46.071Z,0.0946,0.0054,0.0024,0.0516,-0.9831,2.0340,0.0501,0.0023,0.0085,0.0205,-0.1621,4.6799,0.0822,0.0081,0.0070,0.0326,-1.2035,1.3795
2026-09-16T20:28:47.071Z,0.0935,0.0059,0.0016,0.0466,-0.1000,2.7058,0.0417,0.0044,0.0037,0.0195,0.7999,1.6490,0.0753,0.0025,0.0018,0.0423,-1.1775,2.9205
2026-09-16T20:28:48.070Z,0.0875,0.0061,0.0075,0.0537,-0.1822,1.5814,0.0424,0.0026,0.0026,0.0133,-0.3684,2.4289,0.0737,0.0063,0.0035,0.0318,-0.9912,1.4982
2026-09-16T20:28:49.057Z,0.0883,0.0074,0.0042,0.0295,-0.7512,1.8269,0.0660,0.0017,0.0029,0.0140,-0.6516,2.7390,0.0782,0.0090,0.0085,0.0358,-1.1375,1.1531
2026-09-16T20:28:50.073Z,0.0876,0.0216,0.0111,0.0517,-0.5159,0.8026,0.0758,0.0159,0.0062,0.0130,-0.3426,0.5895,0.0858,0.0163,0.0029,0.0509,-0.5097,0.8439
2026-09-16T20:28:51.072Z,0.0847,0.0159,0.0055,0.0465,-1.0589,0.8511,0.0345,0.0017,0.0050,0.0135,0.4785,4.8776,0.0802,0.0057,0.0037,0.0516,-1.0550,1.7331
2026-09-16T20:28:52.072Z,0.0875,0.0052,0.0027,0.0403,-0.9045,2.0677,0.0556,0.0052,0.0014,0.0176,0.2561,1.0169,0.0779,0.0127,0.0027,0.0403,-0.7224,0.6874
2026-09-16T20:28:53.097Z,0.0853,0.0103,0.0035,0.0272,-0.9300,1.5205,0.0513,0.0027,0.0005,0.0156,-0.1935,3.7337,0.0788,0.0084,0.0104,0.0258,-0.7501,2.1726
2026-09-16T20:28:54.123Z,0.0896,0.0033,0.0042,0.0377,-1.0473,3.8318,0.0599,0.0030,0.0033,0.0185,-0.1180,3.7751,0.0779,0.0137,0.0093,0.0318,-0.7652,0.8956
2026-09-16T20:28:55.131Z,0.0894,0.0089,0.0054,0.0436,-1.0796,1.5047,0.0608,0.0078,0.0039,0.0263,-0.4378,0.9347,0.0781,0.0022,0.0051,0.0498,-0.6501,7.5477
2026-09-16T20:28:56.125Z,0.0956,0.0115,0.0058,0.0573,-1.2518,1.0599,0.0611,0.0048,0.0034,0.0319,-0.4775,1.5347,0.0746,0.0138,0.0023,0.0335,-0.6271,0.3563
2026-09-16T20:28:57.132Z,0.0888,0.0100,0.0011,0.0427,-1.1511,0.9027,0.0545,0.0065,0.0023,0.0167,0.5150,1.0411,0.0731,0.0078,0.0053,0.0352,-0.7402,1.0712
2026-09-16T20:28:58.146Z,0.0912,0.0083,0.0049,0.0420,-1.0113,1.5502,0.0460,0.0060,0.0013,0.0086,-0.3706,1.1308,0.0794,0.0044,0.0036,0.0349,-1.0445,2.2921
2026-09-16T20:28:59.150Z,0.0945,0.0153,0.0105,0.0542,-0.2781,0.8180,0.0418,0.0006,0.0030,0.0192,0.1956,15.3375,0.0770,0.0182,0.0048,0.0436,-1.1125,0.8371
2026-09-16T20:29:00.152Z,0.0923,0.0070,0.0014,0.0639,-1.1358,1.8278,0.0481,0.0007,0.0027,0.0218,-0.3567,11.6834,0.0778,0.0081,0.0029,0.0495,-0.7791,1.7445
2026-09-16T20:29:01.151Z,0.0913,0.0065,0.0030,0.0568,-0.9272,1.6139,0.0688,0.0062,0.0014,0.0083,1.0946,0.6322,0.0819,0.0139,0.0059,0.0417,-0.9812,0.6944
2026-09-16T20:29:02.142Z,0.0955,0.0137,0.0103,0.0589,-0.2551,1.1484,0.0464,0.0046,0.0035,0.0188,1.0568,1.0212,0.0806,0.0076,0.0022,0.0481,-1.0462,1.7068
2026-09-16T20:29:03.171Z,0.0908,0.0096,0.0045,0.0376,-1.2838,1.5912,0.0453,0.0011,0.0038,0.0167,0.2413,7.5739,0.0765,0.0034,0.0082,0.0326,-1.0052,4.2696
2026-09-16T20:29:04.191Z,0.0916,0.0020,0.0055,0.0433,-0.9447,5.5389,0.0375,0.0043,0.0037,0.0086,0.1292,1.8475,0.0760,0.0019,0.0104,0.0441,-1.0365,9.5851
2026-09-16T20:29:05.192Z,0.0934,0.0106,0.0043,0.0634,-0.2583,0.8692,0.0505,0.0039,0.0016,0.0237,0.5591,1.2079,0.0795,0.0087,0.0083,0.0510,-1.2242,1.4265
2026-09-16T20:29:06.183Z,0.0894,0.0059,0.0065,0.0582,-1.1896,1.6364,0.0451,0.0015,0.0018,0.0187,-0.1194,5.2419,0.0756,0.0033,0.0015,0.0454,-0.9488,3.1890
2026-09-16T20:29:07.189Z,0.0958,0.0150,0.0108,0.0419,-1.0303,0.9562,0.0479,0.0045,0.0008,0.0105,-0.5344,1.1390,0.0806,0.0133,0.0056,0.0372,-1.1756,0.6658
2026-09-16T20:29:08.191Z,0.0921,0.0036,0.0052,0.0457,-0.0924,5.6859,0.0477,0.0078,0.0041,0.0223,0.4109,0.7421,0.0793,0.0069,0.0065,0.0394,-1.1202,1.5040
2026-09-16T20:29:09.211Z,0.0892,0.0123,0.0072,0.0422,-1.2992,1.4093,0.0501,0.0038,0.0040,0.0243,-0.5747,1.9071,0.0754,0.0081,0.0036,0.0385,-1.1830,1.4003
2026-09-16T20:29:10.212Z,0.0876,0.0018,0.0019,0.0471,-1.2335,7.2213,0.0445,0.0086,0.0012,0.0192,-0.3888,0.7111,0.0746,0.0056,0.0005,0.0475,-0.4536,1.5749
2026-09-16T20:29:11.211Z,0.0903,0.0078,0.0020,0.0409,-1.2891,1.8462,0.0362,0.0031,0.0027,0.0118,-0.6394,1.2886,0.0731,0.0045,0.0038,0.0373,-1.1043,2.5058
2026-09-16T20:29:12.211Z,0.0900,0.0101,0.0082,0.0497,-0.6867,1.6122,0.0380,0.0025,0.0020,0.0121,0.3925,1.5336,0.0787,0.0096,0.0052,0.0406,-1.1920,1.1634
2026-09-16T20:29:13.230Z,0.0943,0.0103,0.0042,0.0429,0.0461,2.5999,0.0429,0.0046,0.0015,0.0169,0.6389,1.2785,0.0755,0.0019,0.0128,0.0368,-0.9240,11.9002
2026-09-16T20:29:14.252Z,0.0888,0.0157,0.0110,0.0430,-0.5367,1.1002,0.0457,0.0028,0.0015,0.0182,-0.0194,1.8716,0.0781,0.0068,0.0097,0.0380,-1.3715,3.1598
2026-09-16T20:29:15.242Z,0.0852,0.0035,0.0044,0.0506,-1.1243,4.1973,0.0490,0.0046,0.0029,0.0279,-0.4543,1.2885,0.0777,0.0058,0.0101,0.0407,-1.2971,3.8850
2026-09-16T20:29:16.251Z,0.0934,0.0041,0.0098,0.0591,-1.5492,3.3718,0.0467,0.0050,0.0034,0.0288,-0.4459,1.3143,0.0724,0.0097,0.0018,0.0481,-0.9234,1.5796
2026-09-16T20:29:17.251Z,0.0883,0.0084,0.0034,0.0460,-1.4051,1.2249,0.0480,0.0019,0.0036,0.0146,-0.4914,2.5804,0.0788,0.0093,0.0047,0.0475,-0.6601,0.5903
2026-09-16T20:29:18.251Z,0.0894,0.0135,0.0111,0.0344,-1.0235,1.1098,0.0445,0.0072,0.0032,0.0210,-0.0428,0.9755,0.0782,0.0122,0.0065,0.0474,-0.3762,1.0209
2026-09-16T20:29:19.251Z,0.0870,0.0210,0.0063,0.0353,-1.0296,0.5451,0.0440,0.0023,0.0015,0.0145,1.1598,2.2084,0.0722,0.0089,0.0066,0.0430,-0.5905,0.9324
2026-09-16T20:29:20.271Z,0.0844,0.0154,0.0025,0.0342,-1.1415,0.7485,0.0337,0.0012,0.0017,0.0070,2.1466,5.0977,0.0708,0.0077,0.0084,0.0361,-0.8407,1.5839
2026-09-16T20:29:21.272Z,0.0884,0.0206,0.0082,0.0436,-1.1000,0.5577,0.0404,0.0047,0.0018,0.0117,0.4585,1.9833,0.0712,0.0130,0.0081,0.0421,-0.8028,0.6836
2026-09-16T20:29:22.271Z,0.0898,0.0048,0.0027,0.0416,-0.9940,2.6241,0.0451,0.0063,0.0019,0.0186,0.1098,1.0741,0.0785,0.0079,0.0093,0.0370,-0.8698,1.6169
2026-09-16T20:29:23.282Z,0.0890,0.0039,0.0020,0.0428,-1.1751,3.4125,0.0441,0.0027,0.0096,0.0151,-0.5296,3.7008,0.0768,0.0100,0.0023,0.0385,-0.6590,1.1865
2026-09-16T20:29:24.283Z,0.0902,0.0074,0.0038,0.0509,-1.1784,2.3255,0.0408,0.0082,0.0008,0.0115,0.1907,0.8753,0.0704,0.0022,0.0089,0.0312,-0.5506,5.2565
2026-09-16T20:29:25.285Z,0.0888,0.0116,0.0087,0.0486,-1.3072,1.5971,0.0453,0.0057,0.0033,0.0227,0.0587,1.1466,0.0721,0.0126,0.0016,0.0408,-0.6836,0.8962
2026-09-16T20:29:26.288Z,0.0897,0.0059,0.0030,0.0561,-1.3412,2.0581,0.0595,0.0026,0.0020,0.0206,-0.3390,3.1242,0.0775,0.0140,0.0026,0.0411,-0.7308,0.4518
2026-09-16T20:29:27.290Z,0.0930,0.0016,0.0038,0.0554,-1.5267,7.0419,0.0478,0.0013,0.0044,0.0242,0.0085,5.6171,0.0734,0.0061,0.0066,0.0408,-0.7504,2.2318
2026-09-16T20:29:28.292Z,0.0933,0.0068,0.0078,0.0664,-1.2031,1.3738,0.0495,0.0030,0.0017,0.0262,0.1379,3.1717,0.0776,0.0094,0.0049,0.0511,-1.0980,1.4288
2026-09-16T20:29:29.291Z,0.0955,0.0094,0.0049,0.0582,-0.6759,0.8366,0.0606,0.0011,0.0066,0.0278,-0.0306,8.9670,0.0856,0.0048,0.0038,0.0566,-1.0638,2.0027
2026-09-16T20:29:30.292Z,0.0931,0.0103,0.0045,0.0586,-0.1674,0.9326,0.0497,0.0023,0.0019,0.0262,0.5223,3.0143,0.0770,0.0035,0.0035,0.0535,-1.1100,3.9256
2026-09-16T20:29:31.291Z,0.0904,0.0079,0.0052,0.0558,0.1347,1.6928,0.0431,0.0007,0.0028,0.0203,0.5329,8.2346,0.0809,0.0028,0.0116,0.0411,-1.1736,6.6259
2026-09-16T20:29:32.311Z,0.0959,0.0075,0.0020,0.0660,-0.4457,1.0972,0.0387,0.0053,0.0021,0.0115,0.5892,0.6506,0.0762,0.0093,0.0048,0.0429,-0.8991,1.1914
2026-09-16T20:29:33.330Z,0.0952,0.0063,0.0011,0.0617,-0.7732,1.6146,0.0360,0.0048,0.0009,0.0089,-0.1299,0.8844,0.0746,0.0116,0.0065,0.0448,-1.0419,1.0147
2026-09-16T20:29:34.347Z,0.0902,0.0014,0.0065,0.0553,-0.9155,8.2223,0.0422,0.0048,0.0013,0.0085,-0.0954,1.8295,0.0795,0.0113,0.0076,0.0304,-1.2266,1.4694
2026-09-16T20:29:35.350Z,0.0930,0.0065,0.0082,0.0502,-1.1662,2.0407,0.0352,0.0019,0.0027,0.0116,0.9718,3.0871,0.0765,0.0127,0.0014,0.0523,-1.0456,0.9151
2026-09-16T20:29:36.352Z,0.0913,0.0026,0.0123,0.0415,-1.3232,5.5710,0.0378,0.0033,0.0002,0.0074,0.2208,1.4249,0.0754,0.0038,0.0071,0.0376,-1.3976,3.5455
2026-09-16T20:29:37.351Z,0.0903,0.0059,0.0049,0.0489,-1.2458,1.6913,0.0347,0.0039,0.0032,0.0068,-0.1325,1.0882,0.0746,0.0086,0.0073,0.0371,-1.1863,1.6815
2026-09-16T20:29:38.342Z,0.0900,0.0100,0.0034,0.0454,-1.0849,0.9905,0.0320,0.0016,0.0026,0.0109,1.5104,4.3389,0.0783,0.0047,0.0084,0.0607,-1.3455,2.6886
2026-09-16T20:29:39.341Z,0.0937,0.0158,0.0042,0.0510,-0.8760,0.7207,0.0297,0.0010,0.0027,0.0045,2.3446,3.7946,0.0779,0.0120,0.0047,0.0345,-1.1907,1.1962
2026-09-16T20:29:40.351Z,0.0880,0.0022,0.0014,0.0568,-0.4207,4.2328,0.0401,0.0016,0.0037,0.0213,0.8727,4.2742,0.0764,0.0145,0.0054,0.0444,-1.0355,0.6591
2026-09-16T20:29:41.349Z,0.0940,0.0176,0.0055,0.0525,-0.0240,1.0455,0.0461,0.0031,0.0005,0.0153,0.0908,2.3680,0.0789,0.0133,0.0092,0.0391,-1.0863,1.2753
2026-09-16T20:29:42.350Z,0.0945,0.0087,0.0030,0.0489,-0.9568,1.3686,0.0489,0.0039,0.0070,0.0252,-0.4907,3.4500,0.0756,0.0065,0.0059,0.0421,-1.3831,2.4485
2026-09-16T20:29:43.371Z,0.0970,0.0081,0.0034,0.0441,-1.3854,2.1305,0.0461,0.0039,0.0015,0.0191,-0.7423,1.3234,0.0730,0.0055,0.0037,0.0275,-0.6913,2.9306
2026-09-16T20:29:44.408Z,0.0882,0.0132,0.0025,0.0269,-1.1147,1.2529,0.0421,0.0008,0.0014,0.0134,-0.2584,5.1314,0.0765,0.0078,0.0119,0.0227,-0.7434,2.3071
2026-09-16T20:29:45.406Z,0.0885,0.0020,0.0034,0.0485,-1.1696,5.8228,0.0350,0.0057,0.0013,0.0109,0.2268,0.5570,0.0770,0.0070,0.0056,0.0462,-1.3345,2.1186
2026-09-16T20:29:46.406Z,0.0940,0.0095,0.0061,0.0580,-0.6625,0.9719,0.0396,0.0039,0.0019,0.0139,-0.1932,1.7710,0.0784,0.0101,0.0125,0.0408,-0.9681,1.7155
2026-09-16T20:29:47.403Z,0.0972,0.0034,0.0078,0.0635,-0.2184,3.3689,0.0460,0.0039,0.0020,0.0183,0.0117,1.8306,0.0780,0.0112,0.0039,0.0383,-1.1309,1.3111
2026-09-16T20:29:48.411Z,0.0911,0.0042,0.0063,0.0567,-0.5520,2.1941,0.0511,0.0065,0.0026,0.0244,-0.3863,1.6002,0.0782,0.0051,0.0073,0.0422,-1.1791,2.4260
2026-09-16T20:29:49.412Z,0.0945,0.0068,0.0016,0.0546,-1.2177,1.5413,0.0573,0.0053,0.0019,0.0292,-0.3324,1.4313,0.0769,0.0043,0.0071,0.0393,-1.0136,4.0725
2026-09-16T20:29:50.411Z,0.0876,0.0150,0.0055,0.0409,-1.3770,0.6582,0.0507,0.0044,0.0020,0.0272,-0.0486,1.6905,0.0787,0.0132,0.0075,0.0423,-0.8042,1.2441
2026-09-16T20:29:51.411Z,0.0915,0.0065,0.0036,0.0482,-1.0925,2.9872,0.0466,0.0032,0.0014,0.0214,-0.0050,1.4030,0.0712,0.0061,0.0118,0.0501,-0.6505,2.2821
2026-09-16T20:29:52.404Z,0.0869,0.0133,0.0084,0.0351,-1.1971,1.3353,0.0429,0.0051,0.0032,0.0169,-0.1230,1.8315,0.0739,0.0025,0.0045,0.0465,-0.6903,5.9533
2026-09-16T20:29:53.412Z,0.0890,0.0011,0.0050,0.0531,-1.0751,9.4677,0.0423,0.0026,0.0029,0.0149,-0.0337,3.1596,0.0771,0.0071,0.0047,0.0415,-0.9250,1.9805
2026-09-16T20:29:54.451Z,0.0893,0.0044,0.0087,0.0264,-1.0415,4.0482,0.0374,0.0016,0.0041,0.0087,0.8975,3.5228,0.0732,0.0095,0.0044,0.0304,-0.8233,1.9832
2026-09-16T20:29:55.471Z,0.0920,0.0103,0.0059,0.0314,-1.1708,0.9012,0.0345,0.0028,0.0052,0.0094,0.4535,2.2469,0.0745,0.0069,0.0035,0.0299,-0.8212,1.2321
2026-09-16T20:29:56.470Z,0.0877,0.0048,0.0064,0.0386,-1.1191,2.6972,0.0401,0.0041,0.0029,0.0151,0.1235,1.5878,0.0758,0.0113,0.0025,0.0529,-0.7004,0.9477
2026-09-16T20:29:57.471Z,0.0927,0.0242,0.0066,0.0578,-1.0401,0.4816,0.0376,0.0030,0.0050,0.0140,0.7970,3.4386,0.0773,0.0068,0.0129,0.0554,-0.7566,2.3155
2026-09-16T20:29:58.472Z,0.0913,0.0074,0.0043,0.0604,-1.1837,1.9451,0.0462,0.0062,0.0019,0.0171,-0.1031,0.9558,0.0760,0.0086,0.0053,0.0545,-0.5112,1.0222
2026-09-16T20:29:59.471Z,0.0910,0.0085,0.0164,0.0446,-1.3110,2.0966,0.0488,0.0025,0.0021,0.0246,-0.4799,3.1711,0.0774,0.0037,0.0004,0.0506,-0.6319,1.5801
2026-09-16T20:30:00.473Z,0.0916,0.0158,0.0079,0.0437,-1.4035,0.9151,0.0543,0.0078,0.0017,0.0250,-0.7379,0.9065,0.0788,0.0040,0.0050,0.0532,-0.9052,1.7999
2026-09-16T20:30:01.472Z,0.0892,0.0087,0.0038,0.0477,-0.9786,1.4653,0.0483,0.0072,0.0050,0.0274,-0.0983,1.2600,0.0784,0.0048,0.0095,0.0386,-1.3771,2.9119
2026-09-16T20:30:02.472Z,0.0951,0.0028,0.0063,0.0608,-0.1992,6.4707,0.0455,0.0060,0.0055,0.0208,-0.1790,1.3914,0.0736,0.0128,0.0051,0.0480,-1.2730,1.0304
2026-09-16T20:30:03.471Z,0.0856,0.0118,0.0047,0.0492,-0.2050,0.5756,0.0410,0.0025,0.0052,0.0212,0.1493,3.0154,0.0774,0.0067,0.0040,0.0382,-1.1959,1.0406
2026-09-16T20:30:04.485Z,0.0907,0.0080,0.0032,0.0363,-1.1304,1.3197,0.0334,0.0042,0.0047,0.0106,0.9119,1.8184,0.0713,0.0064,0.0020,0.0295,-1.1929,1.7613
2026-09-16T20:30:05.506Z,0.0900,0.0099,0.0080,0.0210,-0.9614,2.2378,0.0471,0.0037,0.0026,0.0100,-0.2885,2.0521,0.0741,0.0058,0.0054,0.0343,-0.8352,4.1095
2026-09-16T20:30:06.531Z,0.0913,0.0081,0.0038,0.0356,-1.3338,1.6277,0.0560,0.0101,0.0016,0.0174,-0.4095,0.6069,0.0797,0.0101,0.0039,0.0289,-0.9813,1.3276
2026-09-16T20:30:07.532Z,0.0894,0.0047,0.0024,0.0434,-0.6148,2.3391,0.0541,0.0041,0.0010,0.0215,0.1632,1.8338,0.0755,0.0096,0.0041,0.0348,-1.3277,1.6881
2026-09-16T20:30:08.531Z,0.0883,0.0028,0.0031,0.0355,-0.7363,4.0555,0.0492,0.0054,0.0047,0.0145,-0.5167,1.5456,0.0733,0.0065,0.0107,0.0395,-0.9347,2.0232
2026-09-16T20:30:09.524Z,0.0875,0.0017,0.0023,0.0437,-1.0411,7.1421,0.0572,0.0027,0.0025,0.0194,-0.1151,2.7153,0.0773,0.0013,0.0022,0.0472,-0.8651,4.8200
2026-09-16T20:30:10.519Z,0.0926,0.0042,0.0064,0.0471,-1.1970,3.2027,0.0556,0.0052,0.0051,0.0235,-0.5722,2.6709,0.0733,0.0020,0.0026,0.0429,-1.0999,5.4875
2026-09-16T20:30:11.526Z,0.0831,0.0039,0.0067,0.0500,-0.1769,3.5512,0.0441,0.0037,0.0006,0.0136,0.2189,1.3798,0.0731,0.0140,0.0075,0.0356,-1.0709,0.6317
2026-09-16T20:30:12.526Z,0.0832,0.0112,0.0068,0.0401,-1.1923,1.5649,0.0375,0.0017,0.0046,0.0109,0.1905,4.6289,0.0730,0.0065,0.0089,0.0400,-0.9553,1.6257
2026-09-16T20:30:13.546Z,0.0857,0.0094,0.0037,0.0531,-1.2271,0.7694,0.0534,0.0038,0.0066,0.0290,-0.3540,2.9185,0.0752,0.0079,0.0052,0.0482,-0.9804,2.0277
2026-09-16T20:30:14.592Z,0.0846,0.0063,0.0049,0.0382,-0.3317,3.0232,0.0498,0.0054,0.0042,0.0137,-0.4258,2.1206,0.0755,0.0065,0.0071,0.0216,-1.1655,2.4706
2026-09-16T20:30:15.612Z,0.0854,0.0027,0.0072,0.0257,-1.0511,5.6062,0.0346,0.0066,0.0039,0.0079,0.2837,1.3971,0.0725,0.0037,0.0095,0.0198,-1.1725,4.5888
2026-09-16T20:30:16.612Z,0.0933,0.0116,0.0070,0.0488,-1.0879,1.1657,0.0558,0.0022,0.0044,0.0345,-0.5805,3.8181,0.0806,0.0096,0.0047,0.0501,-0.3958,1.7486
2026-09-16T20:30:17.606Z,0.0865,0.0093,0.0027,0.0489,0.1131,0.7821,0.0534,0.0007,0.0045,0.0246,0.8921,8.6497,0.0764,0.0059,0.0050,0.0330,-1.1866,1.4187
2026-09-16T20:30:18.607Z,0.0863,0.0040,0.0055,0.0525,-0.7320,2.7161,0.0468,0.0053,0.0031,0.0109,0.1842,1.4251,0.0733,0.0111,0.0032,0.0400,-0.9931,0.5539
2026-09-16T20:30:19.611Z,0.0884,0.0042,0.0079,0.0439,-1.1739,3.2129,0.0486,0.0036,0.0021,0.0223,-0.1328,1.8680,0.0761,0.0131,0.0028,0.0403,-0.8019,0.8369
2026-09-16T20:30:20.611Z,0.0932,0.0111,0.0063,0.0400,-0.9195,1.1130,0.0489,0.0022,0.0018,0.0198,-0.6698,2.9110,0.0790,0.0013,0.0013,0.0347,-1.1300,7.8685
2026-09-16T20:30:21.601Z,0.0848,0.0029,0.0044,0.0486,-0.2326,3.7886,0.0387,0.0062,0.0037,0.0133,0.3112,1.5066,0.0710,0.0119,0.0023,0.0395,-1.0378,0.6220
2026-09-16T20:30:22.611Z,0.0898,0.0126,0.0064,0.0549,-1.0246,1.3754,0.0430,0.0002,0.0043,0.0225,-0.2997,31.0811,0.0759,0.0121,0.0051,0.0410,-0.9251,0.8218
2026-09-16T20:30:23.607Z,0.0903,0.0073,0.0070,0.0555,-1.2330,2.4130,0.0545,0.0016,0.0039,0.0325,-0.7338,6.6280,0.0806,0.0067,0.0092,0.0498,-0.8785,1.6958
2026-09-16T20:30:24.648Z,0.0893,0.0081,0.0078,0.0452,-0.0942,1.7707,0.0504,0.0058,0.0038,0.0191,-0.0217,1.6930,0.0724,0.0041,0.0013,0.0304,-1.1713,3.4142
2026-09-16T20:30:25.691Z,0.0854,0.0080,0.0074,0.0292,-1.0109,2.8532,0.0359,0.0032,0.0040,0.0074,1.0836,1.9190,0.0794,0.0046,0.0025,0.0187,-1.0140,5.4647
2026-09-16T20:30:26.691Z,0.0826,0.0076,0.0030,0.0365,-0.8884,1.0186,0.0549,0.0032,0.0034,0.0223,0.2006,1.9163,0.0800,0.0046,0.0043,0.0444,-0.5869,2.9559
2026-09-16T20:30:27.691Z,0.0908,0.0161,0.0031,0.0489,-1.1166,1.2711,0.0590,0.0040,0.0032,0.0243,-0.2983,2.2348,0.0739,0.0019,0.0032,0.0435,-1.0320,7.7950
2026-09-16T20:30:28.691Z,0.0837,0.0052,0.0070,0.0409,-0.2609,2.1340,0.0456,0.0066,0.0007,0.0184,0.1321,0.8999,0.0738,0.0143,0.0065,0.0290,-1.1401,0.9274
2026-09-16T20:30:29.690Z,0.0829,0.0067,0.0068,0.0507,-0.8598,2.5534,0.0383,0.0028,0.0008,0.0122,0.5133,1.5137,0.0722,0.0044,0.0030,0.0419,-1.2683,2.5967
2026-09-16T20:30:30.690Z,0.0916,0.0122,0.0036,0.0370,-0.9445,1.4032,0.0536,0.0025,0.0017,0.0174,0.5251,1.6757,0.0772,0.0119,0.0025,0.0416,-0.4703,0.5176
2026-09-16T20:30:31.691Z,0.0878,0.0115,0.0080,0.0482,-1.2087,1.1903,0.0592,0.0022,0.0039,0.0306,-0.2686,5.0604,0.0780,0.0035,0.0044,0.0365,-1.0140,3.9038
2026-09-16T20:30:32.687Z,0.0885,0.0020,0.0065,0.0509,0.0765,6.5840,0.0549,0.0044,0.0019,0.0253,-0.2684,1.3353,0.0749,0.0053,0.0050,0.0415,-1.1752,2.0224
2026-09-16T20:30:33.688Z,0.0849,0.0063,0.0022,0.0532,-0.7568,1.6656,0.0562,0.0109,0.0031,0.0151,-0.3304,0.6939,0.0753,0.0112,0.0021,0.0408,-1.0581,0.5291
2026-09-16T20:30:34.700Z,0.0926,0.0115,0.0090,0.0470,-1.0311,1.4642,0.0681,0.0037,0.0062,0.0242,0.2613,2.1814,0.0808,0.0100,0.0013,0.0429,-0.7972,0.8775
2026-09-16T20:30:35.731Z,0.0873,0.0103,0.0052,0.0278,-0.5073,1.6556,0.0621,0.0069,0.0084,0.0165,0.0132,1.7159,0.0823,0.0023,0.0047,0.0233,-1.1936,6.0874
2026-09-16T20:30:36.745Z,0.0802,0.0068,0.0031,0.0379,-0.7867,1.5158,0.0471,0.0013,0.0012,0.0150,-0.2131,5.1371,0.0732,0.0060,0.0051,0.0441,-1.1513,2.3257
2026-09-16T20:30:37.751Z,0.1079,0.0170,0.0027,0.0505,-0.0966,0.3298,0.0688,0.0087,0.0029,0.0188,1.8330,0.8316,0.1002,0.0154,0.0082,0.0376,0.2771,0.6340
2026-09-16T20:30:38.751Z,0.0954,0.0140,0.0038,0.0443,-0.8026,0.7959,0.0600,0.0045,0.0038,0.0265,-0.4585,2.2615,0.0834,0.0121,0.0126,0.0397,-1.0477,1.2406
2026-09-16T20:30:39.752Z,0.0832,0.0102,0.0028,0.0520,-0.2877,1.3984,0.0579,0.0040,0.0040,0.0187,0.2484,1.2791,0.0765,0.0079,0.0059,0.0334,-1.0685,2.2041
2026-09-16T20:30:40.749Z,0.0815,0.0027,0.0031,0.0387,-0.9646,5.5444,0.0450,0.0036,0.0014,0.0183,-0.1082,1.1634,0.0762,0.0016,0.0053,0.0383,-0.8541,6.0385
2026-09-16T20:30:41.748Z,0.0862,0.0127,0.0045,0.0433,-0.8387,0.6588,0.0545,0.0047,0.0042,0.0275,-0.0651,1.8966,0.0829,0.0159,0.0034,0.0347,-1.3236,0.8325
2026-09-16T20:30:42.751Z,0.0830,0.0100,0.0020,0.0418,-0.4761,1.0438,0.0403,0.0054,0.0032,0.0186,-0.2241,1.5553,0.0733,0.0033,0.0059,0.0387,-1.0971,3.3159
2026-09-16T20:30:43.751Z,0.0865,0.0153,0.0041,0.0463,-0.7763,1.0030,0.0479,0.0075,0.0052,0.0215,0.4303,0.9137,0.0795,0.0089,0.0073,0.0427,-0.6248,1.2551
2026-09-16T20:30:44.741Z,0.0875,0.0095,0.0041,0.0485,-0.9827,1.0202,0.0554,0.0036,0.0041,0.0308,-0.4354,1.7472,0.0808,0.0046,0.0076,0.0527,-1.0783,2.6692
2026-09-16T20:30:45.772Z,0.0849,0.0059,0.0028,0.0225,-0.5886,1.7934,0.0429,0.0030,0.0023,0.0083,-0.5757,1.9726,0.0739,0.0032,0.0106,0.0212,-1.2649,6.9829
2026-09-16T20:30:46.769Z,0.0907,0.0073,0.0076,0.0446,-1.1693,3.4413,0.0462,0.0048,0.0014,0.0207,-0.1275,1.2250,0.0784,0.0093,0.0095,0.0421,-0.7350,1.2787
2026-09-16T20:30:47.778Z,0.0906,0.0089,0.0079,0.0418,-0.9765,1.7588,0.0526,0.0028,0.0017,0.0243,-0.5756,3.7896,0.0772,0.0056,0.0011,0.0414,-1.1152,3.0974
2026-09-16T20:30:48.786Z,0.0926,0.0072,0.0026,0.0551,-0.8678,1.7172,0.0402,0.0050,0.0021,0.0129,0.1180,1.3868,0.0752,0.0036,0.0060,0.0406,-1.1965,2.8240
2026-09-16T20:30:49.791Z,0.0930,0.0057,0.0063,0.0407,-1.0480,1.6145,0.0372,0.0025,0.0010,0.0133,0.2517,2.3575,0.0759,0.0085,0.0063,0.0395,-0.8933,1.4727
2026-09-16T20:30:50.791Z,0.0944,0.0049,0.0028,0.0399,-1.1742,2.5464,0.0408,0.0032,0.0040,0.0172,-0.4473,1.5190,0.0741,0.0068,0.0041,0.0455,-0.6214,1.8205
2026-09-16T20:30:51.790Z,0.0935,0.0135,0.0033,0.0354,-1.1410,0.6523,0.0433,0.0012,0.0054,0.0122,-0.1149,6.8847,0.0771,0.0054,0.0028,0.0504,-0.9554,2.1668
2026-09-16T20:30:52.791Z,0.0943,0.0019,0.0094,0.0459,-1.2680,11.5358,0.0375,0.0028,0.0033,0.0093,0.3287,2.2914,0.0763,0.0117,0.0046,0.0311,-1.2921,0.7215
2026-09-16T20:30:53.779Z,0.0981,0.0137,0.0030,0.0509,-0.9214,0.4965,0.0487,0.0025,0.0082,0.0104,-0.4365,4.1760,0.0795,0.0132,0.0063,0.0475,-1.1817,1.1851
2026-09-16T20:30:54.779Z,0.0910,0.0054,0.0039,0.0553,-0.8944,2.0349,0.0467,0.0069,0.0005,0.0108,0.1795,0.7673,0.0792,0.0053,0.0029,0.0325,-0.9913,3.2426
2026-09-16T20:30:55.811Z,0.1082,0.0031,0.0038,0.0386,-0.7580,9.5278,0.0785,0.0047,0.0045,0.0125,20.6250,1.8365,0.0934,0.0111,0.0062,0.0151,-1.0860,1.0511
2026-09-16T20:30:56.849Z,0.0303,0.0016,0.0007,0.0019,6.3941,1.1752,0.0445,0.0046,0.0047,0.0037,13.4844,1.2958,0.0211,0.0020,0.0012,0.0034,5.4235,1.2082
2026-09-16T20:30:57.866Z,0.0138,0.0024,0.0010,0.0019,7.7616,1.0678,0.0107,0.0005,0.0004,0.0006,7.4032,1.6689,0.0129,0.0007,0.0012,0.0019,5.2735,2.2335
2026-09-16T20:30:58.875Z,0.0088,0.0002,0.0000,0.0001,22.3173,0.4742,0.0063,0.0001,0.0000,0.0000,31.2186,0.8201,0.0109,0.0006,0.0006,0.0006,15.8942,1.4079
2026-09-16T20:30:59.906Z,0.0076,0.0016,0.0007,0.0011,23.0982,0.9919,0.0093,0.0006,0.0016,0.0018,15.5670,4.3923,0.0055,0.0000,0.0000,0.0000,45.0204,0.0000
2026-09-16T20:31:00.923Z,0.0289,0.0026,0.0013,0.0034,2.7527,1.9059,0.0256,0.0013,0.0022,0.0022,1.1276,2.2419,0.0162,0.0034,0.0023,0.0017,3.0541,0.8857
2026-09-16T20:31:01.943Z,0.0103,0.0007,0.0002,0.0003,10.3951,0.5083,0.0277,0.0016,0.0015,0.0021,-0.8265,1.1555,0.0157,0.0012,0.0002,0.0005,2.6112,0.3191
2026-09-16T20:31:02.946Z,0.0116,0.0008,0.0004,0.0003,6.5245,0.7046,0.0214,0.0017,0.0028,0.0023,1.0346,1.8185,0.0050,0.0006,0.0007,0.0004,54.5932,1.3968
2026-09-16T20:31:03.949Z,0.0198,0.0023,0.0015,0.0022,6.8401,1.2541,0.0277,0.0024,0.0022,0.0019,1.0670,1.0841,0.0156,0.0046,0.0015,0.0026,2.5522,0.3648
2026-09-16T20:31:04.949Z,0.0310,0.0049,0.0013,0.0033,0.7119,0.4769,0.0420,0.0041,0.0013,0.0029,-0.7613,0.4772,0.0247,0.0030,0.0012,0.0018,0.8056,0.4732
2026-09-16T20:31:05.990Z,0.0562,0.0212,0.0114,0.0052,5.9526,0.5546,0.0552,0.0171,0.0065,0.0064,-0.0880,0.4234,0.0507,0.0260,0.0081,0.0068,2.2956,0.3830
2026-09-16T20:31:07.028Z,0.0140,0.0017,0.0013,0.0014,4.4758,0.9760,0.0214,0.0005,0.0006,0.0014,0.6542,2.0603,0.0111,0.0012,0.0015,0.0013,9.0108,1.7584
2026-09-16T20:31:08.024Z,0.0084,0.0006,0.0003,0.0005,84.8581,1.0714,0.0130,0.0020,0.0003,0.0010,5.1934,0.4749,0.0129,0.0007,0.0021,0.0015,6.7447,3.7103
2026-09-16T20:31:09.048Z,0.0099,0.0001,0.0001,0.0000,31.0578,1.2957,0.0132,0.0014,0.0011,0.0009,6.5674,1.0744,0.0088,0.0031,0.0002,0.0011,14.7058,0.3716
2026-09-16T20:31:10.043Z,0.0153,0.0009,0.0025,0.0026,10.4653,4.1125,0.0212,0.0006,0.0011,0.0021,1.8397,4.1321,0.0161,0.0001,0.0031,0.0027,2.9534,44.6625
2026-09-16T20:31:11.060Z,0.0118,0.0026,0.0022,0.0019,8.9568,1.1475,0.0218,0.0089,0.0023,0.0024,0.6156,0.3641,0.0079,0.0004,0.0000,0.0002,16.4121,0.4675
2026-09-16T20:31:12.090Z,0.0105,0.0023,0.0022,0.0015,10.7537,1.1038,0.0161,0.0013,0.0005,0.0011,1.4221,0.6505,0.0202,0.0027,0.0015,0.0023,2.1627,0.7066
2026-09-16T20:31:13.109Z,0.0271,0.0071,0.0022,0.0071,2.8156,0.6266,0.0325,0.0017,0.0019,0.0040,0.4984,2.6210,0.0175,0.0017,0.0015,0.0028,2.5759,1.9615
2026-09-16T20:31:14.127Z,0.0164,0.0002,0.0002,0.0004,3.4974,2.8563,0.0239,0.0038,0.0021,0.0027,3.5558,0.8209,0.0121,0.0016,0.0013,0.0015,8.2076,1.1920
2026-09-16T20:31:15.140Z,0.0117,0.0014,0.0010,0.0009,15.4427,1.0383,0.0147,0.0004,0.0004,0.0014,3.4492,2.9975,0.0138,0.0033,0.0016,0.0014,7.1391,0.5589
2026-09-16T20:31:16.188Z,0.0230,0.0029,0.0055,0.0035,17.4076,2.3332,0.0175,0.0039,0.0018,0.0021,2.1327,0.6924,0.0175,0.0017,0.0055,0.0026,4.4814,3.7297
2026-09-16T20:31:17.205Z,0.0039,0.0000,0.0000,0.0000,97.0000,0.0000,0.0121,0.0019,0.0006,0.0007,6.7128,0.4645,0.0158,0.0010,0.0014,0.0031,1.9627,2.5168
2026-09-16T20:31:18.206Z,0.0000,0.0000,0.0000,0.0000,0.0000,0.0000,0.0113,0.0023,0.0004,0.0008,14.0154,0.4114,0.0132,0.0021,0.0005,0.0011,7.0519,0.7136
2026-09-16T20:31:19.209Z,0.0183,0.0007,0.0010,0.0014,3.3326,2.2605,0.0224,0.0027,0.0015,0.0010,2.1649,0.6242,0.0180,0.0030,0.0024,0.0028,3.9228,1.4429
2026-09-16T20:31:20.222Z,0.0150,0.0017,0.0005,0.0016,3.9377,0.7334,0.0299,0.0042,0.0013,0.0026,-0.1796,0.6187,0.0199,0.0027,0.0003,0.0016,4.1813,0.5935
2026-09-16T20:31:21.248Z,0.0219,0.0021,0.0007,0.0017,0.8244,0.9479,0.0277,0.0017,0.0018,0.0019,-0.2746,1.2870,0.0184,0.0075,0.0003,0.0030,1.3732,0.5196
2026-09-16T20:31:22.263Z,0.0198,0.0024,0.0011,0.0020,1.7335,0.9041,0.0227,0.0017,0.0017,0.0020,0.6184,1.4705,0.0166,0.0018,0.0015,0.0020,3.3754,1.3562
2026-09-16T20:31:23.283Z,0.0113,0.0021,0.0006,0.0013,7.8959,0.6145,0.0183,0.0031,0.0014,0.0022,1.6010,0.5508,0.0143,0.0024,0.0011,0.0014,5.8023,0.7938
2026-09-16T20:31:24.309Z,0.0227,0.0024,0.0021,0.0015,-0.0369,1.0183,0.0348,0.0055,0.0015,0.0028,-1.2490,0.4536,0.0124,0.0010,0.0002,0.0011,6.3755,0.8483
2026-09-16T20:31:25.309Z,0.0073,0.0002,0.0004,0.0007,32.7035,5.6087,0.0233,0.0030,0.0008,0.0016,1.0164,0.6028,0.0124,0.0017,0.0012,0.0010,9.6903,0.8714
2026-09-16T20:31:26.328Z,0.0093,0.0002,0.0003,0.0013,16.3989,10.5653,0.0093,0.0014,0.0006,0.0008,11.8950,0.6699,0.0121,0.0014,0.0009,0.0015,13.5940,1.2199
2026-09-16T20:31:27.343Z,0.0133,0.0008,0.0003,0.0009,5.5657,1.1713,0.0219,0.0048,0.0012,0.0016,0.3211,0.4193,0.0160,0.0040,0.0019,0.0020,5.2145,0.8095
2026-09-16T20:31:28.343Z,0.0087,0.0017,0.0010,0.0009,16.3230,0.8337,0.0219,0.0032,0.0010,0.0035,1.1766,0.9275,0.0091,0.0012,0.0006,0.0011,12.3268,0.6134
2026-09-16T20:31:29.343Z,0.0094,0.0005,0.0004,0.0006,12.0662,1.6989,0.0099,0.0011,0.0011,0.0021,10.6608,1.5653,0.0135,0.0012,0.0011,0.0012,4.1388,1.5471
2026-09-16T20:31:30.367Z,0.0030,0.0002,0.0002,0.0001,1.8431,0.8170,0.0094,0.0035,0.0004,0.0012,10.9639,0.4154,0.0166,0.0042,0.0027,0.0032,4.0996,1.0444
2026-09-16T20:31:31.388Z,0.0103,0.0007,0.0013,0.0013,11.2533,2.7767,0.0113,0.0029,0.0006,0.0016,9.6161,0.4708,0.0154,0.0014,0.0026,0.0020,3.4192,2.4794
2026-09-16T20:31:32.406Z,0.0253,0.0010,0.0014,0.0018,5.8508,2.6856,0.0439,0.0032,0.0015,0.0027,-0.6355,0.6779,0.0247,0.0005,0.0014,0.0022,0.7343,6.3878
2026-09-16T20:31:33.409Z,0.0243,0.0038,0.0010,0.0025,0.0795,0.5622,0.0361,0.0007,0.0011,0.0018,-1.0436,2.5940,0.0170,0.0017,0.0013,0.0017,4.9668,1.1298
2026-09-16T20:31:34.429Z,0.0139,0.0030,0.0017,0.0017,5.3179,0.8179,0.0303,0.0051,0.0023,0.0032,-1.0143,0.5088,0.0176,0.0021,0.0007,0.0014,1.0087,0.4964
2026-09-16T20:31:35.450Z,0.0191,0.0030,0.0008,0.0018,1.1839,0.6287,0.0335,0.0048,0.0010,0.0030,-1.1424,0.4849,0.0139,0.0015,0.0010,0.0015,5.0680,1.0283
2026-09-16T20:31:36.468Z,0.0168,0.0047,0.0021,0.0020,2.8960,0.5941,0.0262,0.0008,0.0018,0.0017,0.2513,2.6280,0.0175,0.0040,0.0015,0.0021,0.6884,0.4586
2026-09-16T20:31:37.507Z,0.0087,0.0000,0.0005,0.0008,10.3395,28.7858,0.0158,0.0023,0.0018,0.0017,2.7612,1.1608,0.0157,0.0014,0.0015,0.0018,2.4861,1.3666
2026-09-16T20:31:38.508Z,0.0194,0.0017,0.0015,0.0019,2.0861,1.0817,0.0153,0.0010,0.0007,0.0008,3.4578,1.0083,0.0194,0.0025,0.0007,0.0032,0.7006,0.5288
2026-09-16T20:31:39.508Z,0.0088,0.0020,0.0011,0.0019,14.0613,0.8221,0.0149,0.0019,0.0007,0.0017,6.3299,0.8435,0.0166,0.0026,0.0026,0.0044,2.3265,2.0573
2026-09-16T20:31:40.528Z,0.0188,0.0019,0.0030,0.0052,3.9899,2.7651,0.0195,0.0016,0.0012,0.0019,0.8399,1.9305,0.0165,0.0034,0.0011,0.0011,2.4230,0.5047
2026-09-16T20:31:41.529Z,0.0089,0.0001,0.0000,0.0000,15.9389,0.9035,0.0234,0.0066,0.0011,0.0028,0.2414,0.2870,0.0219,0.0006,0.0041,0.0024,0.2213,9.1355
2026-09-16T20:31:42.549Z,0.0348,0.0021,0.0005,0.0026,2.6201,0.9604,0.0368,0.0064,0.0025,0.0027,0.6409,0.6303,0.0362,0.0035,0.0037,0.0029,0.9932,1.4194
2026-09-16T20:31:43.560Z,0.0182,0.0012,0.0012,0.0017,2.9660,1.4390,0.0207,0.0027,0.0002,0.0011,0.8932,0.5799,0.0189,0.0028,0.0019,0.0025,1.2349,0.7868
2026-09-16T20:31:44.564Z,0.0051,0.0002,0.0005,0.0006,49.2347,3.8707,0.0128,0.0023,0.0010,0.0009,7.1921,0.6747,0.0160,0.0029,0.0033,0.0024,3.4057,1.2420
2026-09-16T20:31:45.567Z,0.0083,0.0018,0.0004,0.0006,19.2222,0.4313,0.0185,0.0011,0.0012,0.0017,1.3233,1.6087,0.0119,0.0003,0.0001,0.0002,7.6836,0.9072
2026-09-16T20:31:46.588Z,0.0116,0.0019,0.0004,0.0006,15.2093,0.4368,0.0145,0.0020,0.0006,0.0012,2.8387,0.4136,0.0205,0.0014,0.0018,0.0026,0.3858,2.1620
2026-09-16T20:31:47.605Z,0.0299,0.0033,0.0022,0.0038,0.3740,1.0140,0.0412,0.0018,0.0025,0.0033,-0.6781,1.7107,0.0232,0.0017,0.0016,0.0020,0.4860,1.1238
2026-09-16T20:31:48.607Z,0.0097,0.0001,0.0001,0.0007,11.8461,1.0364,0.0250,0.0020,0.0011,0.0020,0.2068,1.1124,0.0148,0.0038,0.0021,0.0027,4.3120,0.8455
2026-09-16T20:31:49.629Z,0.0325,0.0021,0.0034,0.0040,0.5676,1.8118,0.0479,0.0033,0.0008,0.0042,-0.9125,1.0004,0.0288,0.0038,0.0014,0.0030,-0.1110,0.9413
2026-09-16T20:31:50.648Z,0.0114,0.0042,0.0008,0.0010,8.5015,0.2595,0.0300,0.0029,0.0007,0.0014,0.8003,0.3897,0.0209,0.0038,0.0024,0.0022,4.4679,0.8507
2026-09-16T20:31:51.668Z,0.0000,0.0000,0.0000,0.0000,0.0000,0.0000,0.0236,0.0012,0.0004,0.0016,-0.0558,0.8167,0.0114,0.0001,0.0006,0.0003,11.6286,7.1713
2026-09-16T20:31:52.688Z,0.0118,0.0038,0.0009,0.0022,7.3424,0.5390,0.0197,0.0023,0.0018,0.0015,0.1435,1.2440,0.0101,0.0010,0.0019,0.0021,8.4025,2.8396
2026-09-16T20:31:53.708Z,0.0000,0.0000,0.0000,0.0000,0.0000,0.0000,0.0145,0.0017,0.0017,0.0014,1.4405,1.1709,0.0143,0.0023,0.0007,0.0011,3.7680,0.6899
2026-09-16T20:31:54.727Z,0.0000,0.0000,0.0000,0.0000,0.0000,0.0000,0.0094,0.0009,0.0003,0.0004,12.1107,0.5429,0.0107,0.0012,0.0018,0.0011,21.9255,1.7297
2026-09-16T20:31:55.742Z,0.0111,0.0011,0.0014,0.0010,8.5671,1.8533,0.0152,0.0015,0.0009,0.0010,2.5803,0.8073,0.0166,0.0006,0.0002,0.0004,4.0636,0.6429
2026-09-16T20:31:56.758Z,0.0082,0.0004,0.0004,0.0011,15.9793,3.2979,0.0191,0.0009,0.0009,0.0017,1.2730,1.6884,0.0110,0.0006,0.0012,0.0013,9.2496,3.2935
2026-09-16T20:31:57.807Z,0.0102,0.0006,0.0006,0.0007,10.5030,1.8975,0.0150,0.0001,0.0004,0.0008,1.0590,11.9238,0.0094,0.0016,0.0018,0.0008,54.5932,1.3078
2026-09-16T20:31:58.827Z,0.0000,0.0000,0.0000,0.0000,0.0000,0.0000,0.0147,0.0008,0.0009,0.0009,2.4858,1.6473,0.0140,0.0035,0.0003,0.0017,4.9536,0.3249
2026-09-16T20:31:59.847Z,0.0063,0.0010,0.0002,0.0003,16.4914,0.4349,0.0128,0.0014,0.0008,0.0011,3.4788,0.7787,0.0086,0.0013,0.0008,0.0013,9.5947,1.2633
2026-09-16T20:32:00.856Z,0.0131,0.0004,0.0003,0.0003,7.9466,1.2058,0.0125,0.0023,0.0009,0.0012,7.8627,0.5557,0.0120,0.0009,0.0001,0.0012,5.6997,1.5105
2026-09-16T20:32:01.891Z,0.0042,0.0006,0.0005,0.0004,51.9264,1.1280,0.0073,0.0004,0.0007,0.0007,15.1164,2.2260,0.0134,0.0015,0.0020,0.0016,3.9398,1.7446
2026-09-16T20:32:02.906Z,0.0038,0.0001,0.0001,0.0001,17.3656,1.8058,0.0152,0.0020,0.0005,0.0008,3.7269,0.3345,0.0103,0.0023,0.0009,0.0010,10.4541,0.6365
2026-09-16T20:32:03.927Z,0.0093,0.0020,0.0012,0.0015,14.0757,1.0706,0.0072,0.0009,0.0020,0.0013,18.3813,2.7732,0.0117,0.0022,0.0039,0.0037,7.3487,2.6646
2026-09-16T20:32:04.929Z,0.0074,0.0003,0.0001,0.0005,19.6028,1.2237,0.0147,0.0014,0.0007,0.0018,3.6847,1.3215,0.0088,0.0013,0.0014,0.0014,14.7813,1.3959
2026-09-16T20:32:05.941Z,0.0147,0.0007,0.0007,0.0006,4.8176,1.5479,0.0294,0.0026,0.0013,0.0020,0.3781,0.8505,0.0175,0.0005,0.0006,0.0020,3.0784,3.8998
2026-09-16T20:32:06.968Z,0.0109,0.0018,0.0015,0.0028,6.8024,1.5934,0.0278,0.0046,0.0010,0.0023,0.5715,0.4876,0.0232,0.0027,0.0011,0.0020,0.8977,0.9967
2026-09-16T20:32:08.009Z,0.0140,0.0016,0.0012,0.0009,9.1415,0.9310,0.0258,0.0047,0.0003,0.0022,-0.2016,0.3877,0.0128,0.0012,0.0015,0.0012,6.5044,1.6516
2026-09-16T20:32:09.029Z,0.0075,0.0003,0.0010,0.0012,19.4094,4.6310,0.0194,0.0065,0.0013,0.0024,1.1952,0.3522,0.0132,0.0019,0.0018,0.0020,7.8571,0.9980
2026-09-16T20:32:10.027Z,0.0078,0.0025,0.0007,0.0008,17.3526,0.4649,0.0151,0.0015,0.0007,0.0013,3.3028,0.9504,0.0110,0.0012,0.0018,0.0027,7.7303,2.6895
2026-09-16T20:32:11.028Z,0.0081,0.0001,0.0003,0.0008,16.7453,8.4298,0.0197,0.0028,0.0009,0.0022,1.8643,0.5800,0.0135,0.0018,0.0019,0.0021,3.6498,1.4471
2026-09-16T20:32:12.027Z,0.0146,0.0005,0.0003,0.0004,5.2320,0.7355,0.0157,0.0024,0.0010,0.0013,2.2426,0.7105,0.0112,0.0004,0.0013,0.0013,8.8590,5.0277
2026-09-16T20:32:13.048Z,0.0106,0.0013,0.0012,0.0008,10.0074,1.1597,0.0138,0.0003,0.0003,0.0005,5.8223,2.8981,0.0122,0.0016,0.0008,0.0012,10.3717,0.9122
2026-09-16T20:32:14.069Z,0.0098,0.0007,0.0005,0.0005,10.8094,1.2139,0.0106,0.0006,0.0008,0.0008,8.9391,2.1499,0.0066,0.0002,0.0001,0.0001,20.6454,0.7168
2026-09-16T20:32:15.068Z,0.0144,0.0014,0.0011,0.0025,4.4727,1.6652,0.0122,0.0024,0.0016,0.0014,5.9490,0.8696,0.0093,0.0002,0.0003,0.0002,63.8685,1.4874
2026-09-16T20:32:16.068Z,0.0144,0.0025,0.0002,0.0014,2.9507,0.2719,0.0132,0.0022,0.0008,0.0017,10.2164,0.6673,0.0138,0.0050,0.0003,0.0035,5.4162,0.5014
2026-09-16T20:32:17.068Z,0.0120,0.0004,0.0006,0.0021,6.3444,5.4758,0.0078,0.0016,0.0005,0.0010,20.1518,0.7640,0.0126,0.0018,0.0006,0.0012,4.9776,0.9282
2026-09-16T20:32:18.108Z,0.0110,0.0007,0.0006,0.0017,12.7362,2.6906,0.0194,0.0013,0.0007,0.0019,0.7960,1.1845,0.0127,0.0014,0.0023,0.0019,10.3755,2.1959
2026-09-16T20:32:19.127Z,0.0100,0.0008,0.0001,0.0003,8.8815,0.3838,0.0225,0.0007,0.0012,0.0020,0.2346,1.9049,0.0135,0.0023,0.0023,0.0020,4.6637,1.4192
2026-09-16T20:32:20.128Z,0.0108,0.0026,0.0003,0.0007,6.4281,0.3495,0.0177,0.0008,0.0006,0.0012,2.1940,1.2584,0.0125,0.0027,0.0009,0.0012,11.3937,0.6047
2026-09-16T20:32:21.140Z,0.0103,0.0003,0.0006,0.0005,13.3563,2.6724,0.0213,0.0028,0.0004,0.0011,0.9285,0.3355,0.0095,0.0018,0.0006,0.0004,13.0942,0.4239
2026-09-16T20:32:22.169Z,0.0109,0.0007,0.0006,0.0009,9.3466,1.2162,0.0117,0.0006,0.0005,0.0005,6.4929,0.9984,0.0186,0.0037,0.0007,0.0026,0.7337,0.2978
2026-09-16T20:32:23.188Z,0.0105,0.0011,0.0018,0.0012,10.1973,1.9864,0.0079,0.0022,0.0005,0.0009,15.8923,0.5170,0.0097,0.0017,0.0013,0.0010,16.6146,0.9676
2026-09-16T20:32:24.190Z,0.0226,0.0038,0.0030,0.0020,2.9927,0.9166,0.0569,0.0018,0.0041,0.0039,0.2315,3.0390,0.0230,0.0021,0.0019,0.0032,-0.2133,1.9643
2026-09-16T20:32:25.209Z,0.0367,0.0006,0.0018,0.0027,-0.5569,4.8926,0.0591,0.0010,0.0005,0.0036,-0.8504,3.9820,0.0296,0.0025,0.0034,0.0029,0.0779,1.6219
2026-09-16T20:32:26.223Z,0.0202,0.0007,0.0006,0.0013,0.5476,1.6664,0.0338,0.0013,0.0024,0.0021,-1.4992,2.2235,0.0243,0.0026,0.0010,0.0020,-0.5019,0.6901
2026-09-16T20:32:27.240Z,0.0128,0.0006,0.0014,0.0014,5.4215,3.5816,0.0255,0.0013,0.0027,0.0019,0.5858,2.3524,0.0186,0.0032,0.0014,0.0022,2.9393,0.7440
2026-09-16T20:32:28.287Z,0.0084,0.0004,0.0004,0.0013,14.5754,3.3404,0.0217,0.0035,0.0010,0.0014,0.4217,0.4297,0.0131,0.0019,0.0008,0.0026,10.1343,1.1259
2026-09-16T20:32:29.309Z,0.0000,0.0000,0.0000,0.0000,0.0000,0.0000,0.0194,0.0041,0.0015,0.0018,2.0997,0.5697,0.0124,0.0008,0.0005,0.0010,6.7978,1.5228
2026-09-16T20:32:30.309Z,0.0066,0.0031,0.0008,0.0012,29.7335,0.4740,0.0256,0.0034,0.0023,0.0022,-0.5706,1.3437,0.0119,0.0023,0.0014,0.0016,7.3631,0.9049
2026-09-16T20:32:31.309Z,0.0232,0.0033,0.0003,0.0031,4.1593,0.7954,0.0273,0.0009,0.0009,0.0037,2.5685,4.3422,0.0269,0.0051,0.0012,0.0032,0.1632,0.6394
2026-09-16T20:32:32.323Z,0.0125,0.0015,0.0020,0.0028,9.9616,1.8489,0.0166,0.0015,0.0007,0.0020,3.8780,0.9367,0.0172,0.0035,0.0022,0.0027,4.1930,1.1238
2026-09-16T20:32:33.340Z,0.0062,0.0009,0.0006,0.0007,23.8755,1.0940,0.0108,0.0010,0.0003,0.0007,8.5931,0.6487,0.0156,0.0012,0.0012,0.0053,4.1756,3.0535
2026-09-16T20:32:34.368Z,0.0123,0.0017,0.0010,0.0027,6.5410,1.5665,0.0087,0.0005,0.0007,0.0014,10.0823,2.8098,0.0096,0.0009,0.0013,0.0017,8.5131,2.3856
2026-09-16T20:32:35.389Z,0.0145,0.0023,0.0006,0.0007,4.1439,0.3866,0.0102,0.0017,0.0007,0.0006,13.6209,0.5411,0.0090,0.0018,0.0008,0.0011,14.3068,0.6573
2026-09-16T20:32:36.405Z,0.0317,0.0053,0.0051,0.0073,3.5443,1.8335,0.0258,0.0026,0.0007,0.0015,0.2317,0.4401,0.0197,0.0035,0.0016,0.0028,3.6429,0.8431
2026-09-16T20:32:37.423Z,0.0174,0.0023,0.0026,0.0030,1.2481,1.6049,0.0247,0.0017,0.0010,0.0019,-0.0614,1.3882,0.0107,0.0003,0.0003,0.0004,14.8345,2.2617
2026-09-16T20:32:38.442Z,0.0076,0.0001,0.0001,0.0001,17.2693,1.2759,0.0171,0.0007,0.0005,0.0007,2.3561,1.0834,0.0104,0.0004,0.0004,0.0002,6.8911,1.2365
2026-09-16T20:32:39.476Z,0.0115,0.0020,0.0003,0.0015,11.2702,0.8131,0.0159,0.0014,0.0017,0.0013,3.5288,1.5473,0.0149,0.0036,0.0014,0.0017,3.2352,0.6510
2026-09-16T20:32:40.508Z,0.0071,0.0006,0.0004,0.0006,32.0207,1.2738,0.0078,0.0004,0.0003,0.0004,12.9957,1.6041,0.0148,0.0016,0.0015,0.0045,3.3098,2.4033
2026-09-16T20:32:41.528Z,0.0108,0.0002,0.0001,0.0001,11.7305,0.5587,0.0114,0.0011,0.0009,0.0006,8.2039,1.0905,0.0123,0.0006,0.0004,0.0015,5.9568,2.9233
2026-09-16T20:32:42.541Z,0.0178,0.0024,0.0025,0.0032,4.4196,1.3818,0.0195,0.0046,0.0030,0.0027,4.3264,0.9265,0.0155,0.0008,0.0020,0.0019,3.5739,2.8479
2026-09-16T20:32:43.558Z,0.0118,0.0006,0.0017,0.0007,6.1330,2.8288,0.0205,0.0017,0.0024,0.0023,1.1671,2.0572,0.0143,0.0031,0.0007,0.0020,3.4349,0.5459
2026-09-16T20:32:44.591Z,0.0000,0.0000,0.0000,0.0000,0.0000,0.0000,0.0093,0.0003,0.0007,0.0009,13.9783,3.1777,0.0146,0.0008,0.0009,0.0011,3.2304,1.5283
2026-09-16T20:32:45.587Z,0.0226,0.0015,0.0008,0.0053,3.9566,3.0908,0.0195,0.0004,0.0010,0.0038,2.2232,6.7025,0.0142,0.0012,0.0030,0.0020,6.2412,2.8423
2026-09-16T20:32:46.615Z,0.0000,0.0000,0.0000,0.0000,0.0000,0.0000,0.0049,0.0005,0.0004,0.0004,32.5927,1.5412,0.0176,0.0020,0.0009,0.0020,1.3187,0.8971
2026-09-16T20:32:47.637Z,0.0193,0.0014,0.0007,0.0016,7.6443,1.2366,0.0114,0.0006,0.0011,0.0012,7.9545,2.2507,0.0068,0.0005,0.0002,0.0002,25.8751,0.5111
2026-09-16T20:32:48.650Z,0.0156,0.0016,0.0013,0.0014,8.1921,0.8626,0.0171,0.0035,0.0011,0.0019,1.2572,0.4755,0.0213,0.0023,0.0004,0.0016,1.1796,0.7558
2026-09-16T20:32:49.668Z,0.0071,0.0008,0.0003,0.0010,20.0262,1.3864,0.0149,0.0003,0.0010,0.0009,5.8613,4.4538,0.0134,0.0005,0.0012,0.0020,3.2500,3.8827
2026-09-16T20:32:50.683Z,0.0094,0.0015,0.0006,0.0006,20.8435,0.5954,0.0165,0.0015,0.0008,0.0007,4.9001,0.6354,0.0125,0.0009,0.0006,0.0024,5.5796,2.9665
2026-09-16T20:32:51.691Z,0.0118,0.0027,0.0001,0.0009,6.4925,0.3936,0.0167,0.0021,0.0008,0.0013,2.4073,0.4594,0.0144,0.0029,0.0019,0.0023,6.7209,1.0392
2026-09-16T20:32:52.718Z,0.0130,0.0019,0.0014,0.0015,6.8869,0.8691,0.0233,0.0036,0.0028,0.0030,0.3885,1.0407,0.0117,0.0019,0.0002,0.0008,6.6253,0.3843
2026-09-16T20:32:53.735Z,0.0100,0.0014,0.0011,0.0010,13.3450,1.0601,0.0116,0.0030,0.0008,0.0018,6.8792,0.6104,0.0095,0.0019,0.0008,0.0007,5.3911,0.4878
2026-09-16T20:32:54.769Z,0.0073,0.0013,0.0001,0.0005,16.1040,0.4539,0.0197,0.0023,0.0012,0.0025,1.0032,1.2483,0.0121,0.0011,0.0005,0.0006,9.0083,0.6571
2026-09-16T20:32:55.786Z,0.0122,0.0017,0.0016,0.0010,7.7988,1.2523,0.0172,0.0024,0.0019,0.0014,2.0276,0.9530,0.0085,0.0014,0.0001,0.0006,15.3254,0.3664
2026-09-16T20:32:56.807Z,0.0163,0.0013,0.0007,0.0021,2.4150,1.3752,0.0139,0.0016,0.0004,0.0006,4.3803,0.5429,0.0175,0.0022,0.0009,0.0017,1.4556,0.8040
2026-09-16T20:32:57.806Z,0.0044,0.0001,0.0001,0.0001,59.3922,1.6715,0.0128,0.0017,0.0004,0.0014,6.9779,0.9637,0.0100,0.0004,0.0011,0.0008,9.6339,3.3043
2026-09-16T20:32:58.827Z,0.0058,0.0012,0.0009,0.0004,26.6796,0.8849,0.0124,0.0018,0.0012,0.0010,6.8261,0.7526,0.0116,0.0036,0.0015,0.0015,6.9841,0.5577
2026-09-16T20:32:59.858Z,0.0090,0.0011,0.0002,0.0005,15.2928,0.5648,0.0110,0.0022,0.0006,0.0007,10.6312,0.4455,0.0065,0.0002,0.0000,0.0002,27.3229,1.9968
2026-09-16T20:33:00.887Z,0.0126,0.0021,0.0012,0.0025,8.5158,1.3138,0.0108,0.0013,0.0007,0.0007,6.7342,0.8260,0.0050,0.0003,0.0011,0.0010,54.5932,5.5347
2026-09-16T20:33:01.887Z,0.0112,0.0020,0.0011,0.0010,8.3505,0.5950,0.0211,0.0020,0.0011,0.0016,0.5420,0.7188,0.0135,0.0036,0.0018,0.0015,4.3615,0.5888
2026-09-16T20:33:02.902Z,0.0102,0.0020,0.0005,0.0013,11.8748,0.6127,0.0147,0.0020,0.0011,0.0008,4.6266,0.7278,0.0155,0.0015,0.0014,0.0021,3.7666,1.7155
2026-09-16T20:33:03.923Z,0.0102,0.0052,0.0010,0.0017,9.7958,0.4285,0.0122,0.0016,0.0009,0.0017,8.6054,1.1219,0.0069,0.0001,0.0003,0.0004,19.3816,5.3905
2026-09-16T20:33:04.948Z,0.0090,0.0004,0.0014,0.0023,18.6937,8.2464,0.0055,0.0002,0.0001,0.0001,26.3295,0.8486,0.0123,0.0011,0.0007,0.0009,6.8191,1.0806
2026-09-16T20:33:05.967Z,0.0179,0.0009,0.0008,0.0019,1.1857,1.5353,0.0254,0.0039,0.0010,0.0020,0.1800,0.4166,0.0175,0.0011,0.0010,0.0025,3.0165,2.4684
2026-09-16T20:33:06.974Z,0.0171,0.0013,0.0006,0.0018,5.0381,1.6525,0.0197,0.0014,0.0012,0.0017,1.6429,1.4006,0.0141,0.0019,0.0003,0.0022,3.0654,0.8624
2026-09-16T20:33:08.006Z,0.0370,0.0019,0.0032,0.0040,-0.1264,2.4336,0.0508,0.0027,0.0038,0.0039,-0.7137,1.9130,0.0199,0.0014,0.0013,0.0020,6.8955,1.8118
2026-09-16T20:33:09.029Z,0.0319,0.0042,0.0058,0.0074,10.5251,2.2941,0.0266,0.0028,0.0009,0.0019,-0.1964,0.6559,0.0191,0.0020,0.0048,0.0027,2.3005,2.6873
2026-09-16T20:33:10.069Z,0.0268,0.0082,0.0044,0.0029,1.4976,0.6843,0.0448,0.0016,0.0018,0.0040,-0.4994,2.8083,0.0208,0.0047,0.0026,0.0020,2.2271,0.6210
2026-09-16T20:33:11.085Z,0.0280,0.0022,0.0016,0.0057,2.1465,2.2930,0.0464,0.0010,0.0019,0.0035,-0.5427,3.3878,0.0238,0.0020,0.0007,0.0034,0.7948,1.6390
2026-09-16T20:33:12.086Z,0.0147,0.0018,0.0014,0.0007,4.6917,0.9436,0.0155,0.0005,0.0003,0.0009,3.5171,0.8521,0.0103,0.0008,0.0007,0.0006,9.1067,1.2042
2026-09-16T20:33:13.086Z,0.0104,0.0014,0.0002,0.0005,16.5314,0.4290,0.0096,0.0005,0.0001,0.0002,11.0667,0.4585,0.0123,0.0007,0.0012,0.0017,7.3639,3.5696
2026-09-16T20:33:14.108Z,0.0079,0.0003,0.0001,0.0001,88.3719,0.4329,0.0127,0.0012,0.0008,0.0012,8.5361,0.8972,0.0105,0.0015,0.0009,0.0026,10.0720,1.5009
2026-09-16T20:33:15.127Z,0.0122,0.0023,0.0008,0.0008,5.6313,0.4847,0.0069,0.0001,0.0000,0.0000,52.1607,0.4547,0.0083,0.0014,0.0006,0.0011,29.2278,1.2949
2026-09-16T20:33:16.145Z,0.0089,0.0005,0.0006,0.0004,56.4033,1.5860,0.0102,0.0016,0.0005,0.0017,14.4942,0.5400,0.0101,0.0011,0.0012,0.0009,10.5984,1.5830
2026-09-16T20:33:17.139Z,0.0135,0.0012,0.0014,0.0011,3.5666,1.4854,0.0068,0.0001,0.0001,0.0001,36.2182,1.4616,0.0066,0.0010,0.0003,0.0005,22.4990,0.5777
2026-09-16T20:33:18.167Z,0.0108,0.0001,0.0002,0.0002,19.6104,4.3256,0.0085,0.0005,0.0003,0.0003,19.1805,0.7471,0.0156,0.0033,0.0016,0.0016,2.7053,0.6901
2026-09-16T20:33:19.173Z,0.0107,0.0004,0.0008,0.0006,21.1938,3.2905,0.0110,0.0007,0.0005,0.0005,5.2427,1.0220,0.0108,0.0037,0.0026,0.0019,10.0512,0.8435
2026-09-16T20:33:20.228Z,0.0096,0.0018,0.0010,0.0009,15.0373,0.8084,0.0161,0.0017,0.0004,0.0015,3.2223,0.8349,0.0129,0.0016,0.0008,0.0018,5.5857,1.2142
2026-09-16T20:33:21.247Z,0.0079,0.0001,0.0001,0.0000,65.1268,1.0737,0.0143,0.0005,0.0002,0.0002,5.1759,0.4654,0.0119,0.0036,0.0013,0.0025,7.3397,0.5664
2026-09-16T20:33:22.259Z,0.0078,0.0000,0.0000,0.0000,0.0000,0.0000,0.0063,0.0018,0.0000,0.0006,45.0204,0.4222,0.0112,0.0023,0.0017,0.0018,9.1061,0.9099
2026-09-16T20:33:23.257Z,0.0075,0.0018,0.0011,0.0008,17.8252,0.8210,0.0154,0.0007,0.0008,0.0008,2.4204,1.6738,0.0091,0.0000,0.0000,0.0000,36.6193,1.1993
2026-09-16T20:33:24.269Z,0.0084,0.0001,0.0000,0.0000,42.9444,0.9029,0.0076,0.0003,0.0003,0.0003,25.3641,2.0705,0.0081,0.0016,0.0006,0.0013,17.1219,0.9271
2026-09-16T20:33:25.315Z,0.0105,0.0003,0.0002,0.0004,16.0087,1.0088,0.0101,0.0010,0.0006,0.0004,13.3979,0.6222,0.0082,0.0015,0.0016,0.0014,19.0912,1.1911
2026-09-16T20:33:26.358Z,0.0093,0.0016,0.0016,0.0010,54.1041,1.2955,0.0076,0.0001,0.0001,0.0001,23.6077,1.4459,0.0126,0.0022,0.0015,0.0016,5.8420,0.8626
2026-09-16T20:33:27.355Z,0.0116,0.0033,0.0010,0.0020,10.1849,0.7249,0.0081,0.0010,0.0006,0.0012,16.7913,1.5217,0.0089,0.0024,0.0010,0.0016,13.0650,0.7352
2026-09-16T20:33:28.357Z,0.0095,0.0011,0.0009,0.0007,25.8028,1.1061,0.0039,0.0000,0.0000,0.0000,0.0000,0.0000,0.0059,0.0000,0.0000,0.0000,26.5091,0.8058
2026-09-16T20:33:29.377Z,0.0134,0.0013,0.0008,0.0014,4.9026,0.8541,0.0068,0.0000,0.0000,0.0000,35.0256,0.0000,0.0046,0.0001,0.0001,0.0003,28.0364,3.5565
2026-09-16T20:33:30.388Z,0.0110,0.0025,0.0011,0.0016,14.1421,0.7125,0.0072,0.0017,0.0009,0.0007,19.9373,0.6984,0.0047,0.0007,0.0003,0.0002,53.7571,0.5055
2026-09-16T20:33:31.411Z,0.0052,0.0006,0.0006,0.0005,28.2052,1.5372,0.0039,0.0001,0.0001,0.0001,-1.4232,0.7161,0.0018,0.0000,0.0000,0.0000,395.0025,0.0000
2026-09-16T20:33:32.431Z,0.0081,0.0000,0.0000,0.0000,218.5107,0.0000,0.0039,0.0000,0.0000,0.0000,31.3919,0.0000,0.0107,0.0014,0.0007,0.0006,8.9244,0.7532
2026-09-16T20:33:33.429Z,0.0114,0.0005,0.0005,0.0005,10.6543,1.8717,0.0101,0.0009,0.0008,0.0007,13.3284,1.3648,0.0128,0.0010,0.0012,0.0013,3.7981,2.0600
2026-09-16T20:33:34.437Z,0.0107,0.0006,0.0001,0.0002,18.4467,0.3405,0.0071,0.0000,0.0000,0.0000,40.9229,1.1870,0.0113,0.0006,0.0016,0.0015,7.1286,3.7368
2026-09-16T20:33:35.477Z,0.0194,0.0016,0.0008,0.0023,9.1457,1.5539,0.0138,0.0008,0.0006,0.0010,4.1525,1.8111,0.0087,0.0018,0.0018,0.0009,11.0165,1.1337
2026-09-16T20:33:36.478Z,0.0107,0.0000,0.0000,0.0000,12.4523,0.7875,0.0109,0.0002,0.0000,0.0005,6.8576,0.5797,0.0173,0.0025,0.0012,0.0017,1.7191,0.8092
2026-09-16T20:33:37.478Z,0.0138,0.0017,0.0010,0.0011,4.2667,0.8410,0.0135,0.0014,0.0006,0.0008,6.4448,0.7150,0.0123,0.0003,0.0011,0.0010,8.6012,4.7340
2026-09-16T20:33:38.498Z,0.0117,0.0000,0.0002,0.0003,7.8657,26.5267,0.0116,0.0020,0.0013,0.0008,9.9016,0.7900,0.0109,0.0006,0.0005,0.0008,8.5683,1.0928
2026-09-16T20:33:39.507Z,0.0115,0.0016,0.0012,0.0015,7.6432,0.9819,0.0140,0.0008,0.0009,0.0006,3.9211,1.3605,0.0167,0.0048,0.0017,0.0026,1.5010,0.5992
2026-09-16T20:33:40.505Z,0.0081,0.0012,0.0005,0.0008,22.1133,0.7221,0.0169,0.0023,0.0007,0.0013,1.8882,0.7246,0.0113,0.0034,0.0017,0.0017,6.6230,0.6245
2026-09-16T20:33:41.523Z,0.0096,0.0000,0.0000,0.0000,47.0000,0.0000,0.0100,0.0019,0.0004,0.0005,9.3610,0.4306,0.0000,0.0000,0.0000,0.0000,0.0000,0.0000
2026-09-16T20:33:42.558Z,0.0077,0.0001,0.0001,0.0001,28.3643,0.8343,0.0103,0.0008,0.0015,0.0017,17.6458,2.8274,0.0028,0.0002,0.0002,0.0002,207.7026,2.2681
2026-09-16T20:33:43.557Z,0.0058,0.0001,0.0001,0.0001,17.7831,0.7169,0.0096,0.0002,0.0009,0.0015,10.6436,7.4472,0.0139,0.0008,0.0022,0.0014,8.5790,3.3041
2026-09-16T20:33:44.557Z,0.0078,0.0000,0.0000,0.0000,0.0000,0.0000,0.0124,0.0010,0.0005,0.0006,7.7843,0.8025,0.0089,0.0014,0.0016,0.0012,11.1134,1.5484
2026-09-16T20:33:45.575Z,0.0057,0.0000,0.0002,0.0001,20.5106,9.1754,0.0106,0.0003,0.0003,0.0004,7.4048,2.1391,0.0114,0.0008,0.0021,0.0020,7.0423,3.4153
2026-09-16T20:33:46.610Z,0.0112,0.0001,0.0001,0.0000,26.8681,1.1044,0.0039,0.0000,0.0000,0.0000,0.0000,0.0000,0.0079,0.0031,0.0001,0.0012,19.2182,0.2158
2026-09-16T20:33:47.617Z,0.0109,0.0012,0.0014,0.0012,6.7850,1.5965,0.0058,0.0012,0.0013,0.0010,45.0926,1.4640,0.0088,0.0002,0.0012,0.0013,9.8709,8.8903
2026-09-16T20:33:48.628Z,0.0109,0.0008,0.0010,0.0008,11.0667,1.6360,0.0061,0.0005,0.0001,0.0001,52.1607,0.4350,0.0058,0.0010,0.0013,0.0010,30.2665,1.7392
2026-09-16T20:33:49.625Z,0.0128,0.0003,0.0013,0.0020,4.7084,5.9729,0.0130,0.0016,0.0007,0.0013,3.9419,1.0017,0.0131,0.0012,0.0008,0.0030,4.6193,2.1544
2026-09-16T20:33:50.659Z,0.0146,0.0028,0.0023,0.0012,6.5639,0.9969,0.0161,0.0026,0.0025,0.0015,2.6598,1.0720,0.0100,0.0016,0.0013,0.0039,12.7366,1.8889
2026-09-16T20:33:51.677Z,0.0148,0.0024,0.0002,0.0013,3.9211,0.4120,0.0211,0.0014,0.0018,0.0020,0.7789,1.3994,0.0142,0.0010,0.0015,0.0024,13.9583,2.1346
2026-09-16T20:33:52.695Z,0.0082,0.0000,0.0000,0.0000,128.3409,0.0000,0.0231,0.0014,0.0027,0.0018,-0.1602,2.0577,0.0093,0.0006,0.0006,0.0005,13.2995,1.5516
2026-09-16T20:33:53.712Z,0.0078,0.0000,0.0000,0.0000,0.0000,0.0000,0.0065,0.0018,0.0004,0.0005,39.4675,0.4329,0.0083,0.0011,0.0014,0.0007,17.2391,1.3470
2026-09-16T20:33:54.724Z,0.0078,0.0000,0.0000,0.0000,0.0000,0.0000,0.0039,0.0000,0.0000,0.0000,0.0000,0.0000,0.0091,0.0001,0.0001,0.0004,16.7192,4.2755
2026-09-16T20:33:55.738Z,0.0133,0.0011,0.0007,0.0007,6.5927,0.9593,0.0072,0.0007,0.0005,0.0003,28.3643,0.8298,0.0113,0.0007,0.0010,0.0007,8.7181,1.7024
2026-09-16T20:33:56.777Z,0.0130,0.0014,0.0009,0.0007,10.2240,0.8340,0.0039,0.0000,0.0000,0.0000,0.0000,0.0000,0.0161,0.0017,0.0009,0.0025,5.5296,1.2920
2026-09-16T20:33:57.799Z,0.0169,0.0012,0.0018,0.0018,3.6505,1.7434,0.0317,0.0021,0.0008,0.0023,-0.7269,1.2136,0.0200,0.0013,0.0009,0.0012,2.9521,1.1320
2026-09-16T20:33:58.808Z,0.0239,0.0030,0.0008,0.0013,2.1470,0.4260,0.0195,0.0007,0.0011,0.0014,2.8399,1.8726,0.0100,0.0016,0.0014,0.0015,11.1206,1.2689
2026-09-16T20:33:59.815Z,0.0178,0.0025,0.0022,0.0028,4.6127,1.6012,0.0292,0.0013,0.0011,0.0018,0.7397,1.2197,0.0228,0.0030,0.0028,0.0024,0.5957,1.1534
2026-09-16T20:34:00.838Z,0.0103,0.0000,0.0000,0.0000,52.1012,0.9682,0.0217,0.0015,0.0003,0.0014,0.2775,0.5756,0.0108,0.0028,0.0013,0.0009,7.9645,0.7401
2026-09-16T20:34:01.859Z,0.0144,0.0022,0.0001,0.0008,3.1940,0.4964,0.0164,0.0004,0.0003,0.0005,2.9682,1.2762,0.0140,0.0022,0.0012,0.0027,4.0961,1.0796
2026-09-16T20:34:02.876Z,0.0070,0.0007,0.0007,0.0006,15.8134,1.4878,0.0082,0.0014,0.0015,0.0011,12.4424,1.6098,0.0073,0.0021,0.0011,0.0011,22.1935,0.9278
2026-09-16T20:34:03.877Z,0.0134,0.0014,0.0027,0.0027,8.0544,2.1106,0.0199,0.0022,0.0019,0.0017,0.5611,1.1026,0.0131,0.0019,0.0003,0.0013,3.7536,0.4203
2026-09-16T20:34:04.898Z,0.0129,0.0019,0.0003,0.0006,4.2158,0.3741,0.0081,0.0013,0.0004,0.0008,30.9339,0.8497,0.0162,0.0060,0.0014,0.0044,2.4943,0.6745
2026-09-16T20:34:05.897Z,0.0121,0.0001,0.0001,0.0001,6.4641,1.2010,0.0116,0.0003,0.0001,0.0001,8.5015,0.6280,0.0153,0.0024,0.0024,0.0023,3.5002,1.5144
2026-09-16T20:34:06.938Z,0.0096,0.0001,0.0000,0.0000,23.6077,0.5252,0.0104,0.0015,0.0015,0.0010,21.9121,1.0825,0.0203,0.0015,0.0011,0.0034,0.2243,1.4837
2026-09-16T20:34:07.958Z,0.0101,0.0015,0.0007,0.0007,17.9545,0.6727,0.0127,0.0030,0.0009,0.0011,7.4592,0.3579,0.0133,0.0004,0.0008,0.0014,6.7424,5.0877
2026-09-16T20:34:08.978Z,0.0082,0.0003,0.0002,0.0003,19.0613,1.4402,0.0115,0.0003,0.0002,0.0003,5.3310,1.4028,0.0124,0.0020,0.0002,0.0013,5.3474,0.3951
2026-09-16T20:34:09.993Z,0.0092,0.0009,0.0006,0.0008,25.9931,1.2699,0.0128,0.0014,0.0004,0.0010,5.1015,0.7941,0.0088,0.0002,0.0001,0.0003,13.7642,1.5851
2026-09-16T20:34:11.013Z,0.0098,0.0001,0.0001,0.0001,21.7056,1.2378,0.0095,0.0003,0.0001,0.0001,15.8574,0.7930,0.0156,0.0009,0.0005,0.0008,6.4079,0.9904
2026-09-16T20:34:12.030Z,0.0108,0.0008,0.0007,0.0007,11.7305,1.5466,0.0088,0.0010,0.0010,0.0004,17.2004,1.0734,0.0047,0.0003,0.0001,0.0001,52.1607,0.4381
2026-09-16T20:34:13.058Z,0.0089,0.0010,0.0000,0.0004,45.0204,0.4197,0.0061,0.0016,0.0003,0.0005,52.1607,0.4250,0.0070,0.0001,0.0001,0.0001,26.3373,0.7649
2026-09-16T20:34:14.077Z,0.0078,0.0000,0.0000,0.0000,0.0000,0.0000,0.0111,0.0003,0.0003,0.0004,8.3015,1.6685,0.0107,0.0006,0.0006,0.0006,8.4646,1.5825
2026-09-16T20:34:15.092Z,0.0141,0.0015,0.0006,0.0008,2.5321,0.7432,0.0190,0.0033,0.0012,0.0020,0.6852,0.4351,0.0123,0.0023,0.0011,0.0011,5.6171,0.8419
2026-09-16T20:34:16.117Z,0.0165,0.0028,0.0020,0.0016,3.3778,0.8810,0.0203,0.0043,0.0010,0.0013,0.7682,0.3510,0.0116,0.0011,0.0003,0.0009,7.2990,0.5585
2026-09-16T20:34:17.158Z,0.0132,0.0009,0.0011,0.0018,6.3299,2.2325,0.0132,0.0002,0.0002,0.0005,5.3711,1.5973,0.0102,0.0029,0.0030,0.0022,10.5008,1.1464
2026-09-16T20:34:18.160Z,0.0174,0.0014,0.0018,0.0015,-0.3481,1.7541,0.0256,0.0017,0.0004,0.0011,-0.6434,0.6455,0.0101,0.0011,0.0018,0.0013,21.5894,2.0413
2026-09-16T20:34:19.159Z,0.0172,0.0032,0.0022,0.0018,3.5832,0.7396,0.0381,0.0035,0.0018,0.0029,-0.2234,0.9340,0.0183,0.0013,0.0017,0.0017,2.3931,1.5250
2026-09-16T20:34:20.158Z,0.0154,0.0022,0.0016,0.0020,5.3210,1.0286,0.0288,0.0026,0.0031,0.0022,0.4515,1.2649,0.0165,0.0025,0.0008,0.0019,2.0953,0.4502
2026-09-16T20:34:21.178Z,0.0078,0.0000,0.0000,0.0000,0.0000,0.0000,0.0097,0.0010,0.0004,0.0003,10.4541,0.5498,0.0080,0.0010,0.0004,0.0007,19.2123,0.7275
2026-09-16T20:34:22.197Z,0.0120,0.0015,0.0010,0.0016,8.3334,1.3117,0.0074,0.0014,0.0010,0.0006,25.8028,0.8334,0.0133,0.0014,0.0014,0.0018,7.6041,1.7487
2026-09-16T20:34:23.217Z,0.0123,0.0011,0.0003,0.0012,9.8653,1.7176,0.0039,0.0000,0.0000,0.0000,0.0000,0.0000,0.0156,0.0013,0.0004,0.0007,5.4599,0.7047
2026-09-16T20:34:24.238Z,0.0114,0.0022,0.0006,0.0007,8.4144,0.4044,0.0145,0.0029,0.0003,0.0017,4.4660,0.6456,0.0111,0.0012,0.0013,0.0011,6.9632,1.3088
2026-09-16T20:34:25.258Z,0.0144,0.0016,0.0003,0.0011,3.4207,0.5537,0.0088,0.0005,0.0005,0.0004,10.9102,1.4932,0.0148,0.0012,0.0001,0.0008,3.1933,0.5864
2026-09-16T20:34:26.258Z,0.0119,0.0008,0.0004,0.0005,8.1285,0.9867,0.0156,0.0032,0.0009,0.0018,4.3398,0.5036,0.0102,0.0010,0.0013,0.0012,7.5077,1.6535
2026-09-16T20:34:27.277Z,0.0180,0.0007,0.0008,0.0016,-0.3214,2.9289,0.0279,0.0035,0.0016,0.0020,-0.9914,0.5168,0.0112,0.0017,0.0005,0.0005,8.5844,0.4745
2026-09-16T20:34:28.317Z,0.0110,0.0023,0.0006,0.0006,14.3826,0.4337,0.0109,0.0005,0.0005,0.0007,6.8576,1.3485,0.0080,0.0024,0.0007,0.0011,17.7412,0.6692
2026-09-16T20:34:29.317Z,0.0099,0.0003,0.0002,0.0001,22.2301,1.0212,0.0185,0.0024,0.0014,0.0016,1.4107,0.8119,0.0110,0.0009,0.0024,0.0014,9.9698,3.4990
2026-09-16T20:34:30.337Z,0.0090,0.0001,0.0002,0.0004,63.4535,8.0860,0.0146,0.0006,0.0005,0.0007,4.6905,1.6468,0.0162,0.0033,0.0016,0.0027,2.1283,0.8006
2026-09-16T20:34:31.359Z,0.0119,0.0007,0.0008,0.0010,10.0602,1.7909,0.0131,0.0009,0.0007,0.0009,5.9506,1.6172,0.0111,0.0014,0.0010,0.0024,7.6643,1.6727
2026-09-16T20:34:32.358Z,0.0152,0.0011,0.0008,0.0007,3.6499,0.9244,0.0176,0.0036,0.0021,0.0023,0.9032,0.7544,0.0147,0.0015,0.0022,0.0017,3.9665,2.1614
2026-09-16T20:34:33.376Z,0.0147,0.0023,0.0004,0.0009,4.9541,0.2215,0.0141,0.0007,0.0007,0.0007,9.2935,1.7161,0.0152,0.0025,0.0020,0.0021,3.8690,1.2349
2026-09-16T20:34:34.397Z,0.0273,0.0009,0.0010,0.0015,2.4688,2.0281,0.0230,0.0013,0.0006,0.0010,3.2614,1.2869,0.0258,0.0023,0.0024,0.0018,10.0345,1.1712
2026-09-16T20:34:35.416Z,0.0156,0.0007,0.0001,0.0010,2.4566,0.8425,0.0332,0.0048,0.0004,0.0020,-0.1667,0.2864,0.0186,0.0006,0.0017,0.0015,1.0110,3.4667
2026-09-16T20:34:36.430Z,0.0312,0.0050,0.0024,0.0145,7.8525,2.2183,0.0279,0.0034,0.0045,0.0046,2.5780,1.8034,0.0111,0.0025,0.0021,0.0028,6.1872,1.6211
2026-09-16T20:34:37.458Z,0.0172,0.0021,0.0013,0.0014,0.4696,0.7845,0.0246,0.0025,0.0008,0.0022,-0.5009,0.6707,0.0080,0.0018,0.0006,0.0009,18.2544,0.5603
2026-09-16T20:34:38.498Z,0.0171,0.0017,0.0017,0.0024,0.7161,1.2909,0.0122,0.0024,0.0014,0.0009,8.4274,0.6744,0.0083,0.0003,0.0004,0.0012,18.2219,4.3208
2026-09-16T20:34:39.513Z,0.0109,0.0013,0.0004,0.0006,12.0830,0.6373,0.0133,0.0019,0.0003,0.0006,4.4814,0.3150,0.0154,0.0016,0.0009,0.0016,2.9351,1.5350
2026-09-16T20:34:40.532Z,0.0170,0.0018,0.0009,0.0024,2.2298,1.0283,0.0244,0.0016,0.0009,0.0014,-0.2531,0.8021,0.0112,0.0007,0.0006,0.0007,7.4569,1.3267
2026-09-16T20:34:41.538Z,0.0156,0.0011,0.0011,0.0016,3.2995,1.8708,0.0296,0.0018,0.0016,0.0026,-0.4116,1.7610,0.0077,0.0014,0.0014,0.0014,19.3054,1.4618
2026-09-16T20:34:42.557Z,0.0110,0.0011,0.0006,0.0004,19.0274,0.6766,0.0131,0.0015,0.0000,0.0008,6.4957,0.3975,0.0179,0.0002,0.0002,0.0005,2.1987,2.0256
2026-09-16T20:34:43.557Z,0.0239,0.0025,0.0012,0.0038,2.6682,1.5049,0.0368,0.0019,0.0014,0.0039,-0.4277,1.4905,0.0141,0.0013,0.0008,0.0011,8.7106,1.4364
2026-09-16T20:34:44.557Z,0.0150,0.0013,0.0017,0.0014,3.8431,1.9271,0.0209,0.0035,0.0005,0.0014,0.5028,0.2682,0.0080,0.0000,0.0002,0.0003,17.0600,8.8102
2026-09-16T20:34:45.578Z,0.0143,0.0015,0.0004,0.0010,3.7281,0.7291,0.0063,0.0018,0.0000,0.0006,45.0204,0.4188,0.0067,0.0012,0.0015,0.0010,28.0181,1.7301
2026-09-16T20:34:46.598Z,0.0102,0.0005,0.0003,0.0009,18.8631,1.3809,0.0130,0.0013,0.0009,0.0008,7.9996,0.9879,0.0069,0.0010,0.0009,0.0008,22.4817,1.6046
2026-09-16T20:34:47.597Z,0.0107,0.0002,0.0002,0.0001,12.4523,1.0560,0.0145,0.0006,0.0003,0.0009,2.7987,1.6047,0.0132,0.0010,0.0023,0.0012,4.5362,2.6387
2026-09-16T20:34:48.658Z,0.0113,0.0005,0.0004,0.0004,14.4688,1.4193,0.0113,0.0004,0.0004,0.0008,6.6914,1.7341,0.0130,0.0055,0.0020,0.0024,9.1676,0.5536
2026-09-16T20:34:49.675Z,0.0115,0.0018,0.0008,0.0011,10.1341,0.7037,0.0046,0.0000,0.0000,0.0000,195.0050,0.0000,0.0109,0.0024,0.0005,0.0018,10.5710,0.9051
2026-09-16T20:34:50.698Z,0.0092,0.0008,0.0003,0.0003,35.0256,0.5176,0.0086,0.0002,0.0001,0.0001,16.5314,1.0073,0.0116,0.0021,0.0015,0.0012,6.7724,0.9111
2026-09-16T20:34:51.717Z,0.0130,0.0009,0.0005,0.0004,3.3763,0.6745,0.0118,0.0021,0.0019,0.0014,7.1913,1.0392,0.0112,0.0013,0.0005,0.0009,11.2752,0.8357
2026-09-16T20:34:52.737Z,0.0112,0.0000,0.0000,0.0000,9.3610,0.7135,0.0112,0.0019,0.0007,0.0006,6.2100,0.5047,0.0136,0.0023,0.0006,0.0018,4.3479,0.7699
2026-09-16T20:34:53.757Z,0.0132,0.0010,0.0006,0.0013,6.1499,1.0389,0.0133,0.0001,0.0006,0.0009,2.6999,15.1601,0.0097,0.0012,0.0009,0.0008,10.7760,0.8937
2026-09-16T20:34:54.777Z,0.0183,0.0008,0.0015,0.0020,1.7832,3.5974,0.0187,0.0013,0.0005,0.0017,2.6877,1.0070,0.0122,0.0022,0.0007,0.0010,6.6489,0.6137
2026-09-16T20:34:55.798Z,0.0167,0.0037,0.0025,0.0026,1.3763,1.1019,0.0178,0.0006,0.0007,0.0009,1.8478,1.9938,0.0101,0.0017,0.0020,0.0022,8.9532,1.6191
2026-09-16T20:34:56.790Z,0.0116,0.0003,0.0005,0.0007,7.5870,2.3691,0.0106,0.0020,0.0000,0.0007,18.0173,0.4056,0.0164,0.0028,0.0009,0.0015,2.3214,0.6415
2026-09-16T20:34:57.797Z,0.0078,0.0000,0.0000,0.0000,0.0000,0.0000,0.0130,0.0022,0.0003,0.0012,4.3259,0.5409,0.0149,0.0016,0.0006,0.0017,1.7502,1.1484
2026-09-16T20:34:58.825Z,0.0122,0.0023,0.0016,0.0008,7.5715,0.7753,0.0151,0.0011,0.0002,0.0006,6.1615,0.6637,0.0143,0.0008,0.0008,0.0010,3.6191,1.9409
2026-09-16T20:34:59.857Z,0.0207,0.0014,0.0016,0.0019,1.6610,1.3821,0.0173,0.0002,0.0005,0.0029,5.4841,10.5981,0.0107,0.0011,0.0007,0.0015,7.0754,1.6792
2026-09-16T20:35:00.877Z,0.0189,0.0020,0.0013,0.0013,0.4341,1.0770,0.0215,0.0018,0.0008,0.0011,0.2112,0.8005,0.0138,0.0016,0.0010,0.0017,4.4028,0.9209
2026-09-16T20:35:01.874Z,0.0163,0.0025,0.0013,0.0016,0.8978,0.8142,0.0191,0.0033,0.0016,0.0014,1.0844,0.5514,0.0174,0.0043,0.0009,0.0019,2.8344,0.3517
2026-09-16T20:35:02.890Z,0.0149,0.0019,0.0012,0.0009,0.5960,0.7766,0.0164,0.0025,0.0018,0.0016,2.6488,0.9304,0.0114,0.0005,0.0002,0.0002,9.1762,0.6341
2026-09-16T20:35:03.918Z,0.0141,0.0013,0.0006,0.0008,6.9140,0.8279,0.0129,0.0007,0.0007,0.0011,12.9395,1.7392,0.0171,0.0022,0.0025,0.0039,4.2232,1.7184
2026-09-16T20:35:04.918Z,0.0159,0.0017,0.0004,0.0008,2.9652,0.4509,0.0255,0.0036,0.0011,0.0018,2.9880,0.6295,0.0142,0.0020,0.0003,0.0016,2.1700,0.7032
2026-09-16T20:35:05.939Z,0.0109,0.0016,0.0007,0.0005,20.3081,0.5447,0.0216,0.0026,0.0007,0.0017,0.5651,0.4969,0.0186,0.0020,0.0009,0.0016,1.6990,0.7643
2026-09-16T20:35:06.958Z,0.0151,0.0008,0.0003,0.0013,6.1374,0.8893,0.0153,0.0041,0.0016,0.0016,2.7555,0.4466,0.0093,0.0010,0.0001,0.0018,12.7277,1.9006
2026-09-16T20:35:07.967Z,0.0138,0.0010,0.0004,0.0010,8.1107,1.2464,0.0203,0.0012,0.0013,0.0014,0.3344,1.4165,0.0122,0.0015,0.0007,0.0006,5.1620,0.6302
2026-09-16T20:35:09.016Z,0.0145,0.0050,0.0023,0.0023,3.7088,0.7222,0.0165,0.0018,0.0007,0.0014,3.0522,0.6983,0.0121,0.0007,0.0015,0.0016,6.0342,2.5762
2026-09-16T20:35:10.046Z,0.0161,0.0014,0.0012,0.0016,2.0906,1.0332,0.0190,0.0016,0.0005,0.0023,1.8126,1.6004,0.0144,0.0023,0.0010,0.0013,3.7594,0.7476
2026-09-16T20:35:11.070Z,0.0138,0.0012,0.0004,0.0010,2.9243,0.8572,0.0039,0.0000,0.0000,0.0000,0.0000,0.0000,0.0103,0.0001,0.0002,0.0006,7.6915,6.4584
2026-09-16T20:35:12.090Z,0.0124,0.0017,0.0005,0.0006,5.1111,0.4187,0.0152,0.0008,0.0017,0.0016,4.8389,2.7886,0.0128,0.0026,0.0014,0.0022,10.3035,1.0016
2026-09-16T20:35:13.112Z,0.0091,0.0001,0.0000,0.0001,3.6438,0.8704,0.0124,0.0005,0.0001,0.0010,4.2304,1.2792,0.0148,0.0047,0.0011,0.0026,5.9408,0.6070
2026-09-16T20:35:14.118Z,0.0185,0.0015,0.0004,0.0013,0.2702,0.4429,0.0250,0.0017,0.0011,0.0018,-0.4786,1.1123,0.0132,0.0002,0.0002,0.0001,12.1657,1.2003
2026-09-16T20:35:15.140Z,0.0115,0.0001,0.0001,0.0001,10.5593,1.1332,0.0174,0.0030,0.0002,0.0012,1.4938,0.3534,0.0143,0.0019,0.0003,0.0008,4.0103,0.4488
2026-09-16T20:35:16.158Z,0.0162,0.0010,0.0007,0.0027,1.4968,1.9497,0.0229,0.0016,0.0015,0.0012,0.0075,1.0528,0.0154,0.0005,0.0011,0.0008,2.8211,2.7597
2026-09-16T20:35:17.177Z,0.0147,0.0004,0.0024,0.0028,4.6476,9.7500,0.0156,0.0016,0.0015,0.0018,2.8257,1.2312,0.0045,0.0001,0.0001,0.0001,64.3260,2.9227
2026-09-16T20:35:18.197Z,0.0159,0.0006,0.0016,0.0013,2.2015,3.1495,0.0118,0.0029,0.0004,0.0011,7.8076,0.3932,0.0135,0.0019,0.0016,0.0010,4.5253,0.9484
2026-09-16T20:35:19.217Z,0.0191,0.0023,0.0010,0.0010,3.6875,0.4925,0.0184,0.0014,0.0010,0.0010,0.9559,1.2850,0.0124,0.0036,0.0017,0.0028,8.5828,0.8340
2026-09-16T20:35:20.258Z,0.0112,0.0004,0.0005,0.0006,9.3610,1.8319,0.0139,0.0008,0.0004,0.0006,4.8296,0.8108,0.0156,0.0014,0.0013,0.0012,1.5252,1.4103
2026-09-16T20:35:21.277Z,0.0149,0.0017,0.0013,0.0011,6.7339,1.0216,0.0136,0.0010,0.0006,0.0004,13.8245,0.8202,0.0106,0.0007,0.0004,0.0004,8.8816,0.8859
2026-09-16T20:35:22.297Z,0.0108,0.0020,0.0007,0.0006,25.5348,0.5052,0.0167,0.0020,0.0005,0.0011,1.5951,0.5322,0.0129,0.0018,0.0003,0.0007,5.3580,0.3202
2026-09-16T20:35:23.317Z,0.0122,0.0002,0.0002,0.0004,6.1740,1.9692,0.0127,0.0002,0.0001,0.0001,5.4702,0.6822,0.0130,0.0026,0.0014,0.0014,4.7433,0.7390
2026-09-16T20:35:24.337Z,0.0246,0.0039,0.0008,0.0030,0.1130,0.7620,0.0290,0.0015,0.0008,0.0019,-1.1703,1.5648,0.0142,0.0019,0.0029,0.0032,5.1874,2.5348
2026-09-16T20:35:25.357Z,0.0143,0.0012,0.0005,0.0004,4.9148,0.5208,0.0093,0.0007,0.0009,0.0011,14.2258,1.7570,0.0112,0.0020,0.0015,0.0021,19.9351,1.4949
2026-09-16T20:35:26.377Z,0.0098,0.0016,0.0003,0.0007,24.1640,0.6430,0.0121,0.0007,0.0005,0.0009,4.4228,0.8457,0.0164,0.0014,0.0029,0.0032,4.0158,3.0416
2026-09-16T20:35:27.391Z,0.0171,0.0026,0.0011,0.0016,1.1472,0.6601,0.0142,0.0010,0.0006,0.0006,4.3837,0.6906,0.0097,0.0010,0.0004,0.0008,6.2766,0.9104
2026-09-16T20:35:28.410Z,0.0176,0.0022,0.0022,0.0016,0.0055,1.2464,0.0109,0.0004,0.0004,0.0006,6.8576,2.1282,0.0140,0.0006,0.0004,0.0010,6.1079,1.7209
2026-09-16T20:35:29.434Z,0.0110,0.0030,0.0013,0.0016,18.0191,0.5214,0.0160,0.0019,0.0002,0.0009,2.0643,0.2805,0.0093,0.0001,0.0008,0.0008,13.1356,9.3092
2026-09-16T20:35:30.478Z,0.0102,0.0017,0.0010,0.0009,13.7547,0.7168,0.0193,0.0031,0.0013,0.0016,1.3138,0.6007,0.0149,0.0024,0.0021,0.0017,3.2416,1.1201
2026-09-16T20:35:31.477Z,0.0086,0.0000,0.0000,0.0000,61.6819,0.0000,0.0039,0.0000,0.0000,0.0000,0.0000,0.0000,0.0054,0.0012,0.0010,0.0007,29.9954,1.1223
2026-09-16T20:35:32.476Z,0.0118,0.0003,0.0002,0.0001,8.0886,0.8169,0.0115,0.0014,0.0009,0.0011,9.8888,1.1011,0.0121,0.0008,0.0014,0.0012,6.0868,2.4928
2026-09-16T20:35:33.477Z,0.0144,0.0017,0.0008,0.0010,8.0930,0.7778,0.0178,0.0030,0.0017,0.0015,1.3295,0.7405,0.0047,0.0010,0.0008,0.0005,62.9419,1.0528
2026-09-16T20:35:34.499Z,0.0145,0.0010,0.0007,0.0020,3.5188,1.2622,0.0135,0.0021,0.0011,0.0010,5.8494,0.6082,0.0183,0.0056,0.0019,0.0021,2.2373,0.3792
2026-09-16T20:35:35.514Z,0.0096,0.0010,0.0005,0.0004,28.9986,0.7523,0.0097,0.0024,0.0006,0.0008,15.0562,0.4343,0.0135,0.0005,0.0021,0.0015,3.3715,4.7307
2026-09-16T20:35:36.517Z,0.0123,0.0001,0.0000,0.0000,5.3644,0.7234,0.0099,0.0011,0.0023,0.0024,13.2395,2.2618,0.0096,0.0022,0.0016,0.0012,12.3033,0.9740
2026-09-16T20:35:37.513Z,0.0124,0.0011,0.0007,0.0011,7.4082,0.7830,0.0071,0.0012,0.0003,0.0006,32.8003,0.5883,0.0075,0.0008,0.0007,0.0005,20.6672,1.0643
2026-09-16T20:35:38.539Z,0.0093,0.0015,0.0009,0.0019,13.5316,1.4008,0.0086,0.0007,0.0012,0.0012,10.8626,2.3517,0.0132,0.0024,0.0003,0.0011,8.5347,0.3946
2026-09-16T20:35:39.539Z,0.0132,0.0012,0.0013,0.0013,5.5021,1.6221,0.0124,0.0017,0.0007,0.0008,8.5081,0.5844,0.0104,0.0017,0.0020,0.0028,8.4130,1.7761
2026-09-16T20:35:40.577Z,0.0092,0.0000,0.0000,0.0000,35.0256,0.5911,0.0039,0.0000,0.0000,0.0000,0.0000,0.0000,0.0116,0.0013,0.0018,0.0027,9.2904,1.7579
2026-09-16T20:35:41.594Z,0.0114,0.0002,0.0002,0.0001,8.4144,1.0770,0.0195,0.0029,0.0004,0.0018,0.4889,0.7920,0.0205,0.0006,0.0007,0.0012,1.4362,2.2142
2026-09-16T20:35:42.598Z,0.0127,0.0030,0.0011,0.0015,9.3543,0.4897,0.0133,0.0028,0.0013,0.0014,4.0946,0.5885,0.0035,0.0007,0.0005,0.0005,23.3180,1.2692
2026-09-16T20:35:43.592Z,0.0139,0.0015,0.0001,0.0010,2.5392,0.5668,0.0185,0.0018,0.0001,0.0016,0.7372,1.0801,0.0186,0.0020,0.0006,0.0011,1.2385,0.5747
2026-09-16T20:35:44.608Z,0.0140,0.0018,0.0003,0.0004,6.3376,0.3439,0.0206,0.0029,0.0011,0.0013,1.1569,0.5339,0.0118,0.0006,0.0015,0.0020,9.0979,5.5097
2026-09-16T20:35:45.638Z,0.0118,0.0004,0.0006,0.0004,8.1135,1.8553,0.0153,0.0030,0.0010,0.0009,2.2412,0.4434,0.0143,0.0008,0.0001,0.0010,3.5727,0.8948
2026-09-16T20:35:46.628Z,0.0109,0.0011,0.0007,0.0015,9.5383,1.4177,0.0039,0.0000,0.0000,0.0000,0.0000,0.0000,0.0058,0.0005,0.0006,0.0008,28.6876,2.7389
2026-09-16T20:35:47.656Z,0.0111,0.0007,0.0002,0.0012,6.1112,1.3906,0.0160,0.0009,0.0013,0.0008,2.1477,1.7047,0.0127,0.0004,0.0006,0.0009,11.4498,2.8418
2026-09-16T20:35:48.677Z,0.0111,0.0011,0.0009,0.0008,9.0420,1.0544,0.0207,0.0037,0.0011,0.0014,0.1840,0.4686,0.0167,0.0014,0.0020,0.0032,5.9857,1.8414
2026-09-16T20:35:49.698Z,0.0084,0.0012,0.0008,0.0010,12.3933,1.3457,0.0136,0.0002,0.0002,0.0002,5.1852,1.0522,0.0103,0.0016,0.0013,0.0009,7.9059,1.0840
2026-09-16T20:35:50.755Z,0.0114,0.0003,0.0003,0.0007,6.6046,1.7764,0.0061,0.0016,0.0002,0.0005,52.1607,0.4194,0.0068,0.0003,0.0003,0.0003,21.3441,1.5357
2026-09-16T20:35:51.785Z,0.0078,0.0002,0.0003,0.0003,39.9566,2.7207,0.0096,0.0009,0.0007,0.0007,11.4074,1.2242,0.0087,0.0004,0.0003,0.0002,24.7674,1.0469
2026-09-16T20:35:52.809Z,0.0087,0.0007,0.0002,0.0019,15.8137,2.4583,0.0089,0.0016,0.0009,0.0006,14.1030,0.6775,0.0073,0.0011,0.0005,0.0011,23.5192,1.2205
2026-09-16T20:35:53.809Z,0.0151,0.0009,0.0009,0.0008,1.4979,1.4392,0.0211,0.0023,0.0016,0.0011,0.4083,0.7623,0.0108,0.0007,0.0008,0.0011,10.4521,2.0764
2026-09-16T20:35:54.809Z,0.0106,0.0017,0.0006,0.0005,12.4787,0.4849,0.0123,0.0020,0.0006,0.0009,5.8169,0.5737,0.0134,0.0017,0.0011,0.0017,2.2654,0.9833
2026-09-16T20:35:55.848Z,0.0189,0.0034,0.0027,0.0033,0.4294,1.3058,0.0126,0.0015,0.0006,0.0035,8.6253,2.7632,0.0161,0.0017,0.0018,0.0014,3.2780,1.3795
2026-09-16T20:35:56.868Z,0.0125,0.0012,0.0008,0.0005,5.3454,0.6681,0.0172,0.0013,0.0003,0.0014,2.4546,0.8440,0.0182,0.0013,0.0026,0.0020,2.9985,2.6378
2026-09-16T20:35:57.865Z,0.0106,0.0017,0.0007,0.0005,13.2400,0.5205,0.0074,0.0007,0.0006,0.0006,12.2189,1.1032,0.0138,0.0022,0.0008,0.0010,8.7944,0.6033
2026-09-16T20:35:58.877Z,0.0126,0.0006,0.0008,0.0006,4.4228,1.7665,0.0143,0.0006,0.0004,0.0008,3.8454,1.2703,0.0143,0.0015,0.0014,0.0012,3.2622,1.0134
2026-09-16T20:35:59.894Z,0.0193,0.0026,0.0006,0.0031,1.8082,0.9971,0.0262,0.0012,0.0020,0.0029,1.4734,3.1279,0.0192,0.0009,0.0027,0.0014,2.8741,3.0797
2026-09-16T20:36:00.927Z,0.0196,0.0057,0.0006,0.0026,2.2453,0.4096,0.0233,0.0013,0.0024,0.0029,2.7855,3.2305,0.0229,0.0056,0.0033,0.0030,2.7614,0.7254
2026-09-16T20:36:01.948Z,0.0144,0.0020,0.0008,0.0014,1.3616,0.7106,0.0233,0.0030,0.0014,0.0023,1.1654,0.8176,0.0229,0.0048,0.0016,0.0026,2.3318,0.3723
2026-09-16T20:36:02.968Z,0.0214,0.0059,0.0033,0.0029,6.4314,0.6997,0.0250,0.0045,0.0002,0.0018,-0.4377,0.2882,0.0142,0.0026,0.0005,0.0022,5.1623,0.5825
2026-09-16T20:36:03.989Z,0.0175,0.0014,0.0005,0.0012,1.8866,0.8633,0.0355,0.0010,0.0009,0.0028,-0.2795,1.8798,0.0212,0.0014,0.0024,0.0027,0.7434,2.4249
2026-09-16T20:36:05.005Z,0.0173,0.0007,0.0009,0.0009,1.2766,1.4883,0.0184,0.0006,0.0006,0.0008,0.7799,1.4999,0.0096,0.0021,0.0021,0.0017,12.5950,1.0487
2026-09-16T20:36:06.046Z,0.0096,0.0001,0.0001,0.0004,9.4855,3.0999,0.0201,0.0028,0.0010,0.0016,0.6749,0.5139,0.0094,0.0018,0.0020,0.0018,11.8740,1.4591
2026-09-16T20:36:07.086Z,0.0144,0.0010,0.0003,0.0017,2.0379,2.2712,0.0163,0.0022,0.0008,0.0016,2.6144,0.6182,0.0121,0.0013,0.0011,0.0014,5.3596,1.2786
2026-09-16T20:36:08.075Z,0.0212,0.0016,0.0003,0.0021,-0.2637,1.4223,0.0213,0.0037,0.0009,0.0020,2.1742,0.5078,0.0202,0.0017,0.0023,0.0024,1.6654,1.9254
2026-09-16T20:36:09.107Z,0.0154,0.0028,0.0006,0.0010,2.2924,0.4371,0.0175,0.0019,0.0010,0.0008,2.2632,0.6490,0.0182,0.0038,0.0011,0.0016,1.4313,0.4657
2026-09-16T20:36:10.107Z,0.0216,0.0017,0.0012,0.0013,0.5181,0.9568,0.0316,0.0012,0.0016,0.0021,-1.3798,1.9370,0.0175,0.0053,0.0042,0.0038,1.9810,1.1436
2026-09-16T20:36:11.128Z,0.0147,0.0038,0.0021,0.0014,2.9463,0.6638,0.0200,0.0019,0.0006,0.0016,0.7367,0.6918,0.0181,0.0024,0.0007,0.0022,1.3742,1.0222
2026-09-16T20:36:12.147Z,0.0092,0.0017,0.0009,0.0008,13.6234,0.8162,0.0130,0.0016,0.0007,0.0008,6.4735,0.5943,0.0101,0.0008,0.0003,0.0027,10.5129,3.1900
2026-09-16T20:36:13.164Z,0.0201,0.0039,0.0015,0.0021,0.3204,0.4763,0.0148,0.0004,0.0008,0.0004,5.4228,2.2939,0.0132,0.0024,0.0011,0.0016,4.6706,0.7381
2026-09-16T20:36:14.188Z,0.0123,0.0006,0.0015,0.0007,9.8579,2.7299,0.0128,0.0005,0.0005,0.0009,5.2548,1.7821,0.0125,0.0022,0.0022,0.0017,7.0535,1.1163
2026-09-16T20:36:15.183Z,0.0111,0.0006,0.0005,0.0026,9.0473,5.3466,0.0039,0.0000,0.0000,0.0000,0.0000,0.0000,0.0154,0.0014,0.0016,0.0023,3.6278,2.1154
2026-09-16T20:36:16.174Z,0.0161,0.0007,0.0022,0.0014,1.0513,4.1781,0.0184,0.0008,0.0009,0.0013,1.3750,2.3499,0.0157,0.0003,0.0017,0.0019,3.2768,8.6346
2026-09-16T20:36:17.227Z,0.0226,0.0038,0.0007,0.0024,1.8387,0.5197,0.0233,0.0012,0.0012,0.0019,0.3235,1.2467,0.0157,0.0005,0.0014,0.0015,7.6626,3.9368
2026-09-16T20:36:18.247Z,0.0169,0.0038,0.0008,0.0012,1.0833,0.4159,0.0162,0.0016,0.0009,0.0014,3.0456,1.2563,0.0208,0.0042,0.0012,0.0019,1.2619,0.4303
2026-09-16T20:36:19.258Z,0.0141,0.0026,0.0006,0.0020,1.9698,0.5947,0.0141,0.0029,0.0012,0.0016,4.0481,0.6750,0.0127,0.0033,0.0017,0.0020,4.5283,0.8281
2026-09-16T20:36:20.288Z,0.0178,0.0003,0.0010,0.0017,1.4697,4.4725,0.0173,0.0031,0.0005,0.0011,0.8968,0.3283,0.0140,0.0017,0.0004,0.0015,3.9036,0.8410
2026-09-16T20:36:21.306Z,0.0107,0.0014,0.0003,0.0015,9.5837,1.1814,0.0163,0.0034,0.0007,0.0012,0.6024,0.3822,0.0179,0.0022,0.0015,0.0015,1.6769,0.8112
2026-09-16T20:36:22.327Z,0.0155,0.0034,0.0012,0.0012,0.7521,0.4655,0.0195,0.0025,0.0011,0.0018,1.1368,1.0390,0.0128,0.0025,0.0012,0.0012,5.4635,0.6134
2026-09-16T20:36:23.345Z,0.0173,0.0024,0.0005,0.0015,0.3911,0.4303,0.0139,0.0014,0.0011,0.0009,6.6793,0.9541,0.0154,0.0024,0.0006,0.0022,2.8735,0.7112
2026-09-16T20:36:24.345Z,0.0155,0.0013,0.0020,0.0027,1.6396,2.5388,0.0194,0.0024,0.0017,0.0032,1.0177,1.0355,0.0084,0.0006,0.0011,0.0026,16.9993,3.4583
2026-09-16T20:36:25.367Z,0.0130,0.0025,0.0018,0.0014,5.7696,0.8201,0.0306,0.0030,0.0025,0.0035,-1.0571,1.2795,0.0143,0.0007,0.0004,0.0004,3.6479,0.6974
2026-09-16T20:36:26.388Z,0.0126,0.0015,0.0009,0.0009,7.2605,0.7326,0.0190,0.0023,0.0004,0.0011,1.2850,0.4220,0.0174,0.0004,0.0011,0.0026,1.5215,5.7858
2026-09-16T20:36:27.428Z,0.0200,0.0027,0.0031,0.0033,4.2085,1.7075,0.0235,0.0039,0.0012,0.0066,1.6789,1.2755,0.0133,0.0022,0.0009,0.0011,17.1027,0.6119
2026-09-16T20:36:28.448Z,0.0200,0.0012,0.0019,0.0018,1.0974,2.2252,0.0254,0.0022,0.0027,0.0023,-0.1169,1.5853,0.0131,0.0038,0.0018,0.0015,14.0959,0.6442
2026-09-16T20:36:29.443Z,0.0154,0.0022,0.0005,0.0008,5.5299,0.4043,0.0179,0.0023,0.0011,0.0012,1.4223,0.6268,0.0128,0.0036,0.0008,0.0011,5.8597,0.2686
2026-09-16T20:36:30.446Z,0.0178,0.0032,0.0022,0.0018,0.0881,0.8031,0.0226,0.0038,0.0011,0.0024,1.0709,0.6474,0.0126,0.0012,0.0011,0.0014,5.6341,1.7472
2026-09-16T20:36:31.464Z,0.0118,0.0024,0.0011,0.0009,33.4055,0.5221,0.0171,0.0013,0.0006,0.0012,1.6434,0.9867,0.0104,0.0007,0.0006,0.0009,12.5304,2.1241
2026-09-16T20:36:32.488Z,0.0134,0.0009,0.0008,0.0007,12.9537,1.3271,0.0229,0.0031,0.0013,0.0021,0.0997,0.6424,0.0057,0.0021,0.0009,0.0007,40.9285,0.5922
2026-09-16T20:36:33.502Z,0.0126,0.0002,0.0005,0.0005,26.4032,4.8366,0.0144,0.0006,0.0012,0.0012,5.4078,3.0851,0.0131,0.0002,0.0002,0.0003,5.0562,1.7700
2026-09-16T20:36:34.529Z,0.0077,0.0004,0.0003,0.0002,14.9019,0.8508,0.0127,0.0011,0.0010,0.0008,7.1218,1.0157,0.0134,0.0016,0.0010,0.0010,3.0592,0.8785
2026-09-16T20:36:35.526Z,0.0105,0.0017,0.0010,0.0007,13.6118,0.6761,0.0125,0.0004,0.0004,0.0012,7.2430,3.5128,0.0167,0.0048,0.0038,0.0022,2.2700,0.8326
2026-09-16T20:36:36.542Z,0.0241,0.0009,0.0017,0.0024,-0.3955,2.8215,0.0415,0.0025,0.0026,0.0033,-1.1122,1.2269,0.0213,0.0027,0.0014,0.0024,0.8081,1.1075
2026-09-16T20:36:37.565Z,0.0204,0.0018,0.0002,0.0029,0.5971,0.8376,0.0294,0.0024,0.0020,0.0027,-0.9200,1.1432,0.0164,0.0019,0.0015,0.0013,2.2635,0.8072
2026-09-16T20:36:38.607Z,0.0181,0.0010,0.0009,0.0016,0.3606,1.2508,0.0229,0.0023,0.0007,0.0016,1.2893,0.8602,0.0150,0.0013,0.0015,0.0024,3.4714,1.4753
2026-09-16T20:36:39.608Z,0.0092,0.0011,0.0004,0.0003,35.0256,0.5216,0.0246,0.0017,0.0011,0.0029,0.0088,1.5518,0.0186,0.0027,0.0020,0.0031,1.5900,1.3379
2026-09-16T20:36:40.604Z,0.0157,0.0017,0.0016,0.0025,3.0579,1.5696,0.0196,0.0015,0.0014,0.0009,1.1463,1.2149,0.0075,0.0006,0.0002,0.0002,21.9753,0.5846
2026-09-16T20:36:41.617Z,0.0168,0.0015,0.0005,0.0011,0.1349,0.6044,0.0213,0.0024,0.0015,0.0014,0.9939,0.8473,0.0152,0.0012,0.0018,0.0011,4.3069,1.8448
2026-09-16T20:36:42.646Z,0.0137,0.0019,0.0006,0.0012,10.3592,0.5718,0.0092,0.0004,0.0008,0.0009,9.3650,2.6515,0.0136,0.0009,0.0015,0.0023,4.2835,2.7367
2026-09-16T20:36:43.668Z,0.0168,0.0025,0.0008,0.0011,1.9185,0.3974,0.0146,0.0011,0.0007,0.0014,2.6145,1.3571,0.0109,0.0005,0.0007,0.0008,11.8929,2.1431
2026-09-16T20:36:44.676Z,0.0121,0.0018,0.0009,0.0007,5.9752,0.5500,0.0159,0.0021,0.0003,0.0013,4.1830,0.3806,0.0028,0.0007,0.0006,0.0007,150.0694,1.3854
2026-09-16T20:36:45.707Z,0.0183,0.0012,0.0009,0.0019,2.3538,1.5958,0.0219,0.0052,0.0020,0.0035,0.9145,0.6311,0.0144,0.0032,0.0019,0.0016,3.5613,0.8525
2026-09-16T20:36:46.727Z,0.0158,0.0006,0.0007,0.0009,5.1487,1.6796,0.0146,0.0010,0.0014,0.0012,3.4394,1.7769,0.0069,0.0001,0.0001,0.0002,26.8089,2.6195
2026-09-16T20:36:47.722Z,0.0158,0.0011,0.0006,0.0011,3.7470,1.2868,0.0152,0.0017,0.0004,0.0020,2.4363,0.9172,0.0064,0.0007,0.0006,0.0014,26.8164,2.7478
2026-09-16T20:36:48.745Z,0.0198,0.0038,0.0018,0.0016,0.5283,0.6315,0.0212,0.0028,0.0010,0.0011,0.8289,0.4975,0.0156,0.0033,0.0015,0.0018,2.4073,0.5556
2026-09-16T20:36:49.764Z,0.0169,0.0036,0.0005,0.0016,0.9940,0.4326,0.0254,0.0009,0.0016,0.0021,0.0234,2.9583,0.0114,0.0025,0.0011,0.0017,7.4132,0.7600
2026-09-16T20:36:50.778Z,0.0180,0.0004,0.0004,0.0006,0.5234,2.3709,0.0214,0.0014,0.0004,0.0014,0.8305,0.6064,0.0126,0.0011,0.0014,0.0009,5.4064,1.6645
2026-09-16T20:36:51.786Z,0.0160,0.0017,0.0007,0.0011,-0.0656,0.6319,0.0116,0.0019,0.0014,0.0012,6.0878,0.9543,0.0128,0.0010,0.0009,0.0010,4.7557,1.2166
2026-09-16T20:36:52.807Z,0.0138,0.0002,0.0001,0.0001,33.2102,0.5548,0.0158,0.0017,0.0007,0.0017,2.3725,0.8757,0.0097,0.0006,0.0003,0.0005,8.7077,1.3204
2026-09-16T20:36:53.826Z,0.0150,0.0013,0.0010,0.0009,7.6529,0.8153,0.0157,0.0035,0.0009,0.0012,3.2829,0.5334,0.0109,0.0024,0.0010,0.0026,11.7277,0.7980
2026-09-16T20:36:54.847Z,0.0176,0.0024,0.0004,0.0010,-0.5158,0.4008,0.0192,0.0016,0.0018,0.0030,1.4031,2.6793,0.0089,0.0012,0.0005,0.0004,14.7311,0.5656
2026-09-16T20:36:55.868Z,0.0153,0.0003,0.0000,0.0001,11.7305,0.4246,0.0163,0.0016,0.0008,0.0018,3.9890,1.0253,0.0122,0.0010,0.0006,0.0007,5.5421,1.1027
2026-09-16T20:36:56.881Z,0.0184,0.0005,0.0001,0.0013,1.0905,2.2419,0.0226,0.0020,0.0008,0.0022,0.9044,0.7936,0.0178,0.0035,0.0021,0.0022,0.6469,0.8388
2026-09-16T20:36:57.907Z,0.0218,0.0037,0.0021,0.0020,-0.8511,0.6854,0.0241,0.0027,0.0004,0.0025,-0.3328,0.6905,0.0097,0.0012,0.0019,0.0020,14.0601,2.1978
2026-09-16T20:36:58.941Z,0.0215,0.0005,0.0002,0.0027,-0.1979,5.0699,0.0282,0.0035,0.0005,0.0022,-0.4931,0.3776,0.0202,0.0019,0.0012,0.0025,0.6377,1.5613
2026-09-16T20:36:59.960Z,0.0124,0.0019,0.0007,0.0007,4.8703,0.4935,0.0219,0.0007,0.0011,0.0009,1.0937,1.7776,0.0097,0.0004,0.0003,0.0005,11.8776,2.1027
2026-09-16T20:37:00.977Z,0.0166,0.0019,0.0007,0.0020,1.2920,0.7097,0.0293,0.0016,0.0013,0.0019,-1.0110,1.3522,0.0117,0.0014,0.0010,0.0013,8.0845,1.1785
2026-09-16T20:37:01.979Z,0.0151,0.0027,0.0008,0.0015,6.3158,0.5118,0.0272,0.0023,0.0011,0.0013,-0.6398,0.6499,0.0152,0.0007,0.0010,0.0011,8.4635,2.1529
2026-09-16T20:37:02.974Z,0.0178,0.0016,0.0012,0.0017,3.2229,1.5299,0.0143,0.0015,0.0007,0.0011,8.6582,1.0319,0.0095,0.0002,0.0006,0.0007,47.5523,4.9002
2026-09-16T20:37:04.008Z,0.0096,0.0003,0.0005,0.0005,14.3506,1.7075,0.0217,0.0018,0.0021,0.0017,0.5519,1.4066,0.0135,0.0019,0.0001,0.0013,4.3488,0.7058
2026-09-16T20:37:05.008Z,0.0193,0.0012,0.0006,0.0024,1.3566,1.9995,0.0136,0.0003,0.0003,0.0008,5.1438,1.8731,0.0185,0.0018,0.0010,0.0023,2.8285,1.6332
2026-09-16T20:37:06.008Z,0.0365,0.0028,0.0010,0.0063,15.3567,1.9692,0.0336,0.0030,0.0005,0.0050,3.7622,1.2034,0.0146,0.0012,0.0019,0.0018,8.6941,2.2694
2026-09-16T20:37:07.028Z,0.0188,0.0039,0.0006,0.0019,5.4923,0.5232,0.0187,0.0011,0.0012,0.0017,4.1621,1.4594,0.0201,0.0020,0.0009,0.0022,1.6885,1.2445
2026-09-16T20:37:08.027Z,0.0156,0.0026,0.0010,0.0017,2.8337,0.6379,0.0219,0.0047,0.0033,0.0019,0.4788,0.8200,0.0151,0.0030,0.0024,0.0021,5.2792,0.9332
2026-09-16T20:37:09.068Z,0.0207,0.0007,0.0013,0.0011,9.7608,2.3105,0.0253,0.0025,0.0002,0.0023,0.9856,0.5389,0.0168,0.0011,0.0007,0.0024,4.2841,1.8151
2026-09-16T20:37:10.077Z,0.0205,0.0030,0.0019,0.0017,-0.9725,0.8198,0.0251,0.0022,0.0000,0.0018,-0.5170,0.8444,0.0146,0.0006,0.0006,0.0012,3.6831,2.0145
2026-09-16T20:37:11.108Z,0.0176,0.0015,0.0011,0.0015,0.0912,1.0011,0.0189,0.0007,0.0006,0.0009,1.3205,1.8142,0.0078,0.0010,0.0008,0.0007,19.8402,1.2198
2026-09-16T20:37:12.108Z,0.0193,0.0011,0.0021,0.0028,0.5831,2.9151,0.0265,0.0017,0.0024,0.0019,1.9560,1.6118,0.0213,0.0028,0.0024,0.0026,7.7174,1.2546
2026-09-16T20:37:13.128Z,0.0198,0.0019,0.0007,0.0018,0.5646,0.9114,0.0171,0.0022,0.0017,0.0026,3.8218,1.3914,0.0152,0.0013,0.0018,0.0024,6.5622,2.1414
2026-09-16T20:37:14.148Z,0.0145,0.0014,0.0008,0.0008,7.0970,0.7307,0.0114,0.0010,0.0003,0.0005,8.9428,0.4060,0.0137,0.0025,0.0023,0.0017,4.6615,1.0901
2026-09-16T20:37:15.160Z,0.0138,0.0021,0.0005,0.0008,5.5813,0.3651,0.0188,0.0016,0.0001,0.0005,1.9401,0.3201,0.0178,0.0015,0.0015,0.0013,1.5941,1.1641
2026-09-16T20:37:16.164Z,0.0197,0.0029,0.0006,0.0011,-0.9601,0.4252,0.0168,0.0031,0.0010,0.0019,2.7066,0.6094,0.0138,0.0014,0.0009,0.0025,6.5904,1.6788
2026-09-16T20:37:17.159Z,0.0169,0.0015,0.0004,0.0011,1.9081,0.5423,0.0070,0.0006,0.0008,0.0006,34.1832,1.8464,0.0132,0.0016,0.0021,0.0013,4.4053,1.3740
2026-09-16T20:37:18.161Z,0.0150,0.0019,0.0004,0.0007,6.5678,0.4877,0.0126,0.0027,0.0015,0.0012,15.6917,0.6149,0.0106,0.0018,0.0005,0.0008,9.2677,0.5376
2026-09-16T20:37:19.182Z,0.0108,0.0032,0.0011,0.0010,14.2616,0.4468,0.0138,0.0020,0.0014,0.0009,4.5746,0.7458,0.0126,0.0033,0.0023,0.0025,12.5184,1.0507
2026-09-16T20:37:20.209Z,0.0158,0.0016,0.0016,0.0015,1.6063,1.3770,0.0167,0.0015,0.0010,0.0008,2.9498,0.8128,0.0080,0.0019,0.0012,0.0010,17.9309,0.8701
2026-09-16T20:37:21.195Z,0.0315,0.0020,0.0029,0.0019,1.0675,1.6770,0.0612,0.0024,0.0019,0.0045,0.3368,1.9149,0.0220,0.0065,0.0032,0.0035,2.2161,0.7043
2026-09-16T20:37:22.208Z,0.0351,0.0017,0.0001,0.0027,-0.9362,1.0323,0.0551,0.0024,0.0020,0.0025,-0.4494,1.0897,0.0161,0.0026,0.0012,0.0017,3.9202,0.7363
2026-09-16T20:37:23.228Z,0.0239,0.0078,0.0021,0.0042,-0.0330,0.5132,0.0261,0.0044,0.0011,0.0034,-0.3239,0.7735,0.0196,0.0011,0.0010,0.0016,1.0864,1.5058
2026-09-16T20:37:24.243Z,0.0100,0.0021,0.0006,0.0009,39.0948,0.6194,0.0217,0.0024,0.0006,0.0014,1.4757,0.6251,0.0137,0.0009,0.0012,0.0014,4.5879,2.3674
2026-09-16T20:37:25.268Z,0.0170,0.0048,0.0022,0.0015,1.7530,0.4844,0.0293,0.0031,0.0023,0.0030,0.6025,1.1381,0.0117,0.0008,0.0004,0.0011,8.6128,1.6493
2026-09-16T20:37:26.287Z,0.0114,0.0028,0.0005,0.0010,18.0097,0.5191,0.0145,0.0023,0.0015,0.0013,5.9298,0.8055,0.0093,0.0010,0.0011,0.0025,13.2995,2.8729
2026-09-16T20:37:27.307Z,0.0150,0.0007,0.0010,0.0008,2.3657,1.8843,0.0164,0.0007,0.0012,0.0015,2.0983,2.5565,0.0118,0.0028,0.0007,0.0008,10.5513,0.3304
2026-09-16T20:37:28.327Z,0.0208,0.0024,0.0010,0.0012,3.4112,0.5976,0.0332,0.0013,0.0033,0.0022,2.2203,2.8815,0.0109,0.0012,0.0008,0.0009,6.0031,1.0280
2026-09-16T20:37:29.341Z,0.0356,0.0039,0.0018,0.0102,1.5128,2.6384,0.0422,0.0023,0.0022,0.0080,-0.2317,3.0957,0.0258,0.0038,0.0018,0.0020,0.1749,0.6409
2026-09-16T20:37:30.388Z,0.0385,0.0187,0.0044,0.0050,10.1593,0.3695,0.0531,0.0043,0.0028,0.0048,1.6507,1.1012,0.0427,0.0157,0.0069,0.0036,1.7265,0.4796
2026-09-16T20:37:31.407Z,0.0156,0.0016,0.0008,0.0008,1.2377,0.8385,0.0179,0.0019,0.0008,0.0010,2.1920,0.7099,0.0131,0.0003,0.0006,0.0023,5.7384,8.7388
2026-09-16T20:37:32.407Z,0.0161,0.0008,0.0014,0.0016,0.9733,2.0439,0.0229,0.0022,0.0012,0.0014,-0.0039,0.6505,0.0179,0.0009,0.0010,0.0012,1.0095,1.5249
2026-09-16T20:37:33.427Z,0.0180,0.0027,0.0019,0.0018,2.3345,1.1387,0.0177,0.0019,0.0009,0.0012,2.1994,0.6504,0.0225,0.0015,0.0006,0.0026,-0.0214,1.2117
2026-09-16T20:37:34.427Z,0.0241,0.0041,0.0008,0.0022,1.0078,0.6047,0.0347,0.0008,0.0022,0.0023,0.1162,4.1595,0.0253,0.0025,0.0033,0.0032,1.6847,2.2326
2026-09-16T20:37:35.447Z,0.0305,0.0015,0.0013,0.0031,1.4114,1.0008,0.0396,0.0016,0.0018,0.0025,1.2346,1.6702,0.0158,0.0006,0.0004,0.0008,4.0356,1.4205
2026-09-16T20:37:36.467Z,0.0157,0.0009,0.0005,0.0016,1.4168,0.9224,0.0177,0.0005,0.0004,0.0006,3.2261,1.4361,0.0114,0.0010,0.0003,0.0008,8.3902,0.9109
2026-09-16T20:37:37.467Z,0.0238,0.0028,0.0009,0.0015,1.1014,0.8097,0.0271,0.0018,0.0017,0.0010,2.5770,0.9980,0.0172,0.0011,0.0002,0.0007,2.8571,0.7251
2026-09-16T20:37:38.467Z,0.0135,0.0003,0.0002,0.0003,7.7904,1.4163,0.0173,0.0026,0.0011,0.0013,2.6144,0.5538,0.0123,0.0002,0.0015,0.0019,12.5577,9.9572
2026-09-16T20:37:39.469Z,0.0375,0.0028,0.0019,0.0043,0.5858,1.7213,0.0449,0.0032,0.0014,0.0039,-0.5197,0.5277,0.0211,0.0035,0.0018,0.0017,3.3394,0.5909
2026-09-16T20:37:40.507Z,0.0537,0.0020,0.0044,0.0106,2.5493,7.2346,0.0392,0.0038,0.0019,0.0091,4.4202,1.8364,0.0292,0.0030,0.0029,0.0056,1.3494,2.1277
2026-09-16T20:37:41.517Z,0.0116,0.0020,0.0010,0.0012,6.5661,0.8762,0.0153,0.0004,0.0002,0.0001,4.2054,0.6961,0.0119,0.0002,0.0001,0.0003,25.2942,1.8507
2026-09-16T20:37:42.527Z,0.0077,0.0003,0.0002,0.0002,30.0931,0.9979,0.0097,0.0004,0.0006,0.0005,16.0130,2.0557,0.0117,0.0030,0.0006,0.0008,11.3169,0.2746
2026-09-16T20:37:43.527Z,0.0099,0.0008,0.0006,0.0007,7.3113,1.4329,0.0061,0.0003,0.0007,0.0017,40.3896,9.9810,0.0136,0.0011,0.0007,0.0012,5.3998,0.8262
2026-09-16T20:37:44.547Z,0.0174,0.0031,0.0014,0.0023,3.1976,0.7306,0.0167,0.0009,0.0005,0.0004,2.9992,0.7997,0.0111,0.0024,0.0019,0.0022,8.5997,1.2868
2026-09-16T20:37:45.567Z,0.0165,0.0012,0.0006,0.0021,1.1129,1.7774,0.0225,0.0010,0.0004,0.0015,0.2943,1.4649,0.0096,0.0005,0.0007,0.0005,12.0501,1.8548
2026-09-16T20:37:46.588Z,0.0210,0.0034,0.0008,0.0019,-0.4696,0.3359,0.0392,0.0021,0.0005,0.0025,-0.0472,1.0536,0.0222,0.0018,0.0013,0.0030,2.1183,1.3902
2026-09-16T20:37:47.607Z,0.0280,0.0019,0.0015,0.0030,-0.4343,1.0623,0.0461,0.0039,0.0034,0.0024,-0.7526,0.9621,0.0214,0.0053,0.0024,0.0021,1.2412,0.5873
2026-09-16T20:37:48.627Z,0.0144,0.0045,0.0015,0.0014,3.5096,0.3952,0.0233,0.0020,0.0025,0.0022,0.3677,1.3531,0.0147,0.0012,0.0009,0.0008,2.9177,1.0433
2026-09-16T20:37:49.647Z,0.0138,0.0022,0.0002,0.0014,3.6096,0.5108,0.0186,0.0017,0.0016,0.0021,1.6049,1.4087,0.0135,0.0031,0.0011,0.0020,4.2268,0.7141
2026-09-16T20:37:50.687Z,0.0164,0.0017,0.0004,0.0011,4.4572,0.7272,0.0095,0.0014,0.0009,0.0007,13.1793,0.7661,0.0099,0.0002,0.0002,0.0002,24.8302,1.3392
2026-09-16T20:37:51.687Z,0.0163,0.0002,0.0011,0.0015,6.0656,7.5303,0.0155,0.0008,0.0009,0.0016,3.5737,2.1761,0.0059,0.0018,0.0006,0.0008,32.4311,0.6554
2026-09-16T20:37:52.687Z,0.0141,0.0010,0.0007,0.0016,15.1402,1.9703,0.0101,0.0020,0.0017,0.0017,8.2674,1.2450,0.0147,0.0009,0.0010,0.0024,3.0322,3.1944
2026-09-16T20:37:53.687Z,0.0153,0.0021,0.0004,0.0007,8.2337,0.3626,0.0132,0.0011,0.0009,0.0007,4.6659,1.1252,0.0135,0.0013,0.0013,0.0022,10.6672,1.8098
2026-09-16T20:37:54.707Z,0.0154,0.0011,0.0021,0.0021,4.3321,2.4330,0.0074,0.0006,0.0001,0.0004,25.9810,0.8045,0.0110,0.0004,0.0017,0.0019,7.0747,4.5765
2026-09-16T20:37:55.727Z,0.0174,0.0007,0.0013,0.0013,1.9707,2.5030,0.0246,0.0026,0.0018,0.0019,1.9739,1.1272,0.0208,0.0015,0.0029,0.0021,5.0983,2.0799
2026-09-16T20:37:56.727Z,0.0158,0.0035,0.0014,0.0014,0.8265,0.4999,0.0261,0.0020,0.0001,0.0013,-0.0958,0.6065,0.0136,0.0022,0.0019,0.0017,4.3219,1.0599
2026-09-16T20:37:57.747Z,0.0148,0.0002,0.0010,0.0012,2.2366,7.0447,0.0108,0.0009,0.0005,0.0007,7.9714,1.0953,0.0129,0.0015,0.0016,0.0027,4.6316,1.9690
2026-09-16T20:37:58.767Z,0.0095,0.0000,0.0000,0.0000,25.8028,0.8030,0.0095,0.0027,0.0015,0.0014,9.3675,0.7965,0.0116,0.0009,0.0018,0.0021,7.2294,2.6971
2026-09-16T20:37:59.786Z,0.0169,0.0015,0.0001,0.0009,0.7359,0.5428,0.0299,0.0012,0.0019,0.0018,3.6780,2.2952,0.0211,0.0012,0.0022,0.0024,0.0168,2.5318
2026-09-16T20:38:00.809Z,0.0487,0.0047,0.0014,0.0050,2.3572,0.6147,0.0390,0.0030,0.0010,0.0044,0.0780,0.7108,0.0315,0.0047,0.0020,0.0018,0.3229,0.5605
2026-09-16T20:38:01.840Z,0.0459,0.0023,0.0053,0.0047,0.2235,2.9018,0.0548,0.0017,0.0038,0.0053,-0.5621,3.0769,0.0311,0.0054,0.0052,0.0048,3.0544,1.1371
2026-09-16T20:38:02.868Z,0.0215,0.0033,0.0022,0.0029,14.7727,1.0644,0.0349,0.0034,0.0015,0.0031,-0.3223,0.7809,0.0190,0.0036,0.0010,0.0015,2.4502,0.4830
2026-09-16T20:38:03.869Z,0.0345,0.0073,0.0025,0.0026,4.8817,0.4930,0.0408,0.0043,0.0011,0.0047,-0.3362,0.6686,0.0268,0.0027,0.0016,0.0027,0.7179,1.1560
2026-09-16T20:38:04.886Z,0.0672,0.0017,0.0075,0.0282,10.0454,11.2455,0.0560,0.0097,0.0058,0.0202,8.0268,1.5728,0.0339,0.0044,0.0037,0.0073,3.8512,1.9173
2026-09-16T20:38:05.907Z,0.0360,0.0031,0.0024,0.0052,2.6393,1.5798,0.0706,0.0045,0.0017,0.0062,-0.6868,1.2320,0.0480,0.0006,0.0008,0.0042,-0.1691,6.7749
2026-09-16T20:38:06.923Z,0.0494,0.0068,0.0028,0.0070,-0.0505,1.1799,0.0620,0.0077,0.0029,0.0054,-1.3503,0.5639,0.0304,0.0036,0.0021,0.0027,0.0322,0.7898
2026-09-16T20:38:07.939Z,0.0506,0.0044,0.0057,0.0159,3.4568,4.3840,0.0462,0.0026,0.0014,0.0084,-0.0645,2.7996,0.0280,0.0032,0.0053,0.0064,2.4462,2.2261
2026-09-16T20:38:08.969Z,0.0736,0.0066,0.0076,0.0219,3.2221,2.9771,0.0919,0.0006,0.0067,0.0143,-0.1484,20.3365,0.0392,0.0016,0.0031,0.0095,1.0021,5.4576
2026-09-16T20:38:09.978Z,0.0385,0.0015,0.0030,0.0056,0.6722,3.1248,0.0649,0.0044,0.0004,0.0060,-0.7234,0.8439,0.0331,0.0107,0.0025,0.0037,0.7481,0.2676
2026-09-16T20:38:11.006Z,0.0177,0.0028,0.0011,0.0030,6.8683,1.1074,0.0235,0.0028,0.0003,0.0014,1.2789,0.7351,0.0173,0.0020,0.0009,0.0009,4.5756,0.5246
2026-09-16T20:38:12.039Z,0.0106,0.0005,0.0009,0.0007,9.8888,2.0915,0.0080,0.0013,0.0003,0.0006,30.1294,0.4230,0.0086,0.0005,0.0003,0.0004,14.7617,1.2367
2026-09-16T20:38:13.055Z,0.0111,0.0016,0.0019,0.0010,17.8158,1.3692,0.0068,0.0021,0.0013,0.0013,19.4261,0.9671,0.0124,0.0006,0.0007,0.0022,6.5345,3.7791
2026-09-16T20:38:14.067Z,0.0090,0.0003,0.0007,0.0017,63.4535,8.2355,0.0063,0.0000,0.0000,0.0000,63.4535,2.2943,0.0046,0.0003,0.0002,0.0002,27.6438,1.0859
2026-09-16T20:38:15.064Z,0.0126,0.0021,0.0009,0.0013,6.7628,0.5723,0.0046,0.0001,0.0000,0.0000,36.8055,0.7133,0.0105,0.0015,0.0014,0.0014,9.0993,1.2313
2026-09-16T20:38:16.075Z,0.0078,0.0000,0.0000,0.0000,0.0000,0.0000,0.0051,0.0003,0.0001,0.0002,21.3671,0.7590,0.0086,0.0004,0.0004,0.0011,21.1385,2.9595
2026-09-16T20:38:17.107Z,0.2335,0.0150,0.0087,0.0121,22.8801,1.1922,0.4532,0.0057,0.0119,0.0129,13.9902,3.4815,0.2447,0.0030,0.0145,0.0046,11.0751,4.9660
2026-09-16T20:38:18.096Z,0.1031,0.0051,0.0053,0.0050,0.5692,1.2930,0.3184,0.0042,0.0009,0.0086,-0.1749,1.2037,0.1365,0.0087,0.0031,0.0042,0.5540,0.6681
2026-09-16T20:38:19.096Z,0.0455,0.0041,0.0014,0.0033,-0.5069,0.5958,0.0792,0.0074,0.0021,0.0030,-0.7008,0.4951,0.0199,0.0041,0.0009,0.0011,0.9055,0.3125
2026-09-16T20:38:20.100Z,0.0228,0.0009,0.0021,0.0028,0.8715,4.7979,0.0320,0.0051,0.0027,0.0038,-0.1402,0.8032,0.0152,0.0026,0.0025,0.0017,4.1233,1.1201
2026-09-16T20:38:21.118Z,0.0188,0.0007,0.0015,0.0016,1.7566,3.1081,0.0214,0.0012,0.0002,0.0013,0.3580,1.0174,0.0125,0.0013,0.0002,0.0012,12.2128,0.5922
2026-09-16T20:38:22.168Z,0.0392,0.0046,0.0158,0.0083,14.5155,3.7921,0.0433,0.0028,0.0141,0.0109,6.6537,5.8490,0.0317,0.0062,0.0133,0.0073,9.6088,2.4217
2026-09-16T20:38:23.201Z,0.0447,0.0118,0.0018,0.0032,-0.1614,0.3000,0.1105,0.0115,0.0053,0.0058,-0.7200,0.6175,0.0399,0.0012,0.0014,0.0035,-0.3816,2.3234
2026-09-16T20:38:24.221Z,0.0734,0.0067,0.0056,0.0087,1.5091,1.4840,0.1940,0.0238,0.0138,0.0235,10.1315,0.9532,0.0709,0.0062,0.0062,0.0102,1.7725,2.0180
2026-09-16T20:38:25.223Z,0.0185,0.0012,0.0009,0.0008,3.4906,0.8468,0.0310,0.0024,0.0015,0.0029,1.2755,0.8259,0.0178,0.0026,0.0026,0.0036,1.8028,1.0867
2026-09-16T20:38:26.217Z,0.0291,0.0041,0.0043,0.0030,9.8926,1.1773,0.0259,0.0021,0.0006,0.0042,6.5944,1.5095,0.0131,0.0008,0.0012,0.0032,5.4012,3.4332
2026-09-16T20:38:27.220Z,0.0329,0.0021,0.0003,0.0025,7.2070,0.6048,0.0318,0.0007,0.0015,0.0025,5.8345,3.4524,0.0212,0.0009,0.0009,0.0015,8.7374,1.4240
2026-09-16T20:38:28.249Z,0.0290,0.0042,0.0017,0.0021,3.1632,0.6314,0.0376,0.0039,0.0023,0.0054,14.6793,1.6505,0.0255,0.0036,0.0018,0.0029,1.2549,0.5976
2026-09-16T20:38:29.260Z,0.0218,0.0057,0.0029,0.0025,-1.2612,0.5674,0.0073,0.0006,0.0009,0.0010,16.3985,1.8027,0.0154,0.0038,0.0009,0.0041,2.3880,0.6746
2026-09-16T20:38:30.259Z,0.0171,0.0034,0.0005,0.0021,-1.2177,0.4533,0.0039,0.0000,0.0000,0.0000,0.0000,0.0000,0.0158,0.0005,0.0001,0.0004,7.6332,1.2306
2026-09-16T20:38:31.284Z,0.0168,0.0007,0.0005,0.0012,4.4688,1.8889,0.0203,0.0026,0.0015,0.0021,-0.3091,0.9019,0.0150,0.0020,0.0007,0.0013,-0.1194,0.6829
2026-09-16T20:38:32.316Z,0.0275,0.0019,0.0010,0.0038,1.1247,1.2328,0.0203,0.0028,0.0011,0.0020,2.6988,0.9654,0.0243,0.0038,0.0006,0.0040,0.3989,0.7284
2026-09-16T20:38:33.333Z,0.0137,0.0001,0.0001,0.0002,7.5317,2.0400,0.0206,0.0043,0.0017,0.0017,-0.1684,0.4400,0.0243,0.0015,0.0015,0.0016,3.5485,1.2058
2026-09-16T20:38:37.391Z,0.3705,0.0013,0.0090,0.1117,-0.1950,25.6238,0.4107,0.0134,0.0113,0.2216,-0.7586,4.1672,0.7432,0.0398,0.0115,0.2443,-1.3861,1.4842
2026-09-16T20:38:38.385Z,0.3188,0.0070,0.0099,0.1470,-0.4334,4.6928,0.3888,0.0266,0.0238,0.2413,-0.5655,1.5698,0.6958,0.0029,0.0119,0.2403,-1.1407,17.9565
2026-09-16T20:38:39.388Z,0.2864,0.0098,0.0149,0.1698,-0.4193,2.7197,0.3878,0.0213,0.0096,0.2053,-0.3374,1.3912,0.5372,0.0290,0.0418,0.2895,-1.2136,2.6559
2026-09-16T20:38:40.391Z,0.2839,0.0195,0.0172,0.1950,-0.4332,1.7581,0.3993,0.0171,0.0276,0.2380,-0.4983,2.7667,0.5343,0.0268,0.0275,0.2288,-1.1764,2.3255
2026-09-16T20:38:41.391Z,0.2830,0.0104,0.0161,0.1891,-0.0376,2.1419,0.3776,0.0269,0.0113,0.2328,-0.2862,2.2375,0.5361,0.0922,0.0553,0.2171,-1.2388,0.7129
2026-09-16T20:38:42.391Z,0.3044,0.0081,0.0207,0.1998,-0.3621,5.2211,0.3860,0.0176,0.0181,0.2234,-0.5320,2.7842,0.5246,0.0998,0.0239,0.2346,-1.1494,0.5230
2026-09-16T20:38:43.391Z,0.3015,0.0109,0.0372,0.2142,-0.6611,4.2882,0.3926,0.0060,0.0250,0.2493,-0.3822,7.3937,0.5324,0.0428,0.0420,0.2876,-1.2502,1.5848
2026-09-16T20:38:44.389Z,0.3041,0.0246,0.0112,0.2236,-0.8603,1.2878,0.3651,0.0321,0.0070,0.1999,-0.5050,1.1662,0.5252,0.0549,0.0560,0.2335,-1.4366,1.6200
2026-09-16T20:38:45.391Z,0.3105,0.0227,0.0225,0.2232,-0.7933,1.8771,0.3511,0.0235,0.0038,0.1934,-0.9020,1.7563,0.5187,0.0312,0.0215,0.1391,-1.5230,1.1420
2026-09-16T20:38:46.407Z,0.3009,0.0176,0.0376,0.2012,-0.7845,4.1407,0.3760,0.0308,0.0034,0.1933,-0.9488,2.0439,0.5146,0.0272,0.0533,0.1053,-1.5151,4.1387
2026-09-16T20:38:47.411Z,0.3182,0.0253,0.0077,0.2053,-0.0086,0.4694,0.4139,0.0275,0.0364,0.2636,-0.6074,2.3832,0.4473,0.0998,0.0210,0.1875,-1.2663,0.5789
2026-09-16T20:38:48.411Z,0.2762,0.0234,0.0366,0.1921,0.0829,2.5731,0.4036,0.0213,0.0084,0.2125,-0.5918,1.4835,0.4368,0.0595,0.0199,0.1483,-1.3184,0.9811
2026-09-16T20:38:49.407Z,0.3039,0.0119,0.0174,0.2079,-0.6681,2.1578,0.4055,0.0286,0.0098,0.2483,-0.6021,0.7027,0.4223,0.0494,0.0213,0.2317,-1.3521,2.0862
2026-09-16T20:38:50.411Z,0.2974,0.0255,0.0407,0.1970,-0.4857,2.6815,0.3938,0.0187,0.0128,0.2593,-0.2182,2.4496,0.4212,0.0244,0.0231,0.1250,-1.4985,1.9975
2026-09-16T20:38:51.410Z,0.3146,0.0038,0.0405,0.2204,-0.3075,15.0967,0.3801,0.0221,0.0176,0.2090,-0.5055,1.1870,0.4196,0.0585,0.0346,0.1856,-1.4112,1.1167
2026-09-16T20:38:52.409Z,0.2975,0.0287,0.0184,0.2021,-0.0472,1.3212,0.3708,0.0141,0.0223,0.2459,-0.7259,2.7645,0.4080,0.0641,0.0222,0.1700,-1.3059,0.5733
2026-09-16T20:38:53.408Z,0.2943,0.0080,0.0263,0.2102,0.2377,4.6122,0.3818,0.0114,0.0195,0.2455,-0.5776,2.2659,0.4164,0.0350,0.0322,0.1518,-1.1816,1.3527
2026-09-16T20:38:54.411Z,0.3171,0.0125,0.0380,0.2231,-0.5721,4.3454,0.4057,0.0085,0.0059,0.2127,-0.4574,4.6476,0.4029,0.0070,0.0388,0.1832,-1.2269,10.9238
2026-09-16T20:38:55.400Z,0.2968,0.0226,0.0257,0.2208,-0.5746,1.8433,0.3805,0.0289,0.0226,0.1971,-0.1936,3.1208,0.4112,0.0425,0.0418,0.1535,-1.4547,1.3750
2026-09-16T20:38:56.416Z,0.3046,0.0124,0.0292,0.2112,-0.7422,4.2282,0.3927,0.0095,0.0106,0.2519,-0.6049,4.1085,0.4059,0.0123,0.0101,0.1268,-1.5316,3.1507
2026-09-16T20:38:57.436Z,0.2999,0.0111,0.0158,0.1589,-0.5229,3.2413,0.3676,0.0173,0.0208,0.1531,-0.4753,3.3825,0.4138,0.0468,0.0301,0.1032,-1.5639,1.3170
2026-09-16T20:38:58.438Z,0.3091,0.0058,0.0207,0.1860,-0.3244,12.4536,0.3888,0.0318,0.0155,0.2056,-0.7015,1.9354,0.3976,0.0511,0.0271,0.2003,-1.2484,1.2726
2026-09-16T20:38:59.439Z,0.3119,0.0176,0.0268,0.2193,-0.2339,2.1467,0.3958,0.0180,0.0081,0.2110,-0.6222,1.7700,0.3955,0.0256,0.0030,0.1352,-1.1479,1.7221
2026-09-16T20:39:00.451Z,0.3067,0.0111,0.0411,0.1999,-0.5123,4.5761,0.3841,0.0254,0.0081,0.2121,-0.6697,2.3450,0.3998,0.0296,0.0082,0.1960,-1.2236,1.8291
2026-09-16T20:39:01.440Z,0.3018,0.0020,0.0182,0.2093,-0.3177,19.6532,0.3720,0.0312,0.0151,0.2280,-0.3782,1.0999,0.3841,0.0300,0.0373,0.1015,-1.2738,1.7620
2026-09-16T20:39:02.441Z,0.3054,0.0326,0.0176,0.1800,-0.8726,1.1604,0.3772,0.0039,0.0324,0.2472,-0.3975,15.7334,0.3915,0.0614,0.0019,0.1655,-1.3882,1.1026
2026-09-16T20:39:03.449Z,0.3062,0.0121,0.0144,0.1878,-0.6903,3.9896,0.3908,0.0145,0.0090,0.2244,-0.5186,2.2569,0.3750,0.0392,0.0251,0.1992,-1.3393,1.9203
2026-09-16T20:39:04.448Z,0.2968,0.0213,0.0130,0.1964,-0.3780,2.0046,0.3763,0.0099,0.0104,0.2435,-0.5265,4.5579,0.3665,0.0851,0.0059,0.1289,-1.3403,0.3854
2026-09-16T20:39:05.450Z,0.2996,0.0085,0.0142,0.2198,-0.6465,2.1701,0.3751,0.0401,0.0051,0.2001,-0.2517,1.7540,0.3710,0.0334,0.0185,0.1778,-1.4814,1.3094
2026-09-16T20:39:06.441Z,0.3046,0.0222,0.0292,0.2360,-0.6010,1.6849,0.3791,0.0357,0.0172,0.2303,-0.4377,1.3378,0.3551,0.0440,0.0063,0.1730,-1.5122,1.4521
2026-09-16T20:39:07.467Z,0.2988,0.0119,0.0378,0.1258,-0.4755,4.1732,0.3565,0.0266,0.0057,0.0980,-0.6312,3.5832,0.3577,0.0129,0.0068,0.0807,-1.4876,5.1405
2026-09-16T20:39:08.460Z,0.3076,0.0166,0.0280,0.2203,-0.3019,3.1316,0.3726,0.0467,0.0335,0.2097,-0.7386,1.2370,0.3544,0.0642,0.0096,0.1303,-1.2723,0.6679
2026-09-16T20:39:09.465Z,0.2927,0.0189,0.0263,0.2167,-0.0923,1.5495,0.3743,0.0317,0.0055,0.2443,-0.7761,1.2805,0.3644,0.0242,0.0283,0.1680,-1.2519,2.8755
2026-09-16T20:39:10.459Z,0.2994,0.0069,0.0293,0.2131,-0.0272,7.0259,0.3522,0.0191,0.0135,0.1721,-0.9211,3.4473,0.3613,0.0196,0.0177,0.1799,-1.1063,2.7792
2026-09-16T20:39:11.464Z,0.2861,0.0158,0.0324,0.2116,-0.0365,2.7046,0.3587,0.0018,0.0168,0.2320,-0.9475,17.1580,0.3495,0.0190,0.0416,0.1765,-1.1000,2.7635
2026-09-16T20:39:12.460Z,0.2864,0.0049,0.0030,0.1966,-0.0221,5.2169,0.3517,0.0151,0.0219,0.2090,-0.7296,3.1681,0.3653,0.0115,0.0206,0.1574,-1.3962,5.0160
2026-09-16T20:39:13.458Z,0.2791,0.0241,0.0174,0.2032,-0.3752,1.9309,0.3655,0.0251,0.0065,0.2041,-0.6192,1.8704,0.3607,0.0194,0.0110,0.1796,-1.5445,2.0759
2026-09-16T20:39:14.458Z,0.2982,0.0291,0.0273,0.2191,-0.5135,1.5185,0.3823,0.0449,0.0129,0.2261,-0.5764,0.6615,0.3574,0.0111,0.0226,0.2136,-1.2795,6.1829
2026-09-16T20:39:15.459Z,0.2970,0.0112,0.0206,0.2057,-0.4213,4.0814,0.3661,0.0070,0.0146,0.2293,-0.9332,8.9605,0.3406,0.0458,0.0023,0.2006,-1.0153,0.9114
2026-09-16T20:39:16.458Z,0.2896,0.0108,0.0337,0.2182,-0.4512,4.4553,0.3376,0.0241,0.0047,0.2078,-0.3002,1.5447,0.3479,0.0343,0.0268,0.1062,-1.1480,1.4769
2026-09-16T20:39:17.491Z,0.2956,0.0109,0.0156,0.1479,-0.5055,4.6021,0.3473,0.0209,0.0131,0.1732,-0.6504,4.0304,0.3374,0.0309,0.0260,0.1033,-1.3576,0.9852
2026-09-16T20:39:18.510Z,0.2898,0.0198,0.0115,0.1534,-0.5068,1.6755,0.3385,0.0277,0.0321,0.1603,-0.6258,1.9468,0.3390,0.0361,0.0243,0.0985,-0.9076,1.5236
2026-09-16T20:39:19.511Z,0.2855,0.0373,0.0156,0.1822,-0.2513,0.8988,0.3361,0.0057,0.0266,0.1978,-0.8003,7.5713,0.3320,0.0206,0.0168,0.1291,-1.2767,2.3326
2026-09-16T20:39:20.510Z,0.2838,0.0216,0.0182,0.2163,-0.2847,1.9820,0.3335,0.0176,0.0159,0.2348,-0.6118,1.1492,0.3290,0.0226,0.0212,0.1405,-1.2030,2.5501
2026-09-16T20:39:21.512Z,0.2862,0.0194,0.0227,0.2174,-0.4433,2.5987,0.3216,0.0083,0.0198,0.1693,-0.9068,5.3894,0.3312,0.0143,0.0160,0.1844,-1.2098,4.0341
2026-09-16T20:39:22.511Z,0.2907,0.0021,0.0176,0.2000,-0.5067,10.0193,0.3286,0.0158,0.0083,0.1998,-0.7629,1.5225,0.3332,0.0241,0.0376,0.1160,-1.4834,3.0800
2026-09-16T20:39:23.514Z,0.2918,0.0184,0.0132,0.1812,-0.2709,2.4232,0.3368,0.0042,0.0177,0.1961,-0.7746,8.4121,0.3301,0.0185,0.0173,0.1261,-1.1811,2.2547
2026-09-16T20:39:24.510Z,0.2881,0.0109,0.0390,0.1787,-0.5879,6.1833,0.3348,0.0021,0.0058,0.2206,-0.5930,12.2219,0.3376,0.0453,0.0275,0.1460,-1.2938,1.3589
2026-09-16T20:39:25.511Z,0.2875,0.0098,0.0328,0.1929,-0.3714,4.8642,0.3278,0.0382,0.0134,0.1794,-0.7495,1.5327,0.3317,0.0302,0.0216,0.1781,-1.0641,2.6192
2026-09-16T20:39:26.511Z,0.2733,0.0186,0.0264,0.2088,-0.1329,2.2139,0.3367,0.0044,0.0198,0.1925,-0.7179,15.0830,0.3310,0.0457,0.0132,0.1835,-1.1606,1.1452
2026-09-16T20:39:27.547Z,0.2831,0.0156,0.0038,0.1235,-0.2236,2.8384,0.3403,0.0545,0.0086,0.1328,-0.5565,1.0821,0.3243,0.0193,0.0168,0.0941,-1.4408,2.6393
2026-09-16T20:39:28.559Z,0.2846,0.0194,0.0432,0.0981,-0.0323,2.9028,0.3160,0.0564,0.0266,0.0928,-0.5012,1.1201,0.3261,0.0318,0.0347,0.0785,-1.2973,2.1808
2026-09-16T20:39:29.560Z,0.2822,0.0089,0.0205,0.1752,-0.4837,5.8088,0.3236,0.0205,0.0161,0.1876,-0.5854,1.5670,0.3229,0.0247,0.0167,0.1451,-1.4944,2.7144
2026-09-16T20:39:30.562Z,0.2758,0.0221,0.0105,0.1893,-0.3117,1.5412,0.3355,0.0177,0.0086,0.1769,-0.7525,1.3852,0.3238,0.0604,0.0067,0.1622,-1.2339,0.6706
2026-09-16T20:39:31.575Z,0.2610,0.0053,0.0298,0.1762,0.1668,7.3567,0.3215,0.0149,0.0205,0.1804,-0.6485,3.8004,0.3235,0.0311,0.0144,0.1738,-1.2432,1.3453
2026-09-16T20:39:32.560Z,0.2787,0.0130,0.0150,0.1724,-0.2118,3.4791,0.3320,0.0162,0.0124,0.1743,-0.4880,1.9750,0.3200,0.0360,0.0024,0.1379,-1.3803,1.6576
2026-09-16T20:39:33.567Z,0.2743,0.0159,0.0134,0.1597,-0.1345,3.5685,0.3264,0.0061,0.0165,0.1701,-0.8183,5.6282,0.3206,0.0215,0.0075,0.1853,-1.1937,2.2563
2026-09-16T20:39:34.564Z,0.2775,0.0198,0.0317,0.1863,-0.3973,2.4541,0.3082,0.0241,0.0315,0.1354,-0.6007,1.8104,0.3170,0.0564,0.0020,0.1541,-1.4149,1.0373
2026-09-16T20:39:35.559Z,0.2609,0.0116,0.0323,0.1724,-0.2589,4.3785,0.3209,0.0077,0.0224,0.1444,-0.6846,6.4849,0.3185,0.0295,0.0252,0.1227,-1.3874,1.6453
2026-09-16T20:39:36.591Z,0.2797,0.0076,0.0460,0.2007,-0.1715,7.2139,0.3305,0.0211,0.0133,0.2074,-0.7911,1.6076,0.3187,0.0126,0.0086,0.1676,-1.1733,1.9370
2026-09-16T20:39:37.611Z,0.2833,0.0239,0.0309,0.1541,-0.6221,2.3885,0.3372,0.0079,0.0329,0.1581,-0.5377,9.7246,0.3196,0.0233,0.0013,0.0850,-1.3990,2.5028
2026-09-16T20:39:38.647Z,0.2610,0.0086,0.0593,0.0793,-0.3688,10.7628,0.3288,0.0080,0.0192,0.0936,-1.0205,7.7299,0.3153,0.0238,0.0332,0.0818,-1.2181,2.7080
2026-09-16T20:39:39.642Z,0.2800,0.0205,0.0395,0.1859,-0.2081,2.5154,0.3388,0.0208,0.0093,0.1857,-0.6105,1.4987,0.3093,0.0305,0.0327,0.1323,-1.2085,1.7027
2026-09-16T20:39:40.645Z,0.2775,0.0250,0.0020,0.1552,-0.7291,1.4248,0.3406,0.0211,0.0183,0.1759,-0.7790,2.1039,0.3070,0.0211,0.0280,0.1152,-1.4330,2.5835
2026-09-16T20:39:41.651Z,0.2722,0.0164,0.0125,0.1644,-0.2421,1.8846,0.3235,0.0198,0.0107,0.1860,-0.7531,2.7019,0.3116,0.0185,0.0256,0.1504,-1.3035,2.6989
2026-09-16T20:39:42.650Z,0.2753,0.0319,0.0125,0.1570,-0.2509,0.7785,0.3251,0.0121,0.0100,0.1549,-0.5566,4.1833,0.3152,0.0457,0.0113,0.1274,-1.2144,1.3570
2026-09-16T20:39:43.650Z,0.2761,0.0451,0.0121,0.1446,-0.6059,1.0796,0.3111,0.0483,0.0149,0.1351,-0.5087,0.9262,0.3061,0.0560,0.0129,0.1278,-1.4355,0.7535
2026-09-16T20:39:44.645Z,0.2696,0.0137,0.0284,0.1579,-0.1067,3.6682,0.3411,0.0211,0.0062,0.1398,-0.8710,1.7027,0.3066,0.0463,0.0279,0.1581,-1.2095,0.8264
2026-09-16T20:39:45.643Z,0.2729,0.0145,0.0216,0.1800,-0.1914,3.2534,0.3276,0.0137,0.0148,0.2085,-0.6434,2.2306,0.3102,0.0098,0.0074,0.1769,-1.1210,2.1293
2026-09-16T20:39:46.644Z,0.2789,0.0234,0.0177,0.1886,-0.6409,2.0666,0.3286,0.0201,0.0112,0.1938,-0.6188,2.0614,0.3091,0.0340,0.0102,0.1559,-1.4262,1.2356
2026-09-16T20:39:47.671Z,0.2807,0.0109,0.0119,0.1916,-0.2038,5.4101,0.3026,0.0034,0.0150,0.1650,-0.6115,11.3410,0.3054,0.0210,0.0289,0.1336,-1.2197,2.1829
2026-09-16T20:39:48.691Z,0.2627,0.0103,0.0262,0.1705,-0.4644,3.5917,0.2955,0.0491,0.0262,0.1152,-0.4559,1.5892,0.2988,0.0321,0.0394,0.0819,-1.0510,1.7494
2026-09-16T20:39:49.683Z,0.2640,0.0202,0.0112,0.1784,-0.0721,1.7683,0.3087,0.0154,0.0084,0.1606,-0.6226,2.3107,0.2976,0.0526,0.0209,0.1576,-1.3102,1.0980
2026-09-16T20:39:50.690Z,0.2815,0.0183,0.0204,0.2047,-0.2158,2.0114,0.2973,0.0307,0.0121,0.1625,-0.6623,1.7595,0.3048,0.0582,0.0128,0.1728,-1.2405,0.7414
2026-09-16T20:39:51.686Z,0.2779,0.0008,0.0275,0.2031,-0.5181,55.5393,0.3128,0.0208,0.0102,0.2246,-0.6076,1.1566,0.2977,0.0365,0.0238,0.1239,-1.4194,0.9904
2026-09-16T20:39:52.690Z,0.2712,0.0095,0.0225,0.2062,-0.0582,4.7853,0.3075,0.0194,0.0132,0.1855,-0.7897,2.0846,0.2937,0.0172,0.0183,0.1669,-1.1966,1.8036
2026-09-16T20:39:53.677Z,0.2696,0.0185,0.0290,0.1782,-0.5165,1.9765,0.3072,0.0162,0.0085,0.1825,-0.6952,2.1288,0.2958,0.0366,0.0069,0.1481,-1.3278,1.6310
2026-09-16T20:39:54.676Z,0.2578,0.0092,0.0418,0.1653,-0.3547,7.3204,0.2826,0.0361,0.0036,0.1512,-0.7773,1.3907,0.3057,0.0652,0.0182,0.1574,-1.2897,0.7440
2026-09-16T20:39:55.676Z,0.2687,0.0144,0.0298,0.1930,-0.1436,2.8772,0.2961,0.0174,0.0290,0.1432,-0.8546,3.2785,0.2979,0.0281,0.0188,0.1619,-1.1921,1.9635
2026-09-16T20:39:56.684Z,0.2717,0.0110,0.0117,0.2024,-0.5557,2.3408,0.2926,0.0349,0.0121,0.1744,-0.4619,0.9957,0.2948,0.0459,0.0117,0.1389,-1.4604,0.5653
2026-09-16T20:39:57.710Z,0.2765,0.0035,0.0314,0.2064,-0.3214,11.9372,0.3032,0.0210,0.0085,0.1841,-0.7773,1.4136,0.2954,0.0393,0.0218,0.1629,-1.1318,1.0299
2026-09-16T20:39:58.743Z,0.2653,0.0167,0.0381,0.1026,-0.2116,3.5554,0.3151,0.0306,0.0068,0.0771,-0.5925,2.5457,0.2941,0.0236,0.0310,0.0870,-1.1951,2.9916
2026-09-16T20:39:59.738Z,0.2624,0.0061,0.0119,0.1451,-0.6651,7.9198,0.2939,0.0230,0.0215,0.1395,-0.5375,1.9254,0.2907,0.0208,0.0055,0.1288,-1.4723,2.0242
2026-09-16T20:40:00.743Z,0.2537,0.0154,0.0283,0.1680,-0.3440,2.9652,0.2811,0.0044,0.0178,0.1443,-0.7996,7.8600,0.2796,0.0137,0.0006,0.1155,-1.2696,2.2807
2026-09-16T20:40:01.744Z,0.2518,0.0066,0.0189,0.1793,-0.3131,4.7215,0.2983,0.0130,0.0251,0.1789,-0.7682,2.7820,0.2895,0.0301,0.0120,0.1460,-1.1342,1.0879
2026-09-16T20:40:02.748Z,0.2521,0.0104,0.0215,0.1900,-0.2982,3.9647,0.2809,0.0250,0.0092,0.1570,-0.7009,2.0575,0.2967,0.0197,0.0063,0.1445,-1.3116,1.8278
2026-09-16T20:40:03.752Z,0.2704,0.0099,0.0070,0.1921,-0.4914,3.2277,0.2853,0.0202,0.0066,0.1543,-0.7112,1.9614,0.2911,0.0366,0.0084,0.1272,-1.3631,1.1766
2026-09-16T20:40:04.751Z,0.2727,0.0215,0.0217,0.1715,-0.3736,1.7309,0.3079,0.0129,0.0229,0.1719,-0.7370,2.5286,0.2887,0.0293,0.0088,0.1478,-1.2224,0.9868
2026-09-16T20:40:05.737Z,0.2618,0.0186,0.0214,0.1868,-0.2902,2.3400,0.2888,0.0155,0.0043,0.2002,-0.5490,1.2120,0.2913,0.0043,0.0091,0.1458,-1.3195,4.5043
2026-09-16T20:40:06.752Z,0.2620,0.0146,0.0261,0.1859,0.0646,2.8590,0.2895,0.0244,0.0072,0.1892,-0.7668,1.0376,0.2799,0.0156,0.0187,0.1286,-1.2114,2.7203
2026-09-16T20:40:07.751Z,0.2638,0.0143,0.0322,0.2215,-0.3578,3.5000,0.2815,0.0154,0.0159,0.1785,-0.5349,2.3657,0.2911,0.0124,0.0105,0.1747,-1.2625,3.1155
2026-09-16T20:40:08.791Z,0.2598,0.0199,0.0192,0.1219,-0.2087,3.6370,0.2697,0.0144,0.0150,0.1199,-0.5405,4.4070,0.2816,0.0238,0.0096,0.0860,-1.3462,1.6320
2026-09-16T20:40:09.809Z,0.2641,0.0335,0.0307,0.1530,-0.3132,1.4653,0.2821,0.0248,0.0153,0.1320,-0.4611,2.6232,0.2850,0.0187,0.0082,0.0955,-1.3910,1.9844
2026-09-16T20:40:10.808Z,0.2486,0.0035,0.0216,0.1587,-0.0469,17.9216,0.2912,0.0105,0.0102,0.1778,-0.7735,4.4606,0.2876,0.0154,0.0220,0.1704,-1.2206,2.0347
2026-09-16T20:40:11.809Z,0.2717,0.0195,0.0112,0.1959,-0.4704,1.6678,0.2724,0.0103,0.0279,0.1799,-0.6762,3.9991,0.2755,0.0338,0.0163,0.1298,-1.3076,1.3228
2026-09-16T20:40:12.812Z,0.2619,0.0151,0.0261,0.1856,-0.1908,3.3955,0.2805,0.0155,0.0156,0.1314,-0.5158,2.8166,0.2876,0.0341,0.0099,0.1484,-0.8293,0.9020
2026-09-16T20:40:13.810Z,0.2462,0.0013,0.0099,0.1623,-0.0965,18.8092,0.2827,0.0102,0.0144,0.1418,-0.1753,2.9979,0.2762,0.0254,0.0074,0.1061,-1.5207,2.4022
2026-09-16T20:40:14.811Z,0.2506,0.0112,0.0193,0.1512,-0.2543,2.9609,0.2892,0.0230,0.0120,0.1683,-0.7482,1.8594,0.2806,0.0271,0.0220,0.1637,-1.3490,2.1355
2026-09-16T20:40:15.811Z,0.2477,0.0226,0.0310,0.1472,0.5278,2.3304,0.2783,0.0307,0.0040,0.1448,-0.8007,1.0583,0.2740,0.0409,0.0072,0.1355,-1.0675,1.4379
2026-09-16T20:40:16.811Z,0.2624,0.0025,0.0047,0.1677,0.2400,12.3804,0.2925,0.0027,0.0135,0.1356,-0.9199,9.7932,0.2755,0.0389,0.0224,0.1212,-0.9803,0.8565
2026-09-16T20:40:17.812Z,0.2611,0.0216,0.0298,0.1763,-0.2650,2.7291,0.2884,0.0278,0.0088,0.1184,-0.9491,1.8087,0.2741,0.0212,0.0218,0.1247,-0.8561,2.5482
2026-09-16T20:40:18.850Z,0.2677,0.0056,0.0143,0.1313,-0.3764,6.4985,0.2991,0.0141,0.0087,0.1279,-0.5705,3.7324,0.2681,0.0301,0.0288,0.0849,-1.3904,1.7842
2026-09-16T20:40:19.845Z,0.2560,0.0310,0.0256,0.1986,-0.4490,1.3142,0.3002,0.0120,0.0110,0.1750,-0.6335,3.1495,0.2689,0.0358,0.0234,0.1152,-1.3068,1.2777
2026-09-16T20:40:20.844Z,0.2454,0.0116,0.0172,0.1722,0.2965,3.4818,0.2935,0.0187,0.0176,0.1608,-0.8781,2.3444,0.2634,0.0154,0.0114,0.1630,-0.9838,2.3846
2026-09-16T20:40:21.851Z,0.2589,0.0073,0.0144,0.1877,0.2959,5.7372,0.2803,0.0124,0.0156,0.1482,-0.3575,3.6169,0.2721,0.0060,0.0159,0.1434,-1.1109,11.5265
2026-09-16T20:40:22.850Z,0.2579,0.0090,0.0396,0.1826,-0.4203,6.4746,0.2828,0.0282,0.0097,0.1756,-0.6643,0.9418,0.2703,0.0206,0.0122,0.1329,-1.4511,1.5265
2026-09-16T20:40:23.852Z,0.2759,0.0166,0.0078,0.1885,0.8412,2.1578,0.2787,0.0137,0.0291,0.1695,-0.2914,3.6423,0.2606,0.0186,0.0088,0.1288,-1.0189,3.5906
2026-09-16T20:40:24.846Z,0.2614,0.0078,0.0095,0.1857,0.9055,4.7518,0.2679,0.0255,0.0080,0.1504,-0.3728,0.9861,0.2629,0.0289,0.0134,0.1264,-0.8979,1.5477
2026-09-16T20:40:25.844Z,0.2510,0.0059,0.0355,0.1718,0.7301,10.3802,0.2804,0.0253,0.0046,0.1601,-0.5294,0.8699,0.2677,0.0193,0.0117,0.1455,-1.1802,2.6886
2026-09-16T20:40:26.850Z,0.2652,0.0033,0.0312,0.1930,-0.5387,10.3444,0.2834,0.0065,0.0195,0.1345,-0.6146,5.2493,0.2632,0.0187,0.0128,0.1210,-1.5096,3.4913
2026-09-16T20:40:27.851Z,0.2642,0.0023,0.0475,0.1694,-0.3968,24.7123,0.2961,0.0176,0.0177,0.1553,-0.7351,1.9993,0.2579,0.0263,0.0118,0.0949,-1.0597,1.2671
2026-09-16T20:40:28.870Z,0.2380,0.0170,0.0238,0.1222,0.3394,2.2339,0.2637,0.0245,0.0067,0.0968,-1.1033,1.8899,0.2651,0.0095,0.0140,0.1265,-1.0356,4.7988
2026-09-16T20:40:29.887Z,0.2498,0.0081,0.0285,0.1666,0.4796,6.0514,0.2645,0.0123,0.0240,0.1361,-0.4438,3.5031,0.2503,0.0212,0.0118,0.1141,-1.0005,2.2639
2026-09-16T20:40:30.885Z,0.2369,0.0173,0.0137,0.1671,-0.2957,1.9458,0.2441,0.0092,0.0304,0.1226,0.1525,4.5362,0.2609,0.0263,0.0065,0.1020,-1.2106,1.8264
2026-09-16T20:40:31.885Z,0.2433,0.0057,0.0026,0.1612,-0.2106,8.4792,0.2518,0.0346,0.0102,0.1505,-0.4523,0.6805,0.2588,0.0347,0.0152,0.1350,-1.4093,1.6099
2026-09-16T20:40:32.892Z,0.2536,0.0090,0.0205,0.1872,0.3531,2.9195,0.2602,0.0136,0.0043,0.1591,-0.6738,2.7191,0.2637,0.0125,0.0237,0.1437,-0.9207,3.7590
2026-09-16T20:40:33.892Z,0.2578,0.0127,0.0123,0.1787,0.2033,1.5812,0.2909,0.0228,0.0069,0.1663,-0.9377,1.4407,0.2719,0.0397,0.0109,0.1804,-1.0188,1.1691
2026-09-16T20:40:34.890Z,0.2551,0.0081,0.0138,0.1746,-0.0953,3.3183,0.2872,0.0095,0.0056,0.1566,-0.7110,4.4746,0.2620,0.0049,0.0088,0.1495,-1.4910,10.9483
2026-09-16T20:40:35.886Z,0.2543,0.0092,0.0240,0.1882,-0.7196,4.7066,0.2797,0.0208,0.0117,0.1773,-0.3231,1.5063,0.2539,0.0197,0.0159,0.1284,-1.4625,2.7198
2026-09-16T20:40:36.885Z,0.2462,0.0092,0.0086,0.1665,0.9337,2.9952,0.2584,0.0068,0.0146,0.1223,-0.6039,6.2687,0.2485,0.0220,0.0164,0.0987,-1.2278,2.5613
2026-09-16T20:40:37.892Z,0.2629,0.0238,0.0263,0.1712,0.2447,2.1413,0.2873,0.0177,0.0238,0.1401,-1.0377,2.6670,0.2547,0.0246,0.0169,0.1610,-0.9015,2.2565
2026-09-16T20:40:38.908Z,0.2576,0.0143,0.0339,0.1374,0.5437,3.4404,0.2643,0.0273,0.0134,0.0999,-0.5981,1.7364,0.2571,0.0187,0.0231,0.0859,-0.9863,3.9886
2026-09-16T20:40:39.951Z,0.2707,0.0182,0.0399,0.0956,0.2111,3.2171,0.2694,0.0147,0.0295,0.1036,-0.6928,4.4553,0.2547,0.0240,0.0125,0.0566,-0.8421,1.4852
2026-09-16T20:40:40.958Z,0.2474,0.0094,0.0136,0.1084,0.6480,2.9340,0.2700,0.0234,0.0123,0.1248,-0.6817,1.5415,0.2553,0.0132,0.0076,0.0817,-0.9409,5.3995
2026-09-16T20:40:41.971Z,0.2487,0.0194,0.0250,0.1317,0.5994,1.9800,0.2723,0.0056,0.0172,0.1271,-0.7317,7.7835,0.2518,0.0353,0.0269,0.1236,-1.0023,1.8861
2026-09-16T20:40:42.957Z,0.2438,0.0134,0.0157,0.1472,0.7071,2.1577,0.2739,0.0244,0.0113,0.1178,-0.8548,1.6579,0.2543,0.0118,0.0189,0.1015,-0.8941,2.8632
2026-09-16T20:40:43.972Z,0.2549,0.0276,0.0131,0.1693,0.2076,1.1609,0.2516,0.0194,0.0082,0.0953,-0.8034,1.9987,0.2377,0.0122,0.0107,0.1255,-0.9937,3.4763
2026-09-16T20:40:44.971Z,0.2539,0.0156,0.0183,0.1684,-0.1822,2.3616,0.2714,0.0180,0.0083,0.1271,-0.2094,1.9748,0.2525,0.0042,0.0041,0.1242,-1.2872,8.0240
2026-09-16T20:40:45.958Z,0.2579,0.0103,0.0218,0.1731,-0.3317,2.5533,0.2657,0.0098,0.0124,0.1548,-0.4352,4.4721,0.2498,0.0245,0.0117,0.0924,-1.4928,1.4938
2026-09-16T20:40:46.971Z,0.2362,0.0081,0.0070,0.1573,0.3354,3.6016,0.2620,0.0215,0.0089,0.1512,-0.5816,1.2623,0.2495,0.0180,0.0044,0.1485,-0.9796,2.0665
2026-09-16T20:40:47.971Z,0.2458,0.0041,0.0134,0.1782,0.3367,5.4865,0.2558,0.0180,0.0151,0.1638,-0.5580,2.1314,0.2494,0.0323,0.0119,0.1201,-0.9166,1.0617
2026-09-16T20:40:48.991Z,0.2445,0.0088,0.0097,0.1853,-0.4077,1.3244,0.2617,0.0134,0.0189,0.1400,-0.4096,2.0027,0.2496,0.0217,0.0179,0.1249,-1.4655,2.0023
2026-09-16T20:40:50.010Z,0.2362,0.0058,0.0304,0.1489,0.8397,6.3536,0.2471,0.0079,0.0088,0.1268,-0.6758,6.6160,0.2513,0.0074,0.0155,0.1289,-0.9812,5.1723
2026-09-16T20:40:51.010Z,0.2347,0.0222,0.0052,0.1704,-0.0100,1.4952,0.2577,0.0281,0.0276,0.1445,-0.5708,1.4895,0.2486,0.0333,0.0005,0.1181,-1.0582,0.6696
2026-09-16T20:40:52.008Z,0.2424,0.0118,0.0397,0.1687,-0.2828,4.1057,0.2768,0.0058,0.0048,0.1426,-0.5994,5.4471,0.2520,0.0273,0.0146,0.1247,-1.4172,1.0776
2026-09-16T20:40:53.009Z,0.2420,0.0063,0.0311,0.1836,0.2348,8.0522,0.2590,0.0285,0.0107,0.1559,-0.8327,1.1932,0.2541,0.0512,0.0070,0.1394,-0.9129,0.5347
2026-09-16T20:40:54.011Z,0.2460,0.0209,0.0083,0.1505,-0.1700,1.7533,0.2800,0.0056,0.0037,0.1301,-0.4893,6.4405,0.2416,0.0411,0.0074,0.0833,-1.4629,0.8855
2026-09-16T20:40:55.007Z,0.2429,0.0074,0.0108,0.1732,0.1171,3.7816,0.2540,0.0094,0.0139,0.1182,-0.5898,3.0045,0.2547,0.0147,0.0139,0.1483,-1.0972,2.4739
2026-09-16T20:40:56.009Z,0.2430,0.0129,0.0119,0.1390,0.1953,3.0687,0.2631,0.0173,0.0063,0.1299,-0.6407,2.0394,0.2421,0.0477,0.0053,0.1085,-1.1680,0.5940
2026-09-16T20:40:57.012Z,0.2484,0.0061,0.0199,0.1636,-0.2721,9.6875,0.2538,0.0052,0.0083,0.1414,-0.2264,6.5624,0.2452,0.0099,0.0098,0.1270,-1.4095,4.3963
2026-09-16T20:40:58.008Z,0.2551,0.0087,0.0164,0.1839,0.0955,3.4265,0.2476,0.0091,0.0104,0.1321,-0.8068,5.0229,0.2423,0.0506,0.0191,0.0993,-0.9275,0.6363
2026-09-16T20:40:59.032Z,0.2483,0.0152,0.0085,0.1535,-0.5502,1.7277,0.2600,0.0188,0.0124,0.1442,-0.1868,1.4339,0.2503,0.0163,0.0290,0.1235,-1.4447,2.7173
2026-09-16T20:41:00.071Z,0.2449,0.0024,0.0201,0.0902,0.1446,13.1087,0.2668,0.0197,0.0168,0.0775,-0.5117,2.7114,0.2475,0.0479,0.0230,0.0733,-0.9942,0.7088
2026-09-16T20:41:01.072Z,0.2370,0.0236,0.0064,0.1583,-0.3961,1.3583,0.2619,0.0441,0.0205,0.1359,-0.4743,0.7486,0.2391,0.0093,0.0079,0.0819,-1.2264,4.3825
2026-09-16T20:41:02.067Z,0.2430,0.0088,0.0111,0.1743,0.4296,2.2722,0.2646,0.0188,0.0138,0.1268,-0.7784,1.6021,0.2437,0.0035,0.0026,0.1351,-1.0575,4.6831
2026-09-16T20:41:03.071Z,0.2372,0.0188,0.0138,0.1592,-0.5779,2.3519,0.2555,0.0189,0.0023,0.1481,-0.5019,1.2156,0.2472,0.0180,0.0152,0.1201,-1.3088,2.1661
2026-09-16T20:41:04.071Z,0.2378,0.0092,0.0194,0.1641,0.1467,4.2522,0.2645,0.0110,0.0032,0.1579,-0.8364,2.4770,0.2448,0.0175,0.0097,0.1607,-0.9439,2.1780
2026-09-16T20:41:05.062Z,0.2276,0.0201,0.0233,0.1394,-0.3153,1.9848,0.2484,0.0172,0.0137,0.1176,-0.4658,1.8431,0.2475,0.0491,0.0198,0.1177,-1.3275,0.6840
2026-09-16T20:41:06.061Z,0.2321,0.0061,0.0244,0.1599,0.1608,4.5995,0.2567,0.0081,0.0127,0.1466,-0.5424,5.9225,0.2442,0.0043,0.0177,0.1641,-1.0574,6.8948
2026-09-16T20:41:07.071Z,0.2351,0.0048,0.0399,0.1501,-0.3054,9.3915,0.2603,0.0166,0.0218,0.1176,-0.6668,1.7561,0.2459,0.0058,0.0138,0.1439,-1.2455,8.7799
2026-09-16T20:41:08.071Z,0.2399,0.0155,0.0382,0.1251,-0.3202,3.0975,0.2599,0.0049,0.0081,0.1130,-0.6271,4.8205,0.2446,0.0140,0.0252,0.1372,-1.1233,2.6179
2026-09-16T20:41:09.071Z,0.2342,0.0007,0.0202,0.1563,-0.2345,52.3627,0.2641,0.0123,0.0163,0.1470,-0.7794,3.2890,0.2387,0.0169,0.0134,0.1327,-1.2131,2.4311
2026-09-16T20:41:10.110Z,0.2299,0.0071,0.0188,0.0765,0.0426,6.3169,0.2686,0.0233,0.0385,0.0883,-0.5706,2.7788,0.2394,0.0246,0.0195,0.0570,-1.3293,1.5093
2026-09-16T20:41:11.110Z,0.2412,0.0116,0.0426,0.1438,-0.2169,3.9192,0.2575,0.0188,0.0278,0.1397,-0.3737,2.4331,0.2388,0.0218,0.0099,0.1344,-1.0908,2.0249
2026-09-16T20:41:12.111Z,0.2368,0.0125,0.0161,0.1656,-0.2626,3.4838,0.2552,0.0246,0.0275,0.1211,-0.4470,1.5092,0.2473,0.0333,0.0144,0.0988,-1.4208,0.8401
2026-09-16T20:41:13.112Z,0.2462,0.0087,0.0257,0.1855,-0.1529,5.1933,0.2598,0.0259,0.0177,0.1287,-0.4571,1.2070,0.2384,0.0222,0.0024,0.1042,-0.8984,2.1836
2026-09-16T20:41:14.109Z,0.2408,0.0124,0.0185,0.1825,-0.2998,3.1198,0.2499,0.0110,0.0062,0.1329,-0.7543,2.2183,0.2405,0.0183,0.0167,0.1299,-1.2915,2.3156
2026-09-16T20:41:15.104Z,0.2337,0.0305,0.0169,0.1196,-0.3166,2.1231,0.2551,0.0324,0.0061,0.0935,-0.5745,1.6654,0.2384,0.0169,0.0118,0.1020,-1.2491,2.0105
2026-09-16T20:41:16.111Z,0.2337,0.0175,0.0149,0.1580,0.0134,1.7731,0.2469,0.0106,0.0051,0.1197,-0.8010,4.3776,0.2417,0.0261,0.0092,0.1467,-0.9901,1.8178
2026-09-16T20:41:17.111Z,0.2385,0.0066,0.0355,0.1532,-0.4061,8.6021,0.2682,0.0061,0.0029,0.1333,-0.5260,6.4345,0.2347,0.0233,0.0130,0.1044,-1.3506,1.4431
2026-09-16T20:41:18.103Z,0.2552,0.0034,0.0222,0.1710,-0.3092,11.6841,0.2778,0.0279,0.0186,0.1435,-0.6641,2.0174,0.2410,0.0128,0.0026,0.1452,-0.9382,2.5057
2026-09-16T20:41:19.112Z,0.2604,0.0292,0.0046,0.1444,-0.4343,1.1559,0.2583,0.0157,0.0178,0.1271,-0.5132,2.4215,0.2409,0.0372,0.0206,0.1535,-1.2955,1.3249
2026-09-16T20:41:20.143Z,0.2221,0.0118,0.0417,0.1504,0.0187,5.7465,0.2575,0.0208,0.0105,0.0824,-0.5944,4.5200,0.2456,0.0280,0.0269,0.0764,-1.1306,2.1280
2026-09-16T20:41:21.168Z,0.2349,0.0117,0.0344,0.0839,-0.2664,5.7079,0.2421,0.0370,0.0038,0.0711,-0.7135,2.3520,0.2403,0.0058,0.0116,0.0627,-1.1911,10.9386
2026-09-16T20:41:22.171Z,0.2255,0.0028,0.0042,0.1390,-0.5097,13.6589,0.2499,0.0250,0.0290,0.1177,-0.6281,1.4057,0.2324,0.0252,0.0110,0.0921,-1.1102,1.0914
2026-09-16T20:41:23.167Z,0.2265,0.0165,0.0219,0.1662,-0.0454,1.6641,0.2484,0.0097,0.0114,0.1121,-0.8643,2.3808,0.2469,0.0090,0.0165,0.1175,-1.1887,4.0220
2026-09-16T20:41:24.171Z,0.2456,0.0054,0.0136,0.1466,-0.6689,8.1336,0.2702,0.0116,0.0044,0.1390,-0.6301,1.9501,0.2341,0.0274,0.0112,0.0938,-1.1903,1.2185
2026-09-16T20:41:25.170Z,0.2396,0.0105,0.0143,0.1773,0.0633,3.7664,0.2732,0.0225,0.0101,0.1228,-0.5905,2.9841,0.2493,0.0349,0.0152,0.1515,-1.0130,1.2039
2026-09-16T20:41:26.170Z,0.2407,0.0045,0.0318,0.1528,-0.2502,11.8139,0.2536,0.0162,0.0114,0.1279,-0.4561,1.6653,0.2298,0.0150,0.0132,0.1104,-1.2444,3.3230
2026-09-16T20:41:27.170Z,0.2290,0.0119,0.0160,0.1528,-0.3739,2.9337,0.2631,0.0067,0.0068,0.1513,-0.7728,5.5979,0.2362,0.0064,0.0151,0.1037,-0.9044,7.0142
2026-09-16T20:41:28.171Z,0.2212,0.0100,0.0395,0.1735,0.3283,4.8329,0.2544,0.0105,0.0136,0.1504,-0.7076,4.3692,0.2326,0.0029,0.0300,0.1448,-1.0195,14.1902
2026-09-16T20:41:29.170Z,0.2431,0.0258,0.0218,0.1350,-0.5120,2.0729,0.2552,0.0085,0.0019,0.1201,-0.1456,5.8451,0.2386,0.0250,0.0107,0.1038,-1.3205,1.8181
2026-09-16T20:41:30.180Z,0.2248,0.0222,0.0157,0.1060,-0.4323,2.4272,0.2554,0.0148,0.0095,0.1141,-0.5210,2.3437,0.2350,0.0372,0.0104,0.0880,-1.1940,0.7999
2026-09-16T20:41:31.211Z,0.2260,0.0080,0.0427,0.1125,-0.2636,5.9377,0.2609,0.0177,0.0244,0.0866,-0.5108,1.7563,0.2405,0.0084,0.0129,0.0947,-1.0772,4.0397
2026-09-16T20:41:32.211Z,0.2376,0.0170,0.0220,0.1590,-0.1282,2.5492,0.2449,0.0184,0.0182,0.1039,-0.4104,2.6631,0.2359,0.0402,0.0200,0.0907,-1.2727,1.1942
2026-09-16T20:41:33.211Z,0.2348,0.0124,0.0266,0.1497,-0.2428,3.1787,0.2727,0.0226,0.0118,0.1272,-0.6310,2.5691,0.2366,0.0207,0.0135,0.1286,-1.0271,1.9769
2026-09-16T20:41:34.211Z,0.2251,0.0125,0.0257,0.1179,-0.0320,3.6893,0.2681,0.0216,0.0304,0.1226,-0.6403,1.7625,0.2322,0.0180,0.0080,0.0910,-1.1254,1.6007
2026-09-16T20:41:35.211Z,0.2406,0.0121,0.0130,0.1608,-0.1589,2.4177,0.2549,0.0084,0.0102,0.0807,-0.4296,3.8572,0.2391,0.0364,0.0162,0.1171,-0.9384,0.8517
2026-09-16T20:41:36.211Z,0.2303,0.0135,0.0161,0.1503,-0.4429,1.6401,0.2575,0.0178,0.0188,0.1066,-0.3702,1.5591,0.2277,0.0306,0.0124,0.1048,-1.2855,0.7991
2026-09-16T20:41:37.212Z,0.2303,0.0273,0.0219,0.1286,-0.4133,1.9832,0.2430,0.0075,0.0119,0.1197,-0.3650,4.5413,0.2395,0.0194,0.0136,0.0780,-1.3513,0.9748
2026-09-16T20:41:38.203Z,0.2337,0.0060,0.0197,0.1574,-0.4629,6.3391,0.2469,0.0184,0.0201,0.1184,-0.6528,2.7157,0.2299,0.0332,0.0137,0.1061,-1.1763,1.3681
2026-09-16T20:41:39.211Z,0.2264,0.0097,0.0470,0.1521,-0.0851,6.5204,0.2608,0.0106,0.0104,0.1329,-0.6693,3.6797,0.2368,0.0102,0.0083,0.1369,-1.0198,3.6864
2026-09-16T20:41:40.251Z,0.2247,0.0096,0.0316,0.1033,-0.2914,6.2965,0.2582,0.0163,0.0083,0.1148,-0.5208,2.5315,0.2414,0.0276,0.0098,0.1265,-1.1612,1.6573
2026-09-16T20:41:41.272Z,0.2441,0.0163,0.0209,0.1432,-0.4517,2.9976,0.2587,0.0111,0.0077,0.1186,-0.3494,4.1951,0.2323,0.0249,0.0194,0.1199,-1.1927,1.4013
2026-09-16T20:41:42.271Z,0.2262,0.0086,0.0119,0.1511,-0.3099,4.4864,0.2530,0.0237,0.0037,0.1546,-0.7178,1.5000,0.2276,0.0068,0.0221,0.0826,-1.2238,5.8190
2026-09-16T20:41:43.256Z,0.2286,0.0084,0.0057,0.1747,0.0179,2.3061,0.2572,0.0059,0.0083,0.1385,-0.6641,2.6826,0.2324,0.0191,0.0079,0.1206,-1.2092,1.9536
2026-09-16T20:41:44.270Z,0.2330,0.0140,0.0278,0.1623,-0.2478,3.8395,0.2595,0.0183,0.0167,0.1433,-0.6930,1.6895,0.2367,0.0092,0.0145,0.1395,-1.1080,5.6109
2026-09-16T20:41:45.271Z,0.2214,0.0170,0.0088,0.1282,-0.1526,1.1388,0.2469,0.0364,0.0056,0.1132,-0.5107,0.7063,0.2296,0.0347,0.0164,0.0855,-1.4093,0.7248
2026-09-16T20:41:46.266Z,0.2235,0.0238,0.0278,0.1317,-0.0688,2.0245,0.2581,0.0147,0.0156,0.1246,-0.4020,3.0944,0.2318,0.0203,0.0046,0.1315,-1.1327,1.5420
2026-09-16T20:41:47.259Z,0.2297,0.0273,0.0339,0.1454,-0.0878,1.2682,0.2554,0.0021,0.0086,0.1209,-0.5545,10.0746,0.2276,0.0146,0.0224,0.1367,-1.1086,2.7355
2026-09-16T20:41:48.259Z,0.2359,0.0022,0.0159,0.1470,-0.2487,14.4233,0.2604,0.0119,0.0088,0.1379,-0.5916,2.4201,0.2282,0.0495,0.0160,0.1005,-1.2640,0.4914
2026-09-16T20:41:49.280Z,0.2221,0.0093,0.0185,0.1451,-0.1722,3.8607,0.2478,0.0117,0.0040,0.1258,-0.5743,2.4652,0.2285,0.0061,0.0172,0.1294,-1.0672,6.5454
2026-09-16T20:41:50.280Z,0.2236,0.0042,0.0170,0.1575,-0.0215,5.3205,0.2577,0.0256,0.0287,0.0965,-0.7550,2.9730,0.2284,0.0264,0.0158,0.1079,-1.0812,1.0846
2026-09-16T20:41:51.281Z,0.2273,0.0033,0.0067,0.1412,-0.2388,10.4960,0.2565,0.0249,0.0120,0.1294,-0.6901,0.8145,0.2255,0.0301,0.0260,0.1074,-1.1449,1.7543
2026-09-16T20:41:52.277Z,0.2249,0.0177,0.0099,0.1608,-0.5224,1.7132,0.2476,0.0262,0.0115,0.1361,-0.5459,1.3236,0.2339,0.0144,0.0136,0.1247,-1.1504,2.0764
2026-09-16T20:41:53.276Z,0.2223,0.0100,0.0065,0.1646,-0.1516,1.8855,0.2521,0.0238,0.0072,0.1366,-0.7399,2.0753,0.2183,0.0113,0.0006,0.1195,-1.0769,1.9388
2026-09-16T20:41:54.281Z,0.2231,0.0004,0.0215,0.1589,-0.4379,109.1993,0.2465,0.0143,0.0052,0.1222,-0.6094,2.2281,0.2272,0.0237,0.0091,0.1181,-1.3461,1.4281
2026-09-16T20:41:55.301Z,0.2082,0.0081,0.0084,0.1357,-0.3102,4.0141,0.2557,0.0179,0.0057,0.1510,-0.6622,2.5348,0.2190,0.0284,0.0059,0.1014,-1.0249,0.6885
2026-09-16T20:41:56.320Z,0.2103,0.0315,0.0337,0.0920,0.4669,2.1659,0.2512,0.0245,0.0255,0.1111,-0.5525,2.8382,0.2296,0.0065,0.0056,0.1221,-1.1769,7.1322
2026-09-16T20:41:57.321Z,0.2191,0.0160,0.0171,0.1186,-0.6318,2.2643,0.2467,0.0172,0.0247,0.1136,-0.4511,2.9180,0.2224,0.0317,0.0053,0.0986,-0.9269,1.4636
2026-09-16T20:41:58.321Z,0.2163,0.0140,0.0080,0.1519,0.0121,2.4956,0.2343,0.0116,0.0145,0.1141,-0.3459,2.7595,0.2237,0.0373,0.0082,0.1137,-1.1478,0.7974
2026-09-16T20:41:59.321Z,0.2287,0.0203,0.0220,0.1452,-0.2023,1.9090,0.2632,0.0118,0.0019,0.1160,-0.6827,2.2086,0.2269,0.0077,0.0163,0.1267,-1.0620,5.7992
2026-09-16T20:42:00.321Z,0.2272,0.0108,0.0070,0.1207,-0.4585,3.2724,0.2533,0.0169,0.0156,0.1089,-0.2062,2.2845,0.2201,0.0075,0.0040,0.1093,-1.3435,6.1029
2026-09-16T20:42:01.314Z,0.2049,0.0134,0.0182,0.1325,0.2056,2.2000,0.2702,0.0252,0.0027,0.1135,-0.6577,0.9322,0.2314,0.0207,0.0139,0.1156,-0.9775,1.6398
2026-09-16T20:42:02.321Z,0.2251,0.0080,0.0212,0.1188,-0.3229,3.8734,0.2501,0.0116,0.0009,0.1230,-0.5345,3.2539,0.2261,0.0368,0.0038,0.0725,-1.5269,1.0275
2026-09-16T20:42:03.313Z,0.1990,0.0079,0.0209,0.1530,0.2877,3.4337,0.2445,0.0246,0.0074,0.1136,-0.6351,1.8543,0.2188,0.0108,0.0162,0.1262,-0.8683,3.7352
2026-09-16T20:42:04.315Z,0.2236,0.0127,0.0188,0.1629,-0.5919,3.4243,0.2563,0.0149,0.0136,0.1462,-0.2880,2.4480,0.2179,0.0177,0.0099,0.1248,-1.4709,1.6947
2026-09-16T20:42:05.342Z,0.2066,0.0062,0.0136,0.1316,0.1439,7.0456,0.2431,0.0154,0.0014,0.1296,-0.5782,1.6793,0.2291,0.0085,0.0117,0.1268,-1.1251,3.3220
2026-09-16T20:42:06.381Z,0.2158,0.0086,0.0147,0.0965,-0.0709,6.6212,0.2583,0.0079,0.0155,0.0803,-0.1552,6.8400,0.2234,0.0089,0.0131,0.0837,-0.9797,4.2094
2026-09-16T20:42:07.400Z,0.2129,0.0152,0.0126,0.1307,-0.4397,1.1860,0.2467,0.0133,0.0102,0.1268,-0.6129,1.1309,0.2191,0.0300,0.0112,0.0985,-1.3977,0.7979
2026-09-16T20:42:08.394Z,0.2205,0.0191,0.0129,0.1596,0.2794,2.4496,0.2493,0.0129,0.0154,0.1282,-0.7834,4.0398,0.2227,0.0251,0.0072,0.1037,-0.9305,1.8796
2026-09-16T20:42:09.401Z,0.2105,0.0139,0.0297,0.1386,0.0160,2.4127,0.2420,0.0179,0.0076,0.1339,-0.6423,1.1262,0.2286,0.0297,0.0045,0.1427,-1.1448,0.8201
2026-09-16T20:42:10.400Z,0.2033,0.0129,0.0120,0.1158,0.7407,3.9416,0.2398,0.0206,0.0257,0.1031,-0.9008,1.6316,0.2207,0.0284,0.0059,0.1262,-1.0304,0.9894
2026-09-16T20:42:11.392Z,0.2241,0.0134,0.0282,0.1450,0.4396,2.4003,0.2311,0.0412,0.0172,0.1059,-0.6709,0.8532,0.2235,0.0057,0.0036,0.1041,-0.9077,4.7232
2026-09-16T20:42:12.398Z,0.2184,0.0126,0.0229,0.1679,0.3605,2.8256,0.2347,0.0214,0.0087,0.1029,0.0298,1.4704,0.2215,0.0194,0.0129,0.1059,-1.3487,1.5344
2026-09-16T20:42:13.412Z,0.2233,0.0186,0.0130,0.1311,-0.4207,1.9947,0.2543,0.0121,0.0087,0.1199,-0.5986,3.0973,0.2135,0.0165,0.0165,0.0929,-1.4517,2.3754
2026-09-16T20:42:14.388Z,0.2130,0.0133,0.0286,0.1082,0.4175,3.7444,0.2415,0.0128,0.0110,0.1290,-0.2002,3.9096,0.2176,0.0135,0.0101,0.0997,-1.1584,4.5669
2026-09-16T20:42:15.401Z,0.2326,0.0217,0.0175,0.1298,0.1144,1.6679,0.2415,0.0072,0.0190,0.1293,-0.5241,3.5606,0.2212,0.0187,0.0139,0.1288,-0.8749,1.6958
2026-09-16T20:42:16.441Z,0.2160,0.0095,0.0055,0.0708,0.6480,5.8680,0.2434,0.0146,0.0279,0.0892,-0.5013,3.5977,0.2179,0.0118,0.0231,0.0546,-0.9748,4.0015
2026-09-16T20:42:17.461Z,0.2286,0.0106,0.0101,0.1234,0.4636,5.8314,0.2378,0.0205,0.0192,0.0888,-0.7568,2.1109,0.2229,0.0204,0.0231,0.0866,-1.0034,2.2446
2026-09-16T20:42:18.460Z,0.2119,0.0037,0.0221,0.1345,0.8157,8.7129,0.2455,0.0156,0.0120,0.1212,-0.8400,1.5165,0.2173,0.0311,0.0032,0.1066,-0.9117,1.1607
2026-09-16T20:42:19.453Z,0.2195,0.0178,0.0147,0.1181,1.1657,1.8062,0.2461,0.0252,0.0131,0.1161,-0.8861,1.0654,0.2204,0.0226,0.0140,0.1278,-0.8239,1.0756
2026-09-16T20:42:20.460Z,0.2135,0.0069,0.0086,0.1448,0.9388,2.2700,0.2425,0.0166,0.0114,0.1234,-0.5906,2.3028,0.2166,0.0129,0.0087,0.1361,-0.7618,2.8556
2026-09-16T20:42:21.462Z,0.2330,0.0091,0.0260,0.1578,0.7460,4.3639,0.2472,0.0208,0.0232,0.1237,-0.7974,1.7650,0.2168,0.0180,0.0165,0.1218,-0.7431,1.7605
2026-09-16T20:42:22.460Z,0.2261,0.0132,0.0141,0.1486,0.6741,2.3973,0.2387,0.0103,0.0054,0.1205,-0.4005,4.6638,0.2126,0.0069,0.0055,0.1237,-0.8833,4.1327
2026-09-16T20:42:23.458Z,0.2359,0.0052,0.0205,0.1600,0.3677,6.4952,0.2515,0.0199,0.0217,0.1279,-0.5597,2.1944,0.2175,0.0140,0.0267,0.1271,-1.1768,2.6908
2026-09-16T20:42:24.456Z,0.2452,0.0105,0.0156,0.1590,0.6034,2.0918,0.2350,0.0288,0.0062,0.1050,-0.5113,1.0322,0.2129,0.0114,0.0028,0.1344,-1.1295,1.6539
2026-09-16T20:42:25.460Z,0.2258,0.0171,0.0299,0.1678,0.4239,2.3427,0.2446,0.0132,0.0157,0.1179,-0.5549,2.4180,0.2147,0.0161,0.0102,0.1226,-1.2051,1.7660
2026-09-16T20:42:26.500Z,0.2112,0.0086,0.0381,0.0946,0.7806,8.9934,0.2345,0.0239,0.0174,0.0762,-0.6489,2.3344,0.2176,0.0043,0.0159,0.0454,-1.2471,6.1354
2026-09-16T20:42:27.516Z,0.2173,0.0051,0.0171,0.1037,-0.1229,9.2353,0.2224,0.0148,0.0117,0.0815,-0.6561,3.1677,0.2163,0.0225,0.0068,0.0785,-1.3301,2.2297
2026-09-16T20:42:28.518Z,0.2264,0.0075,0.0253,0.1430,0.4685,5.6849,0.2485,0.0208,0.0149,0.1070,-0.4904,1.7225,0.2133,0.0237,0.0008,0.1081,-1.3308,1.3161
2026-09-16T20:42:29.520Z,0.2178,0.0026,0.0194,0.1363,0.2030,20.9754,0.2363,0.0172,0.0082,0.1216,-0.4054,1.5020,0.2170,0.0316,0.0133,0.1068,-1.3181,0.9923
2026-09-16T20:42:30.520Z,0.2213,0.0274,0.0272,0.1486,-0.2626,1.5275,0.2407,0.0065,0.0163,0.1312,-0.2252,4.2152,0.2191,0.0376,0.0124,0.1129,-1.3439,1.0404
2026-09-16T20:42:31.521Z,0.2295,0.0076,0.0191,0.1596,-0.1402,3.8887,0.2427,0.0142,0.0090,0.1229,-0.5436,2.3572,0.2127,0.0136,0.0088,0.1107,-1.2852,2.9455
2026-09-16T20:42:32.521Z,0.2202,0.0098,0.0292,0.1490,-0.1357,3.8136,0.2483,0.0186,0.0040,0.1229,-0.2897,1.7251,0.2147,0.0380,0.0075,0.1135,-1.3144,1.0602
2026-09-16T20:42:33.523Z,0.2279,0.0029,0.0231,0.1659,0.4052,12.2526,0.2438,0.0181,0.0044,0.1354,-0.4677,1.5474,0.2171,0.0207,0.0160,0.1479,-1.2734,1.4579
2026-09-16T20:42:34.541Z,0.2322,0.0163,0.0229,0.1558,0.4167,1.5126,0.2408,0.0253,0.0181,0.1243,-0.4755,0.9623,0.2103,0.0158,0.0178,0.1309,-1.3005,1.6722
2026-09-16T20:42:35.528Z,0.2303,0.0138,0.0130,0.1456,0.2067,1.6228,0.2455,0.0008,0.0131,0.1147,-0.6983,37.6619,0.2121,0.0131,0.0100,0.1266,-1.3523,1.8563
2026-09-16T20:42:36.560Z,0.2276,0.0100,0.0333,0.1339,0.7760,5.0445,0.2325,0.0025,0.0187,0.0929,-0.2637,10.7330,0.2077,0.0103,0.0146,0.0993,-1.2889,2.4454
2026-09-16T20:42:37.575Z,0.2290,0.0064,0.0076,0.0858,0.4940,5.7981,0.2524,0.0451,0.0020,0.0743,-0.4655,1.1921,0.2204,0.0338,0.0118,0.0734,-1.2057,1.6990
2026-09-16T20:42:38.581Z,0.2317,0.0069,0.0280,0.1506,-0.2840,6.1483,0.2299,0.0155,0.0065,0.1042,-0.4968,2.5171,0.2143,0.0177,0.0137,0.1100,-1.2722,1.4025
2026-09-16T20:42:39.581Z,0.2233,0.0109,0.0261,0.1399,0.2157,4.0051,0.2409,0.0348,0.0185,0.1100,-0.1624,1.0098,0.2225,0.0499,0.0221,0.1042,-1.2825,0.8169
2026-09-16T20:42:40.581Z,0.2119,0.0049,0.0286,0.1162,0.0538,9.1873,0.2306,0.0070,0.0174,0.0940,-0.8031,4.1877,0.2201,0.0224,0.0083,0.1020,-1.3638,1.1017
2026-09-16T20:42:41.575Z,0.2259,0.0056,0.0140,0.1419,-0.1879,8.1606,0.2209,0.0099,0.0165,0.1084,-0.1718,2.4506,0.2136,0.0205,0.0066,0.1023,-1.4191,0.8938
2026-09-16T20:42:42.576Z,0.2186,0.0054,0.0131,0.1230,-0.1334,6.9163,0.2381,0.0313,0.0100,0.0873,-0.2789,0.9413,0.2140,0.0177,0.0080,0.1004,-1.4216,0.9370
2026-09-16T20:42:43.581Z,0.2250,0.0164,0.0166,0.1475,-0.0523,2.5698,0.2261,0.0097,0.0254,0.0905,-0.4184,3.6602,0.2163,0.0303,0.0114,0.0934,-1.4808,0.7905
2026-09-16T20:42:44.578Z,0.2306,0.0065,0.0016,0.1613,-0.1835,4.5865,0.2289,0.0173,0.0119,0.1012,-0.4751,1.4385,0.2174,0.0217,0.0161,0.1070,-1.2573,1.4452
2026-09-16T20:42:45.580Z,0.2333,0.0206,0.0256,0.1618,0.0458,1.7722,0.2411,0.0050,0.0090,0.1143,-0.4697,7.7202,0.2134,0.0088,0.0211,0.1090,-1.3701,3.4226
2026-09-16T20:42:46.620Z,0.2183,0.0129,0.0198,0.1145,0.2014,5.3777,0.2359,0.0140,0.0096,0.0896,-0.3006,2.9714,0.2190,0.0218,0.0021,0.1041,-1.0219,1.6195
2026-09-16T20:42:47.638Z,0.2270,0.0316,0.0097,0.1293,0.3476,0.8692,0.2479,0.0052,0.0103,0.0951,-0.8424,7.6589,0.2095,0.0084,0.0125,0.0947,-0.9359,3.8798
2026-09-16T20:42:48.641Z,0.2195,0.0211,0.0274,0.1481,0.5924,2.0867,0.2405,0.0023,0.0127,0.1268,-0.6421,24.8234,0.2192,0.0188,0.0165,0.1214,-0.8848,1.9952
2026-09-16T20:42:49.641Z,0.2121,0.0065,0.0291,0.1435,0.4754,5.1583,0.2346,0.0280,0.0124,0.1191,-0.6820,1.4744,0.2098,0.0101,0.0180,0.1153,-0.9586,3.2096
2026-09-16T20:42:50.641Z,0.2352,0.0108,0.0106,0.1646,-0.4417,3.0376,0.2500,0.0152,0.0215,0.1258,-0.6436,2.3781,0.2153,0.0133,0.0034,0.0967,-0.9382,1.3706
2026-09-16T20:42:51.640Z,0.2487,0.0344,0.0340,0.1459,-0.4469,1.2919,0.2451,0.0054,0.0037,0.1245,-0.3277,6.4800,0.2178,0.0378,0.0123,0.1366,-1.0350,1.0365
2026-09-16T20:42:52.629Z,0.2120,0.0067,0.0301,0.1383,0.3556,7.8470,0.2420,0.0117,0.0142,0.1002,-0.5783,2.6247,0.2180,0.0191,0.0260,0.1426,-0.8891,2.8555
2026-09-16T20:42:53.641Z,0.2191,0.0058,0.0245,0.1220,-0.3476,5.0066,0.2425,0.0145,0.0267,0.1220,-0.4721,3.1224,0.2137,0.0297,0.0167,0.1028,-1.4131,0.6822
2026-09-16T20:42:54.641Z,0.2158,0.0081,0.0237,0.1341,0.4939,4.9133,0.2351,0.0187,0.0119,0.1046,-0.7454,2.3194,0.2132,0.0266,0.0174,0.1294,-1.0216,1.5014
2026-09-16T20:42:55.640Z,0.2172,0.0060,0.0239,0.1515,-0.3068,5.6882,0.2363,0.0269,0.0109,0.1150,-0.5583,0.8598,0.2143,0.0100,0.0079,0.1030,-1.2014,1.8990
2026-09-16T20:42:56.660Z,0.2152,0.0101,0.0101,0.1156,0.1126,2.9094,0.2250,0.0264,0.0179,0.0885,-0.5741,2.0284,0.2070,0.0179,0.0185,0.1143,-1.1717,1.1111
2026-09-16T20:42:57.680Z,0.2138,0.0196,0.0100,0.0948,-0.1586,1.7608,0.2266,0.0204,0.0115,0.0878,-0.5771,1.0536,0.2098,0.0204,0.0140,0.0679,-1.0647,1.1557
2026-09-16T20:42:58.699Z,0.2171,0.0201,0.0064,0.0938,-0.3065,2.9987,0.2415,0.0172,0.0223,0.1080,-0.6960,3.6215,0.2141,0.0328,0.0075,0.0862,-1.2076,0.9641
2026-09-16T20:42:59.685Z,0.2203,0.0063,0.0114,0.1442,0.1426,5.0522,0.2409,0.0257,0.0034,0.1314,-0.5080,1.6776,0.2128,0.0053,0.0066,0.1198,-1.0788,8.3175
2026-09-16T20:43:00.693Z,0.2208,0.0183,0.0293,0.1390,-0.1672,3.2534,0.2290,0.0051,0.0187,0.1167,-0.6339,5.0571,0.2094,0.0067,0.0087,0.1374,-1.2621,6.5505
2026-09-16T20:43:01.692Z,0.2124,0.0155,0.0149,0.1472,-0.1500,1.6928,0.2241,0.0063,0.0058,0.1019,-0.8210,5.4138,0.2099,0.0452,0.0074,0.1105,-1.0538,0.6917
2026-09-16T20:43:02.691Z,0.2139,0.0105,0.0070,0.1476,0.0344,2.2246,0.2243,0.0222,0.0157,0.1029,-0.4916,1.5016,0.2101,0.0167,0.0184,0.1194,-1.1236,2.2930
2026-09-16T20:43:03.701Z,0.2176,0.0130,0.0216,0.1541,-0.3632,2.9009,0.2439,0.0326,0.0077,0.1424,-0.5514,0.7973,0.2110,0.0142,0.0170,0.1038,-1.0586,3.0239
2026-09-16T20:43:04.694Z,0.2092,0.0138,0.0093,0.1170,-0.0502,2.1972,0.2441,0.0144,0.0148,0.1021,-0.5534,2.0143,0.2072,0.0232,0.0070,0.1056,-0.9989,1.4863
2026-09-16T20:43:05.700Z,0.2161,0.0152,0.0218,0.1436,-0.6084,3.3740,0.2218,0.0109,0.0100,0.1054,-0.5368,2.2160,0.2043,0.0242,0.0097,0.1129,-1.3653,0.9961
2026-09-16T20:43:06.712Z,0.2153,0.0086,0.0223,0.1389,-0.2310,4.7891,0.2365,0.0254,0.0018,0.1045,-0.4181,1.3710,0.2129,0.0118,0.0090,0.1094,-0.9208,2.1210
2026-09-16T20:43:07.753Z,0.2280,0.0220,0.0327,0.0728,-0.3458,3.1158,0.2171,0.0097,0.0193,0.0519,-0.5538,4.4556,0.2194,0.0121,0.0112,0.0540,-1.0965,2.8242
2026-09-16T20:43:08.781Z,0.2170,0.0064,0.0415,0.1314,-0.3636,10.7425,0.2203,0.0219,0.0049,0.0696,-0.0263,1.5719,0.2083,0.0190,0.0104,0.0853,-1.1014,1.3759
2026-09-16T20:43:09.773Z,0.2145,0.0200,0.0148,0.1374,-0.0097,1.5698,0.2244,0.0358,0.0152,0.1071,-0.4217,0.7160,0.2115,0.0077,0.0049,0.1256,-1.2629,3.0346
2026-09-16T20:43:10.774Z,0.2263,0.0260,0.0152,0.1336,-0.1975,1.2614,0.2610,0.0144,0.0118,0.1041,-0.5306,3.4358,0.2061,0.0314,0.0168,0.1090,-1.1911,1.1069
2026-09-16T20:43:11.794Z,0.2270,0.0241,0.0242,0.1472,-0.3897,1.7745,0.2316,0.0043,0.0110,0.1072,-0.6885,13.7246,0.2182,0.0240,0.0223,0.1048,-1.0853,1.3032
2026-09-16T20:43:12.765Z,0.2139,0.0079,0.0229,0.1118,-0.4024,5.7474,0.2153,0.0248,0.0085,0.1075,-0.6923,0.6770,0.2156,0.0120,0.0026,0.1035,-1.1425,2.5376
2026-09-16T20:43:13.781Z,0.2169,0.0274,0.0087,0.1145,-0.1283,0.7785,0.2302,0.0181,0.0058,0.1045,-0.6191,0.5579,0.2232,0.0245,0.0095,0.1434,-1.2575,1.3384
2026-09-16T20:43:14.771Z,0.2297,0.0184,0.0053,0.1205,-0.4779,2.5733,0.2142,0.0045,0.0219,0.0922,-0.2877,7.9023,0.2113,0.0332,0.0199,0.1071,-1.1192,1.3552
2026-09-16T20:43:15.772Z,0.2236,0.0066,0.0262,0.1486,-0.2891,7.0870,0.2282,0.0224,0.0229,0.1123,-0.7136,2.1133,0.2059,0.0251,0.0193,0.0921,-1.2334,0.9892
2026-09-16T20:43:20.297Z,0.0147,0.0017,0.0016,0.0016,0.8655,1.0601,0.0202,0.0043,0.0021,0.0014,-1.1754,0.6053,0.0130,0.0009,0.0041,0.0031,7.1838,5.4289
2026-09-16T20:43:21.310Z,0.0182,0.0005,0.0006,0.0013,-1.7951,1.5654,0.0211,0.0006,0.0007,0.0005,-1.8699,1.5298,0.0000,0.0000,0.0000,0.0000,0.0000,0.0000
2026-09-16T20:43:22.307Z,0.0172,0.0008,0.0009,0.0007,2.3676,1.5851,0.0196,0.0030,0.0010,0.0016,-1.8453,0.5968,0.0134,0.0008,0.0022,0.0035,5.7103,4.2070
2026-09-16T20:43:23.338Z,0.0235,0.0027,0.0029,0.0052,4.1357,2.4483,0.0226,0.0031,0.0030,0.0033,-0.6942,1.4159,0.0171,0.0032,0.0017,0.0034,0.5101,1.1931
2026-09-16T20:43:24.357Z,0.0189,0.0024,0.0031,0.0020,-0.0519,1.5091,0.0203,0.0035,0.0007,0.0012,-0.9066,0.3141,0.0188,0.0020,0.0021,0.0019,1.1873,1.4074
2026-09-16T20:43:25.376Z,0.0190,0.0024,0.0015,0.0018,-0.4164,0.8313,0.0266,0.0015,0.0011,0.0020,-0.3392,1.9387,0.0170,0.0001,0.0000,0.0001,3.1304,0.9819
2026-09-16T20:43:26.397Z,0.0174,0.0026,0.0016,0.0017,-1.3025,0.8665,0.0210,0.0014,0.0019,0.0024,-0.3284,2.4185,0.0165,0.0017,0.0008,0.0009,0.7454,0.8968
2026-09-16T20:43:27.409Z,0.0186,0.0019,0.0016,0.0025,-1.4139,1.6745,0.0202,0.0030,0.0009,0.0017,-1.9103,0.6060,0.0115,0.0018,0.0000,0.0006,8.7079,0.4165
2026-09-16T20:43:28.437Z,0.0176,0.0023,0.0018,0.0018,3.6038,1.0676,0.0225,0.0023,0.0004,0.0020,-0.9864,0.8800,0.0142,0.0012,0.0012,0.0015,5.7580,1.4400
2026-09-16T20:43:32.877Z,0.0136,0.0007,0.0006,0.0009,3.0384,1.2559,0.0217,0.0034,0.0011,0.0018,-1.0982,0.3987,0.0174,0.0020,0.0013,0.0023,0.3609,1.1637
2026-09-16T20:43:33.898Z,0.0167,0.0026,0.0018,0.0021,2.2184,1.0872,0.0194,0.0013,0.0010,0.0010,-1.9365,1.0277,0.0153,0.0030,0.0007,0.0012,2.1092,0.3249
2026-09-16T20:43:34.918Z,0.0158,0.0005,0.0003,0.0002,28.3643,0.8273,0.0193,0.0023,0.0005,0.0015,-0.9422,0.4443,0.0175,0.0034,0.0014,0.0020,0.4594,0.7678
2026-09-16T20:43:35.937Z,0.0160,0.0008,0.0000,0.0003,6.2100,0.4273,0.0192,0.0018,0.0008,0.0010,-0.7693,0.7147,0.0149,0.0004,0.0011,0.0016,8.1575,4.6730
2026-09-16T20:43:36.958Z,0.0228,0.0018,0.0020,0.0015,1.1578,1.3734,0.0489,0.0035,0.0008,0.0015,1.3511,0.4473,0.0215,0.0018,0.0012,0.0016,1.9045,1.0270
2026-09-16T20:43:37.958Z,0.0296,0.0026,0.0010,0.0019,0.0310,0.8194,0.0535,0.0028,0.0026,0.0027,-0.5945,1.0848,0.0199,0.0014,0.0009,0.0016,1.7665,1.3251
2026-09-16T20:43:38.943Z,0.0301,0.0034,0.0009,0.0022,2.0099,0.5643,0.0350,0.0048,0.0011,0.0021,-0.4102,0.3724,0.0210,0.0032,0.0024,0.0028,1.0854,1.0274
2026-09-16T20:43:39.956Z,0.0187,0.0038,0.0008,0.0017,-1.3838,0.5797,0.0213,0.0024,0.0027,0.0021,-1.4720,1.2710,0.0180,0.0015,0.0012,0.0013,0.3213,1.0570
